h1_window_id,nba_game_id,series_id,period,index_end_clock_seconds,home_score_differential_after_index,lag5_signed_net_points,home_control_indicator,away_control_indicator,future5_signed_net_points,h1_y10_model_eligible,future10_signed_net_points,future5_structural_failure_differential
H1W00001,0042500101,DET-ORL,1,634,-3,0,false,true,-2,True,-5,0
H1W00002,0042500101,DET-ORL,1,613,-3,-3,false,true,-2,True,-5,0
H1W00003,0042500101,DET-ORL,1,603,-5,0,false,true,2,True,-5,0
H1W00004,0042500101,DET-ORL,1,564,-5,-2,false,true,-1,True,-5,0
H1W00005,0042500101,DET-ORL,1,558,-5,-2,false,true,-1,True,-8,-2
H1W00006,0042500101,DET-ORL,1,553,-5,-5,false,true,-3,True,-5,-1
H1W00007,0042500101,DET-ORL,1,530,-5,-2,false,true,-3,True,-5,-1
H1W00008,0042500101,DET-ORL,1,509,-6,-1,false,true,-7,True,-2,-1
H1W00009,0042500101,DET-ORL,1,507,-8,-1,false,true,-2,True,-2,-1
H1W00010,0042500101,DET-ORL,1,491,-8,-3,false,true,-2,True,-2,-1
H1W00011,0042500101,DET-ORL,1,469,-10,-3,false,true,0,True,-2,-1
H1W00012,0042500101,DET-ORL,1,322,-12,-2,false,false,3,True,3,-1
H1W00013,0042500101,DET-ORL,1,316,-9,-4,false,false,-2,True,2,-1
H1W00014,0042500101,DET-ORL,1,291,-9,1,false,false,0,True,2,-1
H1W00015,0042500101,DET-ORL,1,239,-11,3,false,true,4,True,4,0
H1W00016,0042500101,DET-ORL,1,225,-9,-2,false,true,2,True,4,0
H1W00017,0042500101,DET-ORL,1,220,-12,0,false,true,7,True,7,0
H1W00018,0042500101,DET-ORL,1,208,-9,-3,false,true,4,True,7,0
H1W00019,0042500101,DET-ORL,1,192,-9,0,false,true,4,True,5,-1
H1W00020,0042500101,DET-ORL,1,186,-7,0,true,false,0,True,3,-1
H1W00021,0042500101,DET-ORL,1,159,-7,4,true,false,2,True,1,-1
H1W00022,0042500101,DET-ORL,1,152,-5,2,true,false,0,True,-1,-1
H1W00023,0042500101,DET-ORL,1,128,-5,7,true,false,3,True,-3,-1
H1W00024,0042500101,DET-ORL,1,121,-5,4,true,false,1,True,-3,0
H1W00025,0042500101,DET-ORL,1,117,-7,4,true,false,3,False,,0
H1W00026,0042500101,DET-ORL,1,109,-5,0,true,false,-1,False,,0
H1W00027,0042500101,DET-ORL,1,91,-5,2,true,false,-1,False,,0
H1W00028,0042500101,DET-ORL,1,79,-2,0,true,false,-6,False,,0
H1W00029,0042500101,DET-ORL,1,63,-4,3,true,false,-4,False,,0
H1W00030,0042500101,DET-ORL,2,650,-4,2,false,false,-3,True,-4,0
H1W00031,0042500101,DET-ORL,2,629,-6,4,false,false,0,True,-3,0
H1W00032,0042500101,DET-ORL,2,602,-6,2,false,false,-2,True,-1,0
H1W00033,0042500101,DET-ORL,2,540,-6,-3,true,false,-3,True,1,0
H1W00034,0042500101,DET-ORL,2,518,-8,0,true,false,1,True,3,0
H1W00035,0042500101,DET-ORL,2,507,-6,-2,true,false,-1,True,2,1
H1W00036,0042500101,DET-ORL,2,495,-8,0,true,false,3,True,4,1
H1W00037,0042500101,DET-ORL,2,474,-8,-4,true,false,1,True,4,1
H1W00038,0042500101,DET-ORL,2,365,-5,1,true,false,1,True,1,1
H1W00039,0042500101,DET-ORL,2,340,-5,4,true,false,3,True,1,1
H1W00040,0042500101,DET-ORL,2,333,-4,2,true,false,2,True,2,2
H1W00041,0042500101,DET-ORL,2,313,-4,3,true,false,2,True,2,1
H1W00042,0042500101,DET-ORL,2,299,-4,1,true,false,0,True,2,1
H1W00043,0042500101,DET-ORL,2,296,-4,3,true,false,0,True,-1,0
H1W00044,0042500101,DET-ORL,2,282,-2,1,true,false,-2,True,-2,1
H1W00045,0042500101,DET-ORL,2,273,-2,3,true,false,0,True,-2,0
H1W00046,0042500101,DET-ORL,2,269,-2,2,true,false,0,True,-1,2
H1W00047,0042500101,DET-ORL,2,258,-4,2,true,false,2,True,1,2
H1W00048,0042500101,DET-ORL,2,232,-4,0,true,false,-1,True,1,2
H1W00049,0042500101,DET-ORL,2,221,-4,0,true,false,0,True,1,1
H1W00050,0042500101,DET-ORL,2,214,-2,-2,true,false,-2,True,1,1
H1W00051,0042500101,DET-ORL,2,198,-2,0,true,false,-1,True,1,0
H1W00052,0042500101,DET-ORL,2,190,-2,0,true,false,-1,True,1,0
H1W00053,0042500101,DET-ORL,2,182,-5,2,true,false,2,True,1,0
H1W00054,0042500101,DET-ORL,2,156,-4,-1,true,false,1,True,0,1
H1W00055,0042500101,DET-ORL,2,136,-4,0,true,false,3,True,0,1
H1W00056,0042500101,DET-ORL,2,129,-3,-2,true,false,2,True,-1,1
H1W00057,0042500101,DET-ORL,2,105,-3,-1,true,false,2,False,,1
H1W00058,0042500101,DET-ORL,2,97,-3,-1,true,false,-1,False,,1
H1W00059,0042500101,DET-ORL,2,88,-3,2,true,false,-1,False,,0
H1W00060,0042500101,DET-ORL,2,83,-1,1,true,false,-3,False,,0
H1W00061,0042500101,DET-ORL,2,59,-1,3,true,false,-3,False,,0
H1W00062,0042500101,DET-ORL,3,575,-11,-3,false,true,8,True,9,0
H1W00063,0042500101,DET-ORL,3,562,-9,-6,false,true,6,True,7,0
H1W00064,0042500101,DET-ORL,3,537,-9,-2,false,true,8,True,4,0
H1W00065,0042500101,DET-ORL,3,526,-6,-2,true,false,3,True,3,0
H1W00066,0042500101,DET-ORL,3,505,-6,3,true,false,6,True,3,0
H1W00067,0042500101,DET-ORL,3,497,-3,3,true,false,1,True,1,0
H1W00068,0042500101,DET-ORL,3,474,-3,8,true,false,1,True,-1,0
H1W00069,0042500101,DET-ORL,3,465,-1,6,true,false,-4,True,-3,0
H1W00070,0042500101,DET-ORL,3,443,-3,8,true,false,0,True,-3,0
H1W00071,0042500101,DET-ORL,3,424,0,3,true,false,-3,True,-6,0
H1W00072,0042500101,DET-ORL,3,402,-2,6,true,false,0,True,-7,0
H1W00073,0042500101,DET-ORL,3,388,-2,1,false,true,-2,True,-7,0
H1W00074,0042500101,DET-ORL,3,381,-5,1,false,true,1,True,-6,-1
H1W00075,0042500101,DET-ORL,3,365,-3,-4,false,true,-3,True,-8,-1
H1W00076,0042500101,DET-ORL,3,339,-3,0,false,true,-3,True,-8,-1
H1W00077,0042500101,DET-ORL,3,337,-2,-3,true,false,-7,True,-7,-1
H1W00078,0042500101,DET-ORL,3,319,-4,0,true,false,-5,True,-5,-1
H1W00079,0042500101,DET-ORL,3,311,-4,-2,true,false,-7,True,-5,0
H1W00080,0042500101,DET-ORL,3,294,-6,1,true,false,-5,True,-3,-1
H1W00081,0042500101,DET-ORL,3,264,-6,-3,true,false,-5,True,-1,0
H1W00082,0042500101,DET-ORL,3,249,-9,-3,false,true,0,True,0,0
H1W00083,0042500101,DET-ORL,3,228,-9,-7,false,true,0,True,2,0
H1W00084,0042500101,DET-ORL,3,224,-11,-5,false,true,2,True,4,0
H1W00085,0042500101,DET-ORL,3,198,-11,-7,false,true,2,True,4,2
H1W00086,0042500101,DET-ORL,3,175,-11,-5,false,true,4,True,4,1
H1W00087,0042500101,DET-ORL,3,156,-9,-5,false,true,0,False,,1
H1W00088,0042500101,DET-ORL,3,125,-9,0,false,true,2,False,,1
H1W00089,0042500101,DET-ORL,3,100,-9,0,false,true,2,False,,1
H1W00090,0042500101,DET-ORL,3,86,-9,2,true,false,2,False,,-1
H1W00091,0042500101,DET-ORL,3,86,-7,2,true,false,0,False,,-1
H1W00092,0042500101,DET-ORL,4,632,-7,0,true,false,3,True,-1,0
H1W00093,0042500101,DET-ORL,4,620,-4,0,true,false,-2,True,-2,0
H1W00094,0042500101,DET-ORL,4,591,-7,5,true,false,1,True,1,-1
H1W00095,0042500101,DET-ORL,4,571,-5,0,true,false,-3,True,1,-1
H1W00096,0042500101,DET-ORL,4,552,-7,4,true,false,1,True,0,-1
H1W00097,0042500101,DET-ORL,4,534,-4,0,true,false,-4,True,-3,-1
H1W00098,0042500101,DET-ORL,4,517,-6,3,true,false,0,True,-3,-1
H1W00099,0042500101,DET-ORL,4,368,-9,1,false,true,1,True,0,-1
H1W00100,0042500101,DET-ORL,4,347,-8,-3,false,true,0,True,-1,-1
H1W00101,0042500101,DET-ORL,4,322,-8,-2,false,true,0,True,-2,-1
H1W00102,0042500101,DET-ORL,4,182,-10,-1,false,true,-2,True,0,1
H1W00103,0042500101,DET-ORL,4,162,-10,-2,false,true,-2,True,0,1
H1W00104,0042500101,DET-ORL,4,147,-10,-2,false,true,0,True,-2,0
H1W00105,0042500101,DET-ORL,4,139,-10,-3,false,true,0,True,-2,0
H1W00106,0042500101,DET-ORL,4,133,-12,-1,false,true,4,False,,0
H1W00107,0042500101,DET-ORL,4,118,-12,-3,false,true,2,False,,0
H1W00108,0042500101,DET-ORL,4,98,-12,-2,false,true,2,False,,-1
H1W00109,0042500101,DET-ORL,4,93,-10,-2,false,true,-2,False,,-1
H1W00110,0042500101,DET-ORL,4,72,-10,0,false,true,-2,False,,-1
H1W00111,0042500102,DET-ORL,1,606,4,4,true,false,-2,True,-2,-1
H1W00112,0042500102,DET-ORL,1,583,4,4,true,false,-2,True,-2,-2
H1W00113,0042500102,DET-ORL,1,571,4,2,true,false,-2,True,-2,-1
H1W00114,0042500102,DET-ORL,1,561,2,2,true,false,2,True,-2,-1
H1W00115,0042500102,DET-ORL,1,548,2,-3,true,false,0,True,0,-1
H1W00116,0042500102,DET-ORL,1,541,2,-2,true,false,0,True,0,-2
H1W00117,0042500102,DET-ORL,1,541,2,-2,false,true,0,True,3,-1
H1W00118,0042500102,DET-ORL,1,532,2,-2,false,true,0,True,3,-1
H1W00119,0042500102,DET-ORL,1,515,4,-2,false,true,-4,True,3,-1
H1W00120,0042500102,DET-ORL,1,507,2,2,false,true,0,True,1,-1
H1W00121,0042500102,DET-ORL,1,403,7,3,true,false,0,True,-2,0
H1W00122,0042500102,DET-ORL,1,386,3,7,true,false,4,True,0,0
H1W00123,0042500102,DET-ORL,1,362,5,1,true,false,2,True,-2,1
H1W00124,0042500102,DET-ORL,1,344,5,3,true,false,2,True,-4,1
H1W00125,0042500102,DET-ORL,1,340,7,0,true,false,-2,True,-4,1
H1W00126,0042500102,DET-ORL,1,314,7,2,true,false,-2,True,-6,0
H1W00127,0042500102,DET-ORL,1,305,7,0,true,false,-4,True,-6,0
H1W00128,0042500102,DET-ORL,1,299,7,4,true,false,-4,True,-6,-1
H1W00129,0042500102,DET-ORL,1,279,7,2,true,false,-6,True,-6,-1
H1W00130,0042500102,DET-ORL,1,279,5,2,true,false,-2,True,-4,-1
H1W00131,0042500102,DET-ORL,1,261,5,-2,false,true,-4,True,-4,0
H1W00132,0042500102,DET-ORL,1,256,3,-2,false,true,-2,True,-4,-1
H1W00133,0042500102,DET-ORL,1,241,3,-4,false,true,-2,True,-2,0
H1W00134,0042500102,DET-ORL,1,219,1,-4,false,true,0,True,0,-1
H1W00135,0042500102,DET-ORL,1,205,3,-6,false,true,-2,True,-2,-1
H1W00136,0042500102,DET-ORL,1,192,1,-2,false,true,0,True,0,-2
H1W00137,0042500102,DET-ORL,1,174,1,-4,false,true,-2,True,3,-1
H1W00138,0042500102,DET-ORL,1,157,1,-2,false,true,0,True,3,-2
H1W00139,0042500102,DET-ORL,1,131,1,-2,false,true,0,True,3,-1
H1W00140,0042500102,DET-ORL,1,123,1,0,false,true,0,False,,-2
H1W00141,0042500102,DET-ORL,1,117,1,-2,false,true,0,False,,0
H1W00142,0042500102,DET-ORL,1,114,-1,0,false,true,5,False,,0
H1W00143,0042500102,DET-ORL,1,85,1,-2,false,true,3,False,,0
H1W00144,0042500102,DET-ORL,1,68,1,0,false,true,3,False,,0
H1W00145,0042500102,DET-ORL,2,603,8,4,true,false,0,True,-4,0
H1W00146,0042500102,DET-ORL,2,598,8,4,true,false,-2,True,-2,1
H1W00147,0042500102,DET-ORL,2,595,6,4,true,false,0,True,-3,1
H1W00148,0042500102,DET-ORL,2,564,8,0,true,false,-4,True,-5,1
H1W00149,0042500102,DET-ORL,2,535,8,2,true,false,-4,True,-5,0
H1W00150,0042500102,DET-ORL,2,527,8,0,true,false,-4,True,-5,0
H1W00151,0042500102,DET-ORL,2,520,6,0,true,false,0,True,-3,0
H1W00152,0042500102,DET-ORL,2,502,6,-2,true,false,-3,True,-3,0
H1W00153,0042500102,DET-ORL,2,496,4,0,true,false,-1,True,-1,-1
H1W00154,0042500102,DET-ORL,2,488,4,-4,true,false,-1,True,-1,0
H1W00155,0042500102,DET-ORL,2,466,4,-4,true,false,-1,True,-3,0
H1W00156,0042500102,DET-ORL,2,446,6,-4,true,false,-3,True,-5,1
H1W00157,0042500102,DET-ORL,2,425,3,0,true,false,0,True,-2,1
H1W00158,0042500102,DET-ORL,2,363,3,0,true,false,0,True,-3,0
H1W00159,0042500102,DET-ORL,2,336,3,0,true,false,-3,True,-1,0
H1W00160,0042500102,DET-ORL,2,322,1,0,true,false,0,True,0,0
H1W00161,0042500102,DET-ORL,2,309,1,-2,true,false,-2,True,2,0
H1W00162,0042500102,DET-ORL,2,294,1,-2,true,false,-1,True,-1,0
H1W00163,0042500102,DET-ORL,2,286,3,-2,true,false,-3,True,-1,0
H1W00164,0042500102,DET-ORL,2,269,0,0,true,false,2,True,1,0
H1W00165,0042500102,DET-ORL,2,248,1,-3,true,false,0,True,2,0
H1W00166,0042500102,DET-ORL,2,229,-1,0,true,false,4,True,2,0
H1W00167,0042500102,DET-ORL,2,213,0,-2,true,false,0,True,2,0
H1W00168,0042500102,DET-ORL,2,190,0,-1,true,false,2,True,0,0
H1W00169,0042500102,DET-ORL,2,171,2,-3,true,false,-1,True,-2,0
H1W00170,0042500102,DET-ORL,2,155,1,2,true,false,2,True,-1,0
H1W00171,0042500102,DET-ORL,2,135,3,0,true,false,-2,False,,0
H1W00172,0042500102,DET-ORL,2,121,0,4,true,false,2,False,,0
H1W00173,0042500102,DET-ORL,2,103,2,0,true,false,-2,False,,0
H1W00174,0042500102,DET-ORL,2,94,1,2,true,false,-1,False,,-1
H1W00175,0042500102,DET-ORL,2,73,3,-1,false,false,-3,False,,-1
H1W00176,0042500102,DET-ORL,3,604,6,6,true,false,4,True,9,1
H1W00177,0042500102,DET-ORL,3,601,9,4,true,false,1,True,6,1
H1W00178,0042500102,DET-ORL,3,580,9,7,true,false,3,True,6,0
H1W00179,0042500102,DET-ORL,3,554,11,5,true,false,1,True,7,0
H1W00180,0042500102,DET-ORL,3,534,8,7,true,false,7,True,10,0
H1W00181,0042500102,DET-ORL,3,519,10,2,true,false,5,True,10,1
H1W00182,0042500102,DET-ORL,3,498,10,4,true,false,5,True,10,1
H1W00183,0042500102,DET-ORL,3,475,12,1,true,false,3,True,12,1
H1W00184,0042500102,DET-ORL,3,452,12,3,true,false,6,True,12,1
H1W00185,0042500102,DET-ORL,3,442,15,1,true,false,3,True,9,2
H1W00186,0042500102,DET-ORL,3,417,15,7,true,false,5,True,9,1
H1W00187,0042500102,DET-ORL,3,402,15,5,true,false,5,True,9,1
H1W00188,0042500102,DET-ORL,3,394,15,5,true,false,9,True,9,1
H1W00189,0042500102,DET-ORL,3,390,18,3,true,false,6,True,7,2
H1W00190,0042500102,DET-ORL,3,382,18,6,true,false,6,True,7,0
H1W00191,0042500102,DET-ORL,3,376,20,3,true,false,4,True,7,1
H1W00192,0042500102,DET-ORL,3,356,20,5,true,false,4,True,6,1
H1W00193,0042500102,DET-ORL,3,341,24,5,true,false,0,True,2,1
H1W00194,0042500102,DET-ORL,3,330,24,9,true,false,1,True,0,0
H1W00195,0042500102,DET-ORL,3,323,24,6,true,false,1,True,0,1
H1W00196,0042500102,DET-ORL,3,318,24,6,true,false,3,True,0,0
H1W00197,0042500102,DET-ORL,3,304,24,4,true,false,2,True,0,0
H1W00198,0042500102,DET-ORL,3,286,24,4,true,false,2,True,0,-1
H1W00199,0042500102,DET-ORL,3,286,25,0,true,false,-1,True,2,-1
H1W00200,0042500102,DET-ORL,3,122,24,0,false,false,0,False,,0
H1W00201,0042500102,DET-ORL,3,119,27,0,false,false,-5,False,,0
H1W00202,0042500102,DET-ORL,4,646,20,-2,false,true,0,True,0,0
H1W00203,0042500102,DET-ORL,4,636,18,-2,false,true,2,True,0,-1
H1W00204,0042500102,DET-ORL,4,614,20,-4,false,true,0,True,-1,-1
H1W00205,0042500102,DET-ORL,4,596,20,0,false,true,2,True,-1,-1
H1W00206,0042500102,DET-ORL,4,567,20,0,false,true,0,True,-1,-1
H1W00207,0042500102,DET-ORL,4,559,20,0,false,true,0,True,-1,-1
H1W00208,0042500102,DET-ORL,4,546,20,0,false,true,-2,True,1,0
H1W00209,0042500102,DET-ORL,4,538,20,2,false,true,-1,True,1,0
H1W00210,0042500102,DET-ORL,4,533,22,0,false,true,-3,True,-1,0
H1W00211,0042500102,DET-ORL,4,511,20,2,false,true,-1,True,1,-1
H1W00212,0042500102,DET-ORL,4,489,20,0,false,true,-1,True,1,-1
H1W00213,0042500102,DET-ORL,4,485,18,0,false,true,3,True,0,-1
H1W00214,0042500102,DET-ORL,4,466,19,-2,false,true,2,True,1,-1
H1W00215,0042500102,DET-ORL,4,452,19,-1,false,true,2,True,1,-1
H1W00216,0042500102,DET-ORL,4,437,19,-3,false,true,2,True,1,1
H1W00217,0042500102,DET-ORL,4,424,19,-1,false,true,2,True,-1,0
H1W00218,0042500102,DET-ORL,4,407,21,-1,false,true,-3,True,-3,0
H1W00219,0042500102,DET-ORL,4,392,21,3,false,false,-1,True,-3,0
H1W00220,0042500102,DET-ORL,4,344,18,2,false,true,0,True,-3,0
H1W00221,0042500102,DET-ORL,4,330,20,-3,false,true,-2,True,-5,0
H1W00222,0042500102,DET-ORL,4,318,20,-1,false,true,-2,True,-5,0
H1W00223,0042500102,DET-ORL,4,286,20,-1,false,true,-4,True,-5,0
H1W00224,0042500102,DET-ORL,4,271,18,-1,false,true,0,True,-3,0
H1W00225,0042500102,DET-ORL,4,233,18,-3,false,true,-3,True,-1,0
H1W00226,0042500102,DET-ORL,4,227,18,0,false,false,-3,True,-4,-1
H1W00227,0042500102,DET-ORL,4,193,18,-2,false,false,-3,True,-3,-1
H1W00228,0042500102,DET-ORL,4,139,15,-3,false,true,-1,False,,0
H1W00229,0042500102,DET-ORL,4,129,15,-3,false,true,0,False,,0
H1W00230,0042500102,DET-ORL,4,94,15,-3,false,true,0,False,,0
H1W00231,0042500102,DET-ORL,4,87,15,-1,false,true,0,False,,-1
H1W00232,0042500102,DET-ORL,4,66,17,-3,false,true,-2,False,,-1
H1W00233,0042500103,DET-ORL,1,624,-2,1,false,false,3,True,7,0
H1W00234,0042500103,DET-ORL,1,605,-2,-4,false,false,3,True,10,0
H1W00235,0042500103,DET-ORL,1,585,-2,-4,false,false,5,True,10,0
H1W00236,0042500103,DET-ORL,1,578,0,-4,false,false,3,True,8,0
H1W00237,0042500103,DET-ORL,1,559,-2,1,false,false,7,True,10,0
H1W00238,0042500103,DET-ORL,1,521,3,3,true,false,5,True,5,1
H1W00239,0042500103,DET-ORL,1,500,3,5,true,false,5,True,3,0
H1W00240,0042500103,DET-ORL,1,481,5,3,true,false,3,True,1,0
H1W00241,0042500103,DET-ORL,1,461,5,7,true,false,3,True,-1,-1
H1W00242,0042500103,DET-ORL,1,447,8,4,true,false,0,True,-2,-1
H1W00243,0042500103,DET-ORL,1,426,8,7,true,false,0,True,-4,-1
H1W00244,0042500103,DET-ORL,1,426,8,5,true,false,-2,True,-4,0
H1W00245,0042500103,DET-ORL,1,419,8,5,true,false,-2,True,-6,-1
H1W00246,0042500103,DET-ORL,1,415,8,3,true,false,-4,True,-6,-1
H1W00247,0042500103,DET-ORL,1,405,8,3,true,false,-2,True,-8,-1
H1W00248,0042500103,DET-ORL,1,391,8,0,true,false,-4,True,-8,-1
H1W00249,0042500103,DET-ORL,1,391,6,0,true,false,-2,True,-6,-1
H1W00250,0042500103,DET-ORL,1,388,6,-2,false,true,-4,True,-6,0
H1W00251,0042500103,DET-ORL,1,384,4,-2,false,true,-2,True,-4,0
H1W00252,0042500103,DET-ORL,1,354,6,-4,false,true,-6,True,-4,0
H1W00253,0042500103,DET-ORL,1,344,4,-2,false,true,-4,True,-2,0
H1W00254,0042500103,DET-ORL,1,331,4,-4,false,true,-4,True,-2,0
H1W00255,0042500103,DET-ORL,1,327,2,-2,false,true,-2,True,0,0
H1W00256,0042500103,DET-ORL,1,306,2,-4,false,true,-2,True,1,1
H1W00257,0042500103,DET-ORL,1,298,0,-2,false,true,2,True,0,1
H1W00258,0042500103,DET-ORL,1,266,0,-6,false,true,2,True,0,2
H1W00259,0042500103,DET-ORL,1,255,0,-4,false,true,2,True,-2,2
H1W00260,0042500103,DET-ORL,1,246,0,-4,false,true,2,True,-2,3
H1W00261,0042500103,DET-ORL,1,242,0,-2,false,true,3,True,-2,2
H1W00262,0042500103,DET-ORL,1,241,2,-2,true,false,-2,True,-1,2
H1W00263,0042500103,DET-ORL,1,223,2,2,true,false,-2,True,-4,1
H1W00264,0042500103,DET-ORL,1,205,2,2,true,false,-4,True,-4,1
H1W00265,0042500103,DET-ORL,1,66,-2,-2,false,true,2,False,,2
H1W00266,0042500103,DET-ORL,2,617,2,2,true,false,-3,True,-2,0
H1W00267,0042500103,DET-ORL,2,606,-1,2,true,false,0,True,1,-1
H1W00268,0042500103,DET-ORL,2,584,-1,-3,false,true,-2,True,4,-1
H1W00269,0042500103,DET-ORL,2,575,-4,-1,false,true,4,True,7,-1
H1W00270,0042500103,DET-ORL,2,558,-1,-6,false,true,1,True,7,-1
H1W00271,0042500103,DET-ORL,2,528,-1,-3,false,true,1,True,4,-1
H1W00272,0042500103,DET-ORL,2,523,-1,-3,false,true,1,True,6,0
H1W00273,0042500103,DET-ORL,2,516,-3,0,false,true,6,True,8,0
H1W00274,0042500103,DET-ORL,2,490,0,-2,false,true,3,True,7,0
H1W00275,0042500103,DET-ORL,2,471,0,4,false,true,6,True,5,0
H1W00276,0042500103,DET-ORL,2,449,0,1,false,true,3,True,7,0
H1W00277,0042500103,DET-ORL,2,441,0,1,true,false,5,True,5,0
H1W00278,0042500103,DET-ORL,2,436,3,1,true,false,2,True,2,0
H1W00279,0042500103,DET-ORL,2,414,3,6,true,false,4,True,4,0
H1W00280,0042500103,DET-ORL,2,410,6,3,true,false,-1,True,1,0
H1W00281,0042500103,DET-ORL,2,392,3,6,true,false,4,True,4,0
H1W00282,0042500103,DET-ORL,2,372,5,3,true,false,0,True,2,0
H1W00283,0042500103,DET-ORL,2,347,5,5,true,false,0,True,2,0
H1W00284,0042500103,DET-ORL,2,337,7,2,true,false,0,True,-2,0
H1W00285,0042500103,DET-ORL,2,320,5,4,true,false,2,True,2,1
H1W00286,0042500103,DET-ORL,2,308,7,-1,true,false,0,True,-1,1
H1W00287,0042500103,DET-ORL,2,296,5,4,true,false,2,True,3,1
H1W00288,0042500103,DET-ORL,2,284,5,0,true,false,2,True,3,1
H1W00289,0042500103,DET-ORL,2,272,7,0,true,false,-2,True,1,1
H1W00290,0042500103,DET-ORL,2,266,7,0,false,false,0,True,-1,0
H1W00291,0042500103,DET-ORL,3,607,6,3,true,false,5,True,4,0
H1W00292,0042500103,DET-ORL,3,600,9,3,true,false,0,True,2,0
H1W00293,0042500103,DET-ORL,3,589,9,6,true,false,3,True,2,0
H1W00294,0042500103,DET-ORL,3,584,11,6,true,false,1,True,0,0
H1W00295,0042500103,DET-ORL,3,560,9,8,true,false,3,True,-1,0
H1W00296,0042500103,DET-ORL,3,550,11,3,true,false,-1,True,-3,0
H1W00297,0042500103,DET-ORL,3,537,9,5,true,false,2,True,-1,0
H1W00298,0042500103,DET-ORL,3,512,12,0,true,false,-1,True,-4,1
H1W00299,0042500103,DET-ORL,3,484,12,3,true,false,-1,True,-4,1
H1W00300,0042500103,DET-ORL,3,463,12,1,true,false,-4,True,-2,1
H1W00301,0042500103,DET-ORL,3,439,10,3,true,false,-2,True,0,0
H1W00302,0042500103,DET-ORL,3,423,11,-1,true,false,-3,True,0,0
H1W00303,0042500103,DET-ORL,3,409,11,2,true,false,-3,True,-2,-1
H1W00304,0042500103,DET-ORL,3,396,11,-1,true,false,-3,True,-2,-1
H1W00305,0042500103,DET-ORL,3,383,8,-1,true,false,2,True,1,-1
H1W00306,0042500103,DET-ORL,3,377,8,-4,true,false,2,True,1,0
H1W00307,0042500103,DET-ORL,3,377,8,-2,true,false,3,True,-2,0
H1W00308,0042500103,DET-ORL,3,357,8,-3,false,true,1,True,-2,0
H1W00309,0042500103,DET-ORL,3,317,8,-3,false,true,1,True,-2,0
H1W00310,0042500103,DET-ORL,3,317,10,-3,false,true,-1,True,0,0
H1W00311,0042500103,DET-ORL,3,301,10,2,false,true,-1,True,-2,0
H1W00312,0042500103,DET-ORL,3,289,11,2,false,true,-5,True,-1,0
H1W00313,0042500103,DET-ORL,3,205,6,-1,false,true,4,True,3,1
H1W00314,0042500103,DET-ORL,3,175,6,-5,false,true,2,True,3,1
H1W00315,0042500103,DET-ORL,3,168,6,-3,false,true,2,True,2,0
H1W00316,0042500103,DET-ORL,3,150,10,-3,false,true,-2,True,-2,0
H1W00317,0042500103,DET-ORL,3,135,8,1,false,true,3,False,,0
H1W00318,0042500103,DET-ORL,3,128,10,-1,true,false,-1,False,,0
H1W00319,0042500103,DET-ORL,3,104,8,4,true,false,1,False,,0
H1W00320,0042500103,DET-ORL,3,69,8,2,true,false,0,False,,0
H1W00321,0042500103,DET-ORL,3,62,8,2,true,false,0,False,,0
H1W00322,0042500103,DET-ORL,4,612,13,5,true,false,4,True,0,0
H1W00323,0042500103,DET-ORL,4,605,15,2,true,false,0,True,-2,0
H1W00324,0042500103,DET-ORL,4,579,15,4,true,false,0,True,-4,-1
H1W00325,0042500103,DET-ORL,4,543,15,4,true,false,-3,True,-4,-1
H1W00326,0042500103,DET-ORL,4,532,15,4,true,false,0,True,-7,-1
H1W00327,0042500103,DET-ORL,4,522,17,2,true,false,-4,True,-9,-1
H1W00328,0042500103,DET-ORL,4,505,15,4,true,false,-2,True,-9,-1
H1W00329,0042500103,DET-ORL,4,485,15,0,true,false,-4,True,-9,0
H1W00330,0042500103,DET-ORL,4,464,12,0,false,true,-1,True,-8,-1
H1W00331,0042500103,DET-ORL,4,448,15,-3,false,true,-7,True,-9,-1
H1W00332,0042500103,DET-ORL,4,427,13,0,false,true,-5,True,-10,-2
H1W00333,0042500103,DET-ORL,4,402,13,-4,false,true,-7,True,-7,-2
H1W00334,0042500103,DET-ORL,4,378,11,-2,false,true,-5,True,-8,-2
H1W00335,0042500103,DET-ORL,4,362,11,-4,false,true,-7,True,-8,-1
H1W00336,0042500103,DET-ORL,4,345,8,-1,false,true,-2,True,-8,-1
H1W00337,0042500103,DET-ORL,4,338,8,-7,false,true,-5,True,-8,0
H1W00338,0042500103,DET-ORL,4,330,6,-5,false,true,0,True,-7,0
H1W00339,0042500103,DET-ORL,4,314,6,-7,false,true,-3,True,-5,0
H1W00340,0042500103,DET-ORL,4,301,4,-5,false,true,-1,True,-3,0
H1W00341,0042500103,DET-ORL,4,280,6,-7,false,true,-6,True,-2,0
H1W00342,0042500103,DET-ORL,4,266,3,-2,false,true,-3,True,1,-1
H1W00343,0042500103,DET-ORL,4,242,6,-5,false,true,-7,True,-1,-1
H1W00344,0042500103,DET-ORL,4,223,3,0,false,true,-2,True,2,-1
H1W00345,0042500103,DET-ORL,4,200,3,-3,false,true,-2,True,5,-1
H1W00346,0042500103,DET-ORL,4,67,5,4,true,false,3,False,,0
H1W00347,0042500104,DET-ORL,1,629,8,6,true,false,-3,True,2,1
H1W00348,0042500104,DET-ORL,1,616,5,8,true,false,2,True,5,1
H1W00349,0042500104,DET-ORL,1,604,7,2,true,false,0,True,5,2
H1W00350,0042500104,DET-ORL,1,592,5,4,true,false,3,True,7,2
H1W00351,0042500104,DET-ORL,1,573,5,-1,true,false,3,True,7,3
H1W00352,0042500104,DET-ORL,1,560,5,-1,true,false,5,True,5,2
H1W00353,0042500104,DET-ORL,1,555,7,-3,true,false,3,True,5,3
H1W00354,0042500104,DET-ORL,1,534,7,2,true,false,5,True,5,2
H1W00355,0042500104,DET-ORL,1,531,8,0,true,false,4,True,4,3
H1W00356,0042500104,DET-ORL,1,518,8,3,true,false,4,True,1,2
H1W00357,0042500104,DET-ORL,1,509,10,3,true,false,0,True,-1,2
H1W00358,0042500104,DET-ORL,1,495,10,5,true,false,2,True,-1,1
H1W00359,0042500104,DET-ORL,1,492,12,3,true,false,0,True,-1,1
H1W00360,0042500104,DET-ORL,1,480,12,5,true,false,0,True,-3,-1
H1W00361,0042500104,DET-ORL,1,467,12,4,true,false,-3,True,-3,-1
H1W00362,0042500104,DET-ORL,1,297,7,-2,false,true,-6,True,-6,0
H1W00363,0042500104,DET-ORL,1,280,5,-2,false,true,-4,True,-6,0
H1W00364,0042500104,DET-ORL,1,263,6,-6,false,true,-5,True,-7,0
H1W00365,0042500104,DET-ORL,1,248,3,-3,false,true,-2,True,-6,0
H1W00366,0042500104,DET-ORL,1,233,3,-6,false,true,-4,True,-6,0
H1W00367,0042500104,DET-ORL,1,212,1,-4,false,true,0,True,-4,0
H1W00368,0042500104,DET-ORL,1,187,1,-6,false,true,-2,True,-2,0
H1W00369,0042500104,DET-ORL,1,172,1,-4,false,true,-2,False,,0
H1W00370,0042500104,DET-ORL,1,148,1,-5,false,true,-4,False,,0
H1W00371,0042500104,DET-ORL,1,137,-1,-2,false,true,-2,False,,0
H1W00372,0042500104,DET-ORL,1,122,1,-4,false,true,-4,False,,0
H1W00373,0042500104,DET-ORL,1,105,-1,0,false,true,0,False,,0
H1W00374,0042500104,DET-ORL,2,572,-2,0,true,false,-3,True,-4,0
H1W00375,0042500104,DET-ORL,2,558,-2,0,true,false,-5,True,-2,0
H1W00376,0042500104,DET-ORL,2,533,-2,0,true,false,-5,True,-2,0
H1W00377,0042500104,DET-ORL,2,521,-2,-2,true,false,-7,True,-2,0
H1W00378,0042500104,DET-ORL,2,498,-6,0,true,false,-1,True,-2,0
H1W00379,0042500104,DET-ORL,2,475,-6,-3,true,false,-1,True,-2,0
H1W00380,0042500104,DET-ORL,2,469,-8,-3,false,true,3,True,0,0
H1W00381,0042500104,DET-ORL,2,451,-8,-5,false,true,3,True,2,0
H1W00382,0042500104,DET-ORL,2,434,-10,-5,false,true,5,True,2,0
H1W00383,0042500104,DET-ORL,2,418,-7,-7,false,true,-1,True,-1,0
H1W00384,0042500104,DET-ORL,2,400,-7,-1,false,true,-1,True,-1,-1
H1W00385,0042500104,DET-ORL,2,219,-5,2,true,false,3,True,5,-1
H1W00386,0042500104,DET-ORL,2,192,-2,2,true,false,0,True,5,0
H1W00387,0042500104,DET-ORL,2,179,-4,5,true,false,4,True,5,0
H1W00388,0042500104,DET-ORL,2,169,-4,1,true,false,2,True,8,1
H1W00389,0042500104,DET-ORL,2,154,-4,1,true,false,4,True,8,1
H1W00390,0042500104,DET-ORL,2,150,-2,1,true,false,2,False,,1
H1W00391,0042500104,DET-ORL,2,141,-2,3,true,false,5,False,,0
H1W00392,0042500104,DET-ORL,2,129,0,0,true,false,1,False,,0
H1W00393,0042500104,DET-ORL,2,105,-2,4,true,false,6,False,,0
H1W00394,0042500104,DET-ORL,3,606,4,0,false,false,0,True,3,0
H1W00395,0042500104,DET-ORL,3,596,4,-2,false,false,0,True,5,0
H1W00396,0042500104,DET-ORL,3,560,4,0,false,false,1,True,5,0
H1W00397,0042500104,DET-ORL,3,548,4,0,false,false,1,True,5,1
H1W00398,0042500104,DET-ORL,3,543,2,0,false,false,5,True,5,1
H1W00399,0042500104,DET-ORL,3,479,7,1,true,false,0,True,-1,-1
H1W00400,0042500104,DET-ORL,3,458,7,5,true,false,2,True,-3,-1
H1W00401,0042500104,DET-ORL,3,440,9,3,true,false,-3,True,-4,-1
H1W00402,0042500104,DET-ORL,3,418,9,5,true,false,-1,True,-4,-1
H1W00403,0042500104,DET-ORL,3,417,9,4,true,false,-3,True,-4,0
H1W00404,0042500104,DET-ORL,3,403,7,4,true,false,-1,True,-2,0
H1W00405,0042500104,DET-ORL,3,389,9,0,true,false,-5,True,-4,0
H1W00406,0042500104,DET-ORL,3,369,6,2,true,false,-1,True,-1,0
H1W00407,0042500104,DET-ORL,3,350,8,-3,true,false,-3,True,-1,1
H1W00408,0042500104,DET-ORL,3,340,6,-1,true,false,-1,True,1,1
H1W00409,0042500104,DET-ORL,3,321,6,-3,true,false,-1,True,1,1
H1W00410,0042500104,DET-ORL,3,309,4,-1,false,true,1,True,0,1
H1W00411,0042500104,DET-ORL,3,298,5,-5,false,true,0,True,-1,2
H1W00412,0042500104,DET-ORL,3,288,5,-1,false,true,2,True,-2,1
H1W00413,0042500104,DET-ORL,3,267,5,-3,false,true,2,True,1,1
H1W00414,0042500104,DET-ORL,3,253,5,-1,false,true,2,True,1,1
H1W00415,0042500104,DET-ORL,3,241,5,-1,false,true,-1,True,1,1
H1W00416,0042500104,DET-ORL,3,241,5,1,true,false,-1,True,1,0
H1W00417,0042500104,DET-ORL,3,216,7,0,true,false,-4,True,1,0
H1W00418,0042500104,DET-ORL,3,182,7,2,true,false,-1,True,1,0
H1W00419,0042500104,DET-ORL,3,158,7,2,true,false,-1,True,1,1
H1W00420,0042500104,DET-ORL,3,155,4,2,true,false,2,True,4,1
H1W00421,0042500104,DET-ORL,3,133,4,-1,true,false,2,True,4,1
H1W00422,0042500104,DET-ORL,3,133,3,-1,true,false,5,False,,1
H1W00423,0042500104,DET-ORL,4,615,3,-2,false,true,3,True,2,1
H1W00424,0042500104,DET-ORL,4,593,3,-5,false,true,1,True,4,1
H1W00425,0042500104,DET-ORL,4,571,3,-3,false,true,3,True,3,1
H1W00426,0042500104,DET-ORL,4,557,6,-3,false,true,0,True,0,1
H1W00427,0042500104,DET-ORL,4,543,6,0,false,true,0,True,-2,-1
H1W00428,0042500104,DET-ORL,4,529,6,0,false,true,-1,True,1,-1
H1W00429,0042500104,DET-ORL,4,524,4,3,false,true,3,True,2,-1
H1W00430,0042500104,DET-ORL,4,514,6,1,false,true,0,True,0,-1
H1W00431,0042500104,DET-ORL,4,500,6,3,false,true,0,True,-2,-1
H1W00432,0042500104,DET-ORL,4,461,6,3,false,true,0,True,-2,0
H1W00433,0042500104,DET-ORL,4,439,6,0,false,true,-2,True,-2,0
H1W00434,0042500104,DET-ORL,4,422,4,0,false,true,0,True,0,-1
H1W00435,0042500104,DET-ORL,4,405,7,-2,false,true,-5,True,-3,-1
H1W00436,0042500104,DET-ORL,4,324,2,0,false,true,2,True,4,0
H1W00437,0042500104,DET-ORL,4,295,4,-5,false,true,0,True,2,0
H1W00438,0042500104,DET-ORL,4,285,4,-2,false,true,0,True,2,0
H1W00439,0042500104,DET-ORL,4,262,4,-2,false,true,0,True,2,1
H1W00440,0042500104,DET-ORL,4,250,4,0,false,true,2,True,1,0
H1W00441,0042500104,DET-ORL,4,228,4,0,false,true,2,True,4,1
H1W00442,0042500104,DET-ORL,4,209,4,2,false,true,2,True,4,1
H1W00443,0042500104,DET-ORL,4,201,4,0,false,true,2,True,4,1
H1W00444,0042500104,DET-ORL,4,188,4,0,false,true,2,True,4,1
H1W00445,0042500104,DET-ORL,4,188,6,0,false,true,-1,True,2,1
H1W00446,0042500104,DET-ORL,4,176,6,2,false,true,2,True,2,0
H1W00447,0042500104,DET-ORL,4,95,5,2,false,true,3,True,3,-1
H1W00448,0042500104,DET-ORL,4,76,8,-1,false,true,0,False,,-1
H1W00449,0042500104,DET-ORL,4,60,8,2,false,true,2,False,,-1
H1W00450,0042500104,DET-ORL,4,44,8,2,false,true,2,False,,-1
H1W00451,0042500104,DET-ORL,4,36,8,2,false,true,2,False,,-1
H1W00452,0042500104,DET-ORL,4,27,8,2,false,true,0,False,,0
H1W00453,0042500105,DET-ORL,1,625,3,3,true,false,4,True,3,0
H1W00454,0042500105,DET-ORL,1,620,5,0,true,false,0,True,1,0
H1W00455,0042500105,DET-ORL,1,604,5,2,true,false,2,True,0,0
H1W00456,0042500105,DET-ORL,1,589,5,0,true,false,-1,True,3,0
H1W00457,0042500105,DET-ORL,1,533,7,0,true,false,-2,True,-2,0
H1W00458,0042500105,DET-ORL,1,520,4,2,true,false,4,True,1,0
H1W00459,0042500105,DET-ORL,1,501,6,-1,true,false,-1,True,0,0
H1W00460,0042500105,DET-ORL,1,494,6,1,true,false,-1,True,-2,-1
H1W00461,0042500105,DET-ORL,1,482,6,-1,true,false,-3,True,1,-1
H1W00462,0042500105,DET-ORL,1,458,5,1,true,false,0,True,0,-1
H1W00463,0042500105,DET-ORL,1,444,8,-2,true,false,-3,True,-1,-1
H1W00464,0042500105,DET-ORL,1,340,7,-1,true,false,1,True,3,0
H1W00465,0042500105,DET-ORL,1,320,5,4,true,false,5,True,5,0
H1W00466,0042500105,DET-ORL,1,303,7,0,true,false,1,True,5,0
H1W00467,0042500105,DET-ORL,1,287,7,2,true,false,3,True,3,0
H1W00468,0042500105,DET-ORL,1,268,9,1,true,false,1,True,1,1
H1W00469,0042500105,DET-ORL,1,262,8,5,true,false,2,True,0,1
H1W00470,0042500105,DET-ORL,1,246,10,1,true,false,0,True,-2,1
H1W00471,0042500105,DET-ORL,1,231,8,5,true,false,4,True,0,1
H1W00472,0042500105,DET-ORL,1,217,10,1,true,false,0,True,0,1
H1W00473,0042500105,DET-ORL,1,201,10,3,true,false,0,True,-2,0
H1W00474,0042500105,DET-ORL,1,195,10,1,true,false,-2,True,0,0
H1W00475,0042500105,DET-ORL,1,185,10,2,true,false,-2,True,0,0
H1W00476,0042500105,DET-ORL,1,177,12,0,true,false,-4,True,0,1
H1W00477,0042500105,DET-ORL,1,168,10,4,true,false,0,False,,1
H1W00478,0042500105,DET-ORL,1,144,10,0,true,false,-2,False,,1
H1W00479,0042500105,DET-ORL,1,128,8,0,true,false,2,False,,1
H1W00480,0042500105,DET-ORL,1,109,8,-2,true,false,2,False,,1
H1W00481,0042500105,DET-ORL,2,626,9,-3,true,false,3,True,7,0
H1W00482,0042500105,DET-ORL,2,618,9,0,true,false,5,True,5,0
H1W00483,0042500105,DET-ORL,2,596,11,0,true,false,3,True,3,1
H1W00484,0042500105,DET-ORL,2,573,11,2,true,false,6,True,0,1
H1W00485,0042500105,DET-ORL,2,568,14,2,true,false,2,True,-1,1
H1W00486,0042500105,DET-ORL,2,545,12,5,true,false,4,True,1,1
H1W00487,0042500105,DET-ORL,2,427,11,0,false,true,0,True,-3,0
H1W00488,0042500105,DET-ORL,2,417,13,-6,false,true,-4,True,-3,0
H1W00489,0042500105,DET-ORL,2,402,13,-3,false,true,-4,True,-3,-2
H1W00490,0042500105,DET-ORL,2,359,11,-3,false,true,-3,True,0,-1
H1W00491,0042500105,DET-ORL,2,339,9,0,false,true,1,True,-1,-1
H1W00492,0042500105,DET-ORL,2,203,11,-2,true,false,-2,True,-2,0
H1W00493,0042500105,DET-ORL,2,192,8,3,true,false,4,True,-2,0
H1W00494,0042500105,DET-ORL,2,169,10,-2,true,false,2,True,-4,0
H1W00495,0042500105,DET-ORL,2,150,9,0,true,false,4,True,-3,0
H1W00496,0042500105,DET-ORL,2,138,11,-3,true,false,-2,True,-5,0
H1W00497,0042500105,DET-ORL,2,126,9,2,true,false,0,True,-3,0
H1W00498,0042500105,DET-ORL,3,603,5,-1,false,true,-3,True,-1,-1
H1W00499,0042500105,DET-ORL,3,590,2,1,false,true,0,True,2,-1
H1W00500,0042500105,DET-ORL,3,572,2,-4,false,true,0,True,5,0
H1W00501,0042500105,DET-ORL,3,554,2,-3,false,true,0,True,3,0
H1W00502,0042500105,DET-ORL,3,541,2,-6,false,true,0,True,3,0
H1W00503,0042500105,DET-ORL,3,534,2,-3,false,true,2,True,3,0
H1W00504,0042500105,DET-ORL,3,524,2,-3,false,true,2,True,5,1
H1W00505,0042500105,DET-ORL,3,512,2,0,false,true,5,True,5,1
H1W00506,0042500105,DET-ORL,3,365,5,3,true,false,2,True,1,-1
H1W00507,0042500105,DET-ORL,3,345,7,1,true,false,-2,True,1,-1
H1W00508,0042500105,DET-ORL,3,330,7,3,true,false,0,True,1,-1
H1W00509,0042500105,DET-ORL,3,313,7,0,true,false,0,True,4,1
H1W00510,0042500105,DET-ORL,3,304,7,2,true,false,2,True,4,0
H1W00511,0042500105,DET-ORL,3,297,7,2,true,false,-1,True,4,1
H1W00512,0042500105,DET-ORL,3,285,5,2,true,false,3,True,6,1
H1W00513,0042500105,DET-ORL,3,263,7,-2,false,true,1,True,4,1
H1W00514,0042500105,DET-ORL,3,242,7,0,false,true,4,True,2,0
H1W00515,0042500105,DET-ORL,3,238,9,0,false,true,2,True,0,0
H1W00516,0042500105,DET-ORL,3,222,6,2,true,false,5,True,3,0
H1W00517,0042500105,DET-ORL,3,203,8,-1,true,false,3,True,1,1
H1W00518,0042500105,DET-ORL,3,180,8,3,true,false,3,True,1,0
H1W00519,0042500105,DET-ORL,3,175,11,1,true,false,-2,True,0,0
H1W00520,0042500105,DET-ORL,3,162,11,4,true,false,-2,True,-1,0
H1W00521,0042500105,DET-ORL,3,135,11,2,true,false,-2,True,-1,0
H1W00522,0042500105,DET-ORL,3,134,11,5,true,false,-2,False,,-1
H1W00523,0042500105,DET-ORL,3,133,11,3,true,false,-2,False,,0
H1W00524,0042500105,DET-ORL,3,113,9,3,true,false,2,False,,0
H1W00525,0042500105,DET-ORL,3,90,9,-2,true,false,1,False,,0
H1W00526,0042500105,DET-ORL,3,81,9,-2,true,false,1,False,,0
H1W00527,0042500105,DET-ORL,4,505,9,-2,false,true,2,True,-2,0
H1W00528,0042500105,DET-ORL,4,493,12,-4,false,true,-4,True,-5,0
H1W00529,0042500105,DET-ORL,4,476,9,2,false,true,-1,True,-2,0
H1W00530,0042500105,DET-ORL,4,454,11,-4,false,true,-3,True,-2,0
H1W00531,0042500105,DET-ORL,4,444,9,0,false,true,1,True,0,0
H1W00532,0042500105,DET-ORL,4,419,11,-2,false,true,-4,True,-2,0
H1W00533,0042500105,DET-ORL,4,408,8,2,false,true,-1,True,1,0
H1W00534,0042500105,DET-ORL,4,363,8,-4,false,true,-1,True,1,1
H1W00535,0042500105,DET-ORL,4,350,8,-1,false,true,1,True,-2,1
H1W00536,0042500105,DET-ORL,4,335,10,-3,true,false,-1,True,-4,1
H1W00537,0042500105,DET-ORL,4,323,7,1,true,false,2,True,-1,0
H1W00538,0042500105,DET-ORL,4,292,7,-4,true,false,2,True,-1,0
H1W00539,0042500105,DET-ORL,4,186,6,-3,false,true,0,True,1,0
H1W00540,0042500105,DET-ORL,4,160,6,-3,false,true,0,True,1,0
H1W00541,0042500105,DET-ORL,4,157,6,-3,false,true,-3,True,1,0
H1W00542,0042500105,DET-ORL,4,140,6,-3,false,true,-1,False,,0
H1W00543,0042500105,DET-ORL,4,124,8,-3,false,true,-3,False,,1
H1W00544,0042500106,DET-ORL,1,608,5,2,true,false,-3,True,-1,1
H1W00545,0042500106,DET-ORL,1,584,4,5,true,false,0,True,-3,1
H1W00546,0042500106,DET-ORL,1,565,4,3,true,false,-2,True,-3,1
H1W00547,0042500106,DET-ORL,1,559,2,5,true,false,0,True,-3,1
H1W00548,0042500106,DET-ORL,1,544,2,0,true,false,0,True,-3,1
H1W00549,0042500106,DET-ORL,1,543,2,0,true,false,2,True,-5,0
H1W00550,0042500106,DET-ORL,1,538,4,-3,true,false,-3,True,-6,0
H1W00551,0042500106,DET-ORL,1,515,2,0,true,false,-1,True,-6,-1
H1W00552,0042500106,DET-ORL,1,485,2,-2,true,false,-3,True,-4,-1
H1W00553,0042500106,DET-ORL,1,476,2,0,true,false,-3,True,-5,-1
H1W00554,0042500106,DET-ORL,1,464,4,0,true,false,-7,True,-7,-1
H1W00555,0042500106,DET-ORL,1,443,1,2,true,false,-3,True,-4,-1
H1W00556,0042500106,DET-ORL,1,417,1,-3,true,false,-5,True,-4,0
H1W00557,0042500106,DET-ORL,1,402,-1,-1,false,true,-1,True,-2,0
H1W00558,0042500106,DET-ORL,1,369,-1,-3,false,true,-2,True,0,0
H1W00559,0042500106,DET-ORL,1,358,-3,-3,false,true,0,True,2,0
H1W00560,0042500106,DET-ORL,1,346,-2,-7,false,true,-1,True,3,1
H1W00561,0042500106,DET-ORL,1,337,-4,-3,false,true,1,True,2,0
H1W00562,0042500106,DET-ORL,1,325,-2,-5,false,true,-1,True,2,0
H1W00563,0042500106,DET-ORL,1,159,0,1,true,false,-3,False,,0
H1W00564,0042500106,DET-ORL,1,141,-3,3,true,false,0,False,,0
H1W00565,0042500106,DET-ORL,1,126,-3,-2,true,false,0,False,,0
H1W00566,0042500106,DET-ORL,1,114,-3,-2,true,false,2,False,,0
H1W00567,0042500106,DET-ORL,1,105,0,-4,true,false,-1,False,,0
H1W00568,0042500106,DET-ORL,2,580,3,6,true,false,5,True,8,0
H1W00569,0042500106,DET-ORL,2,554,5,2,true,false,3,True,9,0
H1W00570,0042500106,DET-ORL,2,531,5,4,true,false,5,True,9,0
H1W00571,0042500106,DET-ORL,2,518,5,2,true,false,5,True,12,0
H1W00572,0042500106,DET-ORL,2,501,5,2,true,false,8,True,10,0
H1W00573,0042500106,DET-ORL,2,499,8,0,true,false,3,True,7,0
H1W00574,0042500106,DET-ORL,2,482,8,5,true,false,6,True,5,0
H1W00575,0042500106,DET-ORL,2,466,10,3,true,false,4,True,5,0
H1W00576,0042500106,DET-ORL,2,444,10,5,true,false,7,True,3,0
H1W00577,0042500106,DET-ORL,2,423,13,5,true,false,2,True,0,0
H1W00578,0042500106,DET-ORL,2,407,11,8,true,false,4,True,2,-1
H1W00579,0042500106,DET-ORL,2,397,14,3,true,false,-1,True,2,-1
H1W00580,0042500106,DET-ORL,2,379,14,6,true,false,1,True,0,-1
H1W00581,0042500106,DET-ORL,2,371,17,4,true,false,-4,True,-1,-1
H1W00582,0042500106,DET-ORL,2,345,15,7,true,false,-2,True,1,-2
H1W00583,0042500106,DET-ORL,2,327,15,2,true,false,-2,True,3,-1
H1W00584,0042500106,DET-ORL,2,301,13,4,false,true,3,True,5,-1
H1W00585,0042500106,DET-ORL,2,292,15,-1,false,true,-1,True,5,-1
H1W00586,0042500106,DET-ORL,2,101,18,5,true,false,4,False,,0
H1W00587,0042500106,DET-ORL,2,86,20,2,true,false,2,False,,1
H1W00588,0042500106,DET-ORL,2,70,20,6,true,false,2,False,,1
H1W00589,0042500106,DET-ORL,3,606,22,0,false,true,-5,True,-5,-1
H1W00590,0042500106,DET-ORL,3,596,19,0,false,true,-2,True,-5,-2
H1W00591,0042500106,DET-ORL,3,568,19,-5,false,true,-2,True,-5,-2
H1W00592,0042500106,DET-ORL,3,563,19,-5,false,true,0,True,-9,-2
H1W00593,0042500106,DET-ORL,3,563,19,-5,false,true,-2,True,-9,-1
H1W00594,0042500106,DET-ORL,3,557,17,-3,false,true,0,True,-7,-2
H1W00595,0042500106,DET-ORL,3,539,17,-5,false,true,-3,True,-7,-1
H1W00596,0042500106,DET-ORL,3,506,17,-2,false,true,-3,True,-7,-1
H1W00597,0042500106,DET-ORL,3,490,19,-2,false,true,-9,True,-9,-1
H1W00598,0042500106,DET-ORL,3,470,17,0,false,true,-7,True,-7,-1
H1W00599,0042500106,DET-ORL,3,463,17,-2,false,true,-7,True,-4,0
H1W00600,0042500106,DET-ORL,3,459,14,0,false,true,-4,True,-1,0
H1W00601,0042500106,DET-ORL,3,442,14,-3,false,true,-4,True,2,1
H1W00602,0042500106,DET-ORL,3,418,10,-3,false,true,0,True,6,1
H1W00603,0042500106,DET-ORL,3,389,10,-9,false,true,0,True,7,1
H1W00604,0042500106,DET-ORL,3,235,17,6,true,false,-2,True,-6,0
H1W00605,0042500106,DET-ORL,3,213,17,7,true,false,-2,True,-8,0
H1W00606,0042500106,DET-ORL,3,200,17,4,true,false,-4,True,-8,0
H1W00607,0042500106,DET-ORL,3,183,17,4,true,false,-4,True,-8,0
H1W00608,0042500106,DET-ORL,3,158,17,1,true,false,-6,True,-8,0
H1W00609,0042500106,DET-ORL,3,137,15,1,true,false,-4,False,,0
H1W00610,0042500106,DET-ORL,3,117,15,-2,true,false,-6,False,,0
H1W00611,0042500106,DET-ORL,3,104,13,-2,true,false,-4,False,,0
H1W00612,0042500106,DET-ORL,3,76,13,-4,true,false,-4,False,,0
H1W00613,0042500106,DET-ORL,3,72,11,-4,false,true,-2,False,,0
H1W00614,0042500106,DET-ORL,4,613,4,-5,false,true,0,True,-2,0
H1W00615,0042500106,DET-ORL,4,602,4,-3,false,true,0,True,-4,0
H1W00616,0042500106,DET-ORL,4,579,4,-3,false,true,0,True,-4,0
H1W00617,0042500106,DET-ORL,4,563,4,-1,false,true,0,True,-6,0
H1W00618,0042500106,DET-ORL,4,546,4,-2,false,true,-2,True,-6,0
H1W00619,0042500106,DET-ORL,4,524,4,0,false,true,-2,True,-6,-1
H1W00620,0042500106,DET-ORL,4,508,4,0,false,true,-4,True,-6,-1
H1W00621,0042500106,DET-ORL,4,499,4,0,false,true,-4,True,-8,-1
H1W00622,0042500106,DET-ORL,4,460,2,-2,false,true,-4,True,-8,0
H1W00623,0042500106,DET-ORL,4,456,0,-2,false,true,-2,True,-8,0
H1W00624,0042500106,DET-ORL,4,438,0,-4,false,true,-4,True,-6,0
H1W00625,0042500106,DET-ORL,4,422,-2,-4,false,true,-2,True,-4,0
H1W00626,0042500106,DET-ORL,4,405,-2,-6,false,true,-4,True,-3,0
H1W00627,0042500106,DET-ORL,4,396,-2,-4,false,true,-4,True,-6,0
H1W00628,0042500106,DET-ORL,4,369,-2,-4,false,true,-6,True,-6,0
H1W00629,0042500106,DET-ORL,4,314,-8,-4,false,true,0,True,-6,0
H1W00630,0042500106,DET-ORL,4,292,-6,-6,false,true,-4,True,-6,0
H1W00631,0042500106,DET-ORL,4,270,-6,-2,false,true,-4,True,-8,0
H1W00632,0042500106,DET-ORL,4,190,-13,-4,false,true,-1,True,-1,0
H1W00633,0042500106,DET-ORL,4,175,-13,-8,false,true,-1,True,-1,0
H1W00634,0042500106,DET-ORL,4,151,-14,-5,false,true,2,True,0,0
H1W00635,0042500106,DET-ORL,4,144,-12,-6,false,true,-2,False,,0
H1W00636,0042500106,DET-ORL,4,129,-14,-2,false,true,0,False,,0
H1W00637,0042500106,DET-ORL,4,112,-14,-4,false,true,0,False,,0
H1W00638,0042500106,DET-ORL,4,94,-14,-1,false,true,0,False,,0
H1W00639,0042500106,DET-ORL,4,94,-12,-1,false,true,-2,False,,1
H1W00640,0042500107,DET-ORL,1,636,2,2,true,false,-2,True,3,0
H1W00641,0042500107,DET-ORL,1,630,2,2,true,false,-2,True,3,-1
H1W00642,0042500107,DET-ORL,1,607,2,2,true,false,-2,True,3,-1
H1W00643,0042500107,DET-ORL,1,596,-1,2,true,false,4,True,3,-1
H1W00644,0042500107,DET-ORL,1,563,2,-3,true,false,1,True,0,-1
H1W00645,0042500107,DET-ORL,1,542,0,0,true,false,5,True,-1,-1
H1W00646,0042500107,DET-ORL,1,528,0,-2,false,true,5,True,-1,0
H1W00647,0042500107,DET-ORL,1,509,0,-2,false,true,5,True,-3,0
H1W00648,0042500107,DET-ORL,1,500,3,-2,false,true,-1,True,-4,0
H1W00649,0042500107,DET-ORL,1,480,3,4,false,true,-1,True,-4,0
H1W00650,0042500107,DET-ORL,1,378,-1,-1,false,true,2,True,2,0
H1W00651,0042500107,DET-ORL,1,357,-1,-6,false,true,2,True,2,0
H1W00652,0042500107,DET-ORL,1,346,-3,-6,false,true,5,True,1,0
H1W00653,0042500107,DET-ORL,1,335,-1,-8,false,true,1,True,1,0
H1W00654,0042500107,DET-ORL,1,313,-1,-3,false,true,4,True,1,0
H1W00655,0042500107,DET-ORL,1,309,1,-3,false,true,0,True,-1,0
H1W00656,0042500107,DET-ORL,1,288,1,2,false,true,0,True,-3,-1
H1W00657,0042500107,DET-ORL,1,170,-2,0,false,true,0,True,0,1
H1W00658,0042500107,DET-ORL,1,153,0,-4,false,true,-2,True,-2,1
H1W00659,0042500107,DET-ORL,1,134,0,0,false,true,-2,True,-2,0
H1W00660,0042500107,DET-ORL,1,120,0,-3,false,true,-2,True,-2,0
H1W00661,0042500107,DET-ORL,1,114,-2,-1,false,true,0,True,0,0
H1W00662,0042500107,DET-ORL,1,101,-2,-3,false,true,0,False,,1
H1W00663,0042500107,DET-ORL,1,83,-2,0,false,true,0,False,,1
H1W00664,0042500107,DET-ORL,1,75,-2,-2,false,true,0,False,,2
H1W00665,0042500107,DET-ORL,1,70,-2,-2,false,true,0,False,,2
H1W00666,0042500107,DET-ORL,1,63,-2,-2,false,true,0,False,,2
H1W00667,0042500107,DET-ORL,2,638,-2,3,true,false,4,True,1,1
H1W00668,0042500107,DET-ORL,2,616,1,-1,true,false,1,True,-2,1
H1W00669,0042500107,DET-ORL,2,607,1,2,true,false,3,True,-5,0
H1W00670,0042500107,DET-ORL,2,604,3,0,true,false,-2,True,-5,0
H1W00671,0042500107,DET-ORL,2,598,1,2,true,false,0,True,-3,0
H1W00672,0042500107,DET-ORL,2,475,-4,-3,false,true,7,True,2,2
H1W00673,0042500107,DET-ORL,2,448,-2,-8,false,true,3,True,0,2
H1W00674,0042500107,DET-ORL,2,432,-2,-3,false,true,3,True,0,1
H1W00675,0042500107,DET-ORL,2,423,0,-3,true,false,1,True,0,1
H1W00676,0042500107,DET-ORL,2,181,0,2,true,false,6,True,9,1
H1W00677,0042500107,DET-ORL,2,179,2,2,true,false,2,True,9,1
H1W00678,0042500107,DET-ORL,2,167,0,4,true,false,6,True,9,1
H1W00679,0042500107,DET-ORL,2,150,3,0,true,false,3,True,8,1
H1W00680,0042500107,DET-ORL,2,139,3,6,true,false,6,False,,0
H1W00681,0042500107,DET-ORL,2,132,6,3,true,false,3,False,,0
H1W00682,0042500107,DET-ORL,2,108,4,6,true,false,7,False,,0
H1W00683,0042500107,DET-ORL,2,87,6,2,true,false,3,False,,0
H1W00684,0042500107,DET-ORL,2,65,6,6,true,false,5,False,,0
H1W00685,0042500107,DET-ORL,3,642,13,4,true,false,0,True,2,1
H1W00686,0042500107,DET-ORL,3,615,13,0,true,false,0,True,5,1
H1W00687,0042500107,DET-ORL,3,605,13,0,true,false,0,True,5,0
H1W00688,0042500107,DET-ORL,3,587,13,0,true,false,0,True,7,0
H1W00689,0042500107,DET-ORL,3,577,13,0,true,false,2,True,5,0
H1W00690,0042500107,DET-ORL,3,554,13,-2,true,false,2,True,5,0
H1W00691,0042500107,DET-ORL,3,540,13,0,true,false,5,True,3,0
H1W00692,0042500107,DET-ORL,3,517,13,0,true,false,5,True,3,0
H1W00693,0042500107,DET-ORL,3,501,13,0,true,false,7,True,2,0
H1W00694,0042500107,DET-ORL,3,493,15,0,true,false,3,True,0,0
H1W00695,0042500107,DET-ORL,3,473,15,2,true,false,3,True,-2,0
H1W00696,0042500107,DET-ORL,3,455,18,2,true,false,-2,True,-3,0
H1W00697,0042500107,DET-ORL,3,437,18,5,true,false,-2,True,-3,-1
H1W00698,0042500107,DET-ORL,3,423,20,5,true,false,-5,True,-3,-1
H1W00699,0042500107,DET-ORL,3,388,18,7,true,false,-3,True,-1,-2
H1W00700,0042500107,DET-ORL,3,364,18,3,true,false,-5,True,2,-2
H1W00701,0042500107,DET-ORL,3,348,16,3,false,true,-1,True,2,-2
H1W00702,0042500107,DET-ORL,3,321,16,-2,false,true,-1,True,2,-1
H1W00703,0042500107,DET-ORL,3,309,15,-2,false,true,2,True,3,-1
H1W00704,0042500107,DET-ORL,3,68,18,3,false,true,1,False,,-1
H1W00705,0042500107,DET-ORL,4,608,22,0,true,false,0,True,0,0
H1W00706,0042500107,DET-ORL,4,593,20,3,true,false,5,True,0,0
H1W00707,0042500107,DET-ORL,4,559,23,1,true,false,1,True,-3,0
H1W00708,0042500107,DET-ORL,4,543,21,6,true,false,3,True,-1,-1
H1W00709,0042500107,DET-ORL,4,525,23,2,true,false,-1,True,-1,-1
H1W00710,0042500107,DET-ORL,4,519,22,4,true,false,0,True,-3,-2
H1W00711,0042500107,DET-ORL,4,497,25,0,true,false,-5,True,-6,-2
H1W00712,0042500107,DET-ORL,4,482,24,5,true,false,-4,True,-5,-3
H1W00713,0042500107,DET-ORL,4,469,24,1,false,true,-4,True,-3,-2
H1W00714,0042500107,DET-ORL,4,464,22,3,false,true,0,True,-4,-2
H1W00715,0042500107,DET-ORL,4,454,22,-1,false,true,-3,True,-4,-1
H1W00716,0042500107,DET-ORL,4,452,20,0,false,true,-1,True,-4,-2
H1W00717,0042500107,DET-ORL,4,430,20,-5,false,true,-1,True,-4,-1
H1W00718,0042500107,DET-ORL,4,417,20,-4,false,true,1,True,-6,-1
H1W00719,0042500107,DET-ORL,4,396,22,-4,false,true,-4,True,-6,-1
H1W00720,0042500107,DET-ORL,4,370,19,0,false,true,-1,True,-3,-2
H1W00721,0042500107,DET-ORL,4,347,19,-3,false,true,-3,True,0,-1
H1W00722,0042500107,DET-ORL,4,333,19,-1,false,true,-3,True,-2,-2
H1W00723,0042500107,DET-ORL,4,326,21,-1,false,true,-7,True,-1,-2
H1W00724,0042500107,DET-ORL,4,315,18,1,false,true,-2,True,0,-2
H1W00725,0042500107,DET-ORL,4,296,18,-4,false,true,-2,True,0,-1
H1W00726,0042500107,DET-ORL,4,291,16,-1,false,true,3,True,1,-1
H1W00727,0042500111,BOS-PHI,1,628,1,1,false,false,-1,True,1,1
H1W00728,0042500111,BOS-PHI,1,623,1,1,false,false,1,True,0,0
H1W00729,0042500111,BOS-PHI,1,584,0,-1,true,false,2,True,6,0
H1W00730,0042500111,BOS-PHI,1,576,2,-1,true,false,-1,True,6,0
H1W00731,0042500111,BOS-PHI,1,563,2,1,true,false,2,True,6,-1
H1W00732,0042500111,BOS-PHI,1,545,2,-1,true,false,2,True,8,-1
H1W00733,0042500111,BOS-PHI,1,535,2,2,true,false,4,True,6,-1
H1W00734,0042500111,BOS-PHI,1,528,2,2,true,false,4,True,9,1
H1W00735,0042500111,BOS-PHI,1,519,1,2,true,false,7,True,10,1
H1W00736,0042500111,BOS-PHI,1,505,4,-1,true,false,4,True,7,1
H1W00737,0042500111,BOS-PHI,1,490,4,2,true,false,6,True,7,1
H1W00738,0042500111,BOS-PHI,1,473,6,2,true,false,2,True,7,1
H1W00739,0042500111,BOS-PHI,1,449,6,4,true,false,5,True,5,0
H1W00740,0042500111,BOS-PHI,1,444,8,4,true,false,3,True,3,0
H1W00741,0042500111,BOS-PHI,1,430,8,7,true,false,3,True,3,0
H1W00742,0042500111,BOS-PHI,1,413,10,4,true,false,1,True,1,0
H1W00743,0042500111,BOS-PHI,1,388,8,6,true,false,5,True,3,0
H1W00744,0042500111,BOS-PHI,1,379,11,2,true,false,0,True,0,0
H1W00745,0042500111,BOS-PHI,1,360,11,5,true,false,0,True,-3,-1
H1W00746,0042500111,BOS-PHI,1,349,11,3,true,false,0,True,-1,0
H1W00747,0042500111,BOS-PHI,1,332,11,3,true,false,0,True,-1,0
H1W00748,0042500111,BOS-PHI,1,321,13,1,true,false,-2,True,-3,0
H1W00749,0042500111,BOS-PHI,1,304,11,5,true,false,0,True,-3,0
H1W00750,0042500111,BOS-PHI,1,290,11,0,true,false,-3,True,-1,1
H1W00751,0042500111,BOS-PHI,1,279,11,0,true,false,-1,True,-3,0
H1W00752,0042500111,BOS-PHI,1,254,11,0,true,false,-1,True,0,0
H1W00753,0042500111,BOS-PHI,1,245,11,0,true,false,-1,True,0,0
H1W00754,0042500111,BOS-PHI,1,235,11,-2,false,false,-3,True,2,0
H1W00755,0042500111,BOS-PHI,1,229,8,0,false,false,2,True,5,0
H1W00756,0042500111,BOS-PHI,1,215,10,-3,false,false,-2,True,3,0
H1W00757,0042500111,BOS-PHI,1,196,10,-1,false,false,1,True,3,0
H1W00758,0042500111,BOS-PHI,1,51,13,1,true,false,2,False,,1
H1W00759,0042500111,BOS-PHI,1,36,13,5,true,false,2,False,,1
H1W00760,0042500111,BOS-PHI,2,622,15,0,false,true,2,True,2,0
H1W00761,0042500111,BOS-PHI,2,608,18,-2,false,true,-3,True,1,0
H1W00762,0042500111,BOS-PHI,2,596,15,3,false,true,2,True,2,0
H1W00763,0042500111,BOS-PHI,2,576,15,0,false,true,0,True,4,0
H1W00764,0042500111,BOS-PHI,2,559,15,2,false,true,2,True,4,0
H1W00765,0042500111,BOS-PHI,2,539,17,0,false,true,0,True,2,0
H1W00766,0042500111,BOS-PHI,2,523,15,2,false,true,4,True,4,0
H1W00767,0042500111,BOS-PHI,2,505,17,-3,false,true,0,True,5,0
H1W00768,0042500111,BOS-PHI,2,492,15,2,false,true,4,True,7,0
H1W00769,0042500111,BOS-PHI,2,483,17,0,false,true,2,True,5,0
H1W00770,0042500111,BOS-PHI,2,458,17,2,false,true,2,True,3,0
H1W00771,0042500111,BOS-PHI,2,441,19,0,false,true,0,True,3,0
H1W00772,0042500111,BOS-PHI,2,423,17,4,false,false,5,True,4,0
H1W00773,0042500111,BOS-PHI,2,346,22,0,true,false,-1,True,-1,0
H1W00774,0042500111,BOS-PHI,2,313,22,5,true,false,-1,True,-4,0
H1W00775,0042500111,BOS-PHI,2,290,22,3,true,false,-1,True,-4,0
H1W00776,0042500111,BOS-PHI,2,277,20,3,true,false,1,True,-2,-1
H1W00777,0042500111,BOS-PHI,2,262,22,1,true,false,-3,True,-2,-1
H1W00778,0042500111,BOS-PHI,2,250,21,3,true,false,0,True,-4,-1
H1W00779,0042500111,BOS-PHI,2,236,21,-1,false,true,-3,True,-4,-1
H1W00780,0042500111,BOS-PHI,2,216,21,-1,false,true,-3,True,-4,-1
H1W00781,0042500111,BOS-PHI,2,197,21,-1,false,true,-3,True,-2,0
H1W00782,0042500111,BOS-PHI,2,188,19,1,false,true,1,True,-2,0
H1W00783,0042500111,BOS-PHI,2,167,21,-3,false,true,-4,True,-4,0
H1W00784,0042500111,BOS-PHI,2,158,18,0,false,true,-1,True,-1,-1
H1W00785,0042500111,BOS-PHI,2,139,18,-3,false,true,-1,True,1,-1
H1W00786,0042500111,BOS-PHI,2,127,18,-3,false,true,1,True,-1,-1
H1W00787,0042500111,BOS-PHI,2,123,20,-3,false,true,-3,True,-3,-1
H1W00788,0042500111,BOS-PHI,2,110,17,1,false,true,0,False,,-1
H1W00789,0042500111,BOS-PHI,2,100,17,-4,false,true,0,False,,1
H1W00790,0042500111,BOS-PHI,2,83,17,-1,false,true,2,False,,1
H1W00791,0042500111,BOS-PHI,2,74,19,-1,false,true,-2,False,,1
H1W00792,0042500111,BOS-PHI,2,59,17,1,false,true,0,False,,1
H1W00793,0042500111,BOS-PHI,3,625,16,2,false,false,2,True,-2,0
H1W00794,0042500111,BOS-PHI,3,610,16,-1,false,false,-1,True,-2,0
H1W00795,0042500111,BOS-PHI,3,596,16,-1,false,false,2,True,-2,0
H1W00796,0042500111,BOS-PHI,3,582,16,-3,false,false,0,True,-2,0
H1W00797,0042500111,BOS-PHI,3,559,16,-1,false,false,0,True,-2,0
H1W00798,0042500111,BOS-PHI,3,541,18,-3,false,false,-4,True,-1,0
H1W00799,0042500111,BOS-PHI,3,519,15,2,false,false,-1,True,2,0
H1W00800,0042500111,BOS-PHI,3,504,18,-1,false,false,-4,True,2,0
H1W00801,0042500111,BOS-PHI,3,364,17,3,true,false,7,True,2,0
H1W00802,0042500111,BOS-PHI,3,356,20,3,true,false,2,True,2,0
H1W00803,0042500111,BOS-PHI,3,337,20,6,true,false,2,True,2,0
H1W00804,0042500111,BOS-PHI,3,324,22,6,true,false,-2,True,3,0
H1W00805,0042500111,BOS-PHI,3,300,22,8,true,false,0,True,1,0
H1W00806,0042500111,BOS-PHI,3,291,24,5,true,false,-5,True,1,0
H1W00807,0042500111,BOS-PHI,3,124,25,0,true,false,-2,False,,1
H1W00808,0042500111,BOS-PHI,3,108,23,5,true,false,0,False,,1
H1W00809,0042500111,BOS-PHI,3,84,25,1,true,false,-2,False,,1
H1W00810,0042500111,BOS-PHI,3,72,23,6,true,false,2,False,,1
H1W00811,0042500111,BOS-PHI,3,58,23,1,true,false,0,False,,1
H1W00812,0042500111,BOS-PHI,4,606,27,3,true,false,2,True,1,1
H1W00813,0042500111,BOS-PHI,4,596,25,6,true,false,6,True,3,1
H1W00814,0042500111,BOS-PHI,4,582,27,1,true,false,1,True,3,1
H1W00815,0042500111,BOS-PHI,4,566,27,3,true,false,1,True,1,1
H1W00816,0042500111,BOS-PHI,4,556,29,3,true,false,-1,True,0,1
H1W00817,0042500111,BOS-PHI,4,553,29,5,true,false,-1,True,0,0
H1W00818,0042500111,BOS-PHI,4,543,31,2,true,false,-3,True,-2,1
H1W00819,0042500111,BOS-PHI,4,519,28,6,true,false,2,False,,1
H1W00820,0042500111,BOS-PHI,4,499,28,1,true,false,0,False,,1
H1W00821,0042500111,BOS-PHI,4,475,28,1,true,false,1,False,,1
H1W00822,0042500111,BOS-PHI,4,450,28,-1,true,false,1,False,,1
H1W00823,0042500112,BOS-PHI,1,591,0,2,false,false,2,True,-2,0
H1W00824,0042500112,BOS-PHI,1,567,2,-3,false,false,-2,True,-1,0
H1W00825,0042500112,BOS-PHI,1,549,0,1,false,false,0,True,1,0
H1W00826,0042500112,BOS-PHI,1,523,0,-4,false,false,-2,True,3,0
H1W00827,0042500112,BOS-PHI,1,512,0,-2,false,false,-2,True,3,-1
H1W00828,0042500112,BOS-PHI,1,503,2,-2,false,false,-4,True,3,-1
H1W00829,0042500112,BOS-PHI,1,468,-2,0,false,true,5,True,7,-1
H1W00830,0042500112,BOS-PHI,1,462,-2,-2,false,true,5,True,10,0
H1W00831,0042500112,BOS-PHI,1,450,-2,-2,false,true,7,True,10,0
H1W00832,0042500112,BOS-PHI,1,444,1,-4,false,true,4,True,8,0
H1W00833,0042500112,BOS-PHI,1,429,1,1,false,true,4,True,8,0
H1W00834,0042500112,BOS-PHI,1,422,3,1,true,false,2,True,8,0
H1W00835,0042500112,BOS-PHI,1,410,3,5,true,false,5,True,8,0
H1W00836,0042500112,BOS-PHI,1,385,5,5,true,false,3,True,6,0
H1W00837,0042500112,BOS-PHI,1,369,5,7,true,false,4,True,6,0
H1W00838,0042500112,BOS-PHI,1,349,5,4,true,false,4,True,9,0
H1W00839,0042500112,BOS-PHI,1,327,5,4,true,false,6,True,6,0
H1W00840,0042500112,BOS-PHI,1,310,8,2,true,false,3,True,3,0
H1W00841,0042500112,BOS-PHI,1,296,8,5,true,false,3,True,1,0
H1W00842,0042500112,BOS-PHI,1,278,9,3,true,false,2,True,0,0
H1W00843,0042500112,BOS-PHI,1,270,9,4,true,false,5,True,-3,0
H1W00844,0042500112,BOS-PHI,1,261,11,4,true,false,0,True,-5,0
H1W00845,0042500112,BOS-PHI,1,248,11,6,true,false,0,True,-7,0
H1W00846,0042500112,BOS-PHI,1,237,11,3,true,false,-2,True,-7,0
H1W00847,0042500112,BOS-PHI,1,217,11,3,true,false,-2,True,-7,0
H1W00848,0042500112,BOS-PHI,1,200,14,2,true,false,-8,True,-8,0
H1W00849,0042500112,BOS-PHI,1,182,11,5,true,false,-5,True,-5,-1
H1W00850,0042500112,BOS-PHI,1,146,11,0,true,false,-7,True,-5,-1
H1W00851,0042500112,BOS-PHI,1,139,9,0,true,false,-5,True,-5,-1
H1W00852,0042500112,BOS-PHI,1,130,9,-2,true,false,-5,False,,0
H1W00853,0042500112,BOS-PHI,1,119,6,-2,true,false,0,False,,0
H1W00854,0042500112,BOS-PHI,2,586,5,1,false,true,-2,True,-5,0
H1W00855,0042500112,BOS-PHI,2,573,5,-4,false,true,-4,True,-3,0
H1W00856,0042500112,BOS-PHI,2,556,2,-3,false,true,-1,True,0,0
H1W00857,0042500112,BOS-PHI,2,538,4,-6,false,true,-5,True,0,0
H1W00858,0042500112,BOS-PHI,2,519,1,-2,false,true,-1,True,0,0
H1W00859,0042500112,BOS-PHI,2,503,3,-7,false,true,-3,True,0,1
H1W00860,0042500112,BOS-PHI,2,287,0,-2,false,true,-3,True,-2,-1
H1W00861,0042500112,BOS-PHI,2,267,-3,-2,false,true,0,True,-2,-2
H1W00862,0042500112,BOS-PHI,2,250,-3,-7,false,true,0,True,1,-1
H1W00863,0042500112,BOS-PHI,2,238,-3,-4,false,true,0,True,1,-1
H1W00864,0042500112,BOS-PHI,2,222,-1,-6,false,true,-4,True,-1,-1
H1W00865,0042500112,BOS-PHI,2,205,-3,-1,false,true,1,True,-4,-1
H1W00866,0042500112,BOS-PHI,2,183,-3,-3,false,true,-2,True,-4,0
H1W00867,0042500112,BOS-PHI,2,170,-3,0,false,true,1,True,-4,0
H1W00868,0042500112,BOS-PHI,2,144,-3,0,false,true,1,True,-4,0
H1W00869,0042500112,BOS-PHI,2,137,-5,0,false,true,3,False,,0
H1W00870,0042500112,BOS-PHI,2,125,-2,-4,false,true,-5,False,,0
H1W00871,0042500112,BOS-PHI,2,112,-5,1,false,true,-2,False,,0
H1W00872,0042500112,BOS-PHI,2,100,-2,-2,false,true,-5,False,,1
H1W00873,0042500112,BOS-PHI,2,87,-2,1,false,true,-5,False,,1
H1W00874,0042500112,BOS-PHI,3,637,-10,-3,false,true,0,True,4,1
H1W00875,0042500112,BOS-PHI,3,620,-10,0,false,true,2,True,4,1
H1W00876,0042500112,BOS-PHI,3,608,-10,-2,false,true,-1,True,4,1
H1W00877,0042500112,BOS-PHI,3,592,-12,0,false,true,3,True,4,1
H1W00878,0042500112,BOS-PHI,3,575,-10,-2,false,true,1,True,5,1
H1W00879,0042500112,BOS-PHI,3,559,-10,0,false,true,4,True,4,0
H1W00880,0042500112,BOS-PHI,3,553,-8,0,true,false,2,True,2,0
H1W00881,0042500112,BOS-PHI,3,528,-11,2,true,false,5,True,3,0
H1W00882,0042500112,BOS-PHI,3,511,-9,-1,true,false,1,True,3,0
H1W00883,0042500112,BOS-PHI,3,501,-9,3,true,false,4,True,3,0
H1W00884,0042500112,BOS-PHI,3,493,-6,1,true,false,0,True,2,0
H1W00885,0042500112,BOS-PHI,3,464,-6,4,true,false,0,True,2,0
H1W00886,0042500112,BOS-PHI,3,444,-6,2,true,false,-2,True,2,0
H1W00887,0042500112,BOS-PHI,3,433,-8,5,true,false,2,True,4,0
H1W00888,0042500112,BOS-PHI,3,410,-5,1,true,false,-1,True,1,0
H1W00889,0042500112,BOS-PHI,3,383,-6,4,true,false,2,True,2,0
H1W00890,0042500112,BOS-PHI,3,375,-6,0,true,false,2,True,4,0
H1W00891,0042500112,BOS-PHI,3,369,-8,0,true,false,4,True,6,0
H1W00892,0042500112,BOS-PHI,3,304,-4,-1,true,false,0,True,-1,1
H1W00893,0042500112,BOS-PHI,3,287,-4,2,true,false,2,True,-1,1
H1W00894,0042500112,BOS-PHI,3,276,-4,2,true,false,2,True,-1,2
H1W00895,0042500112,BOS-PHI,3,267,-4,4,true,false,2,True,-3,2
H1W00896,0042500112,BOS-PHI,3,247,-4,2,true,false,-1,True,0,2
H1W00897,0042500112,BOS-PHI,3,239,-4,2,true,false,-1,True,-2,1
H1W00898,0042500112,BOS-PHI,3,234,-2,0,true,false,-3,True,-4,1
H1W00899,0042500112,BOS-PHI,4,500,-6,-3,false,true,0,True,5,0
H1W00900,0042500112,BOS-PHI,4,493,-6,0,false,true,3,True,2,0
H1W00901,0042500112,BOS-PHI,4,468,-6,-2,false,true,3,True,2,0
H1W00902,0042500112,BOS-PHI,4,461,-6,0,false,true,5,True,-1,0
H1W00903,0042500112,BOS-PHI,4,455,-6,0,false,true,5,True,-1,0
H1W00904,0042500112,BOS-PHI,4,436,-6,0,false,true,5,True,-3,0
H1W00905,0042500112,BOS-PHI,4,417,-3,0,true,false,-1,True,-6,0
H1W00906,0042500112,BOS-PHI,4,399,-3,3,true,false,-1,True,-9,0
H1W00907,0042500112,BOS-PHI,4,385,-1,3,true,false,-6,True,-8,0
H1W00908,0042500112,BOS-PHI,4,364,-1,5,true,false,-6,True,-11,-1
H1W00909,0042500112,BOS-PHI,4,353,-1,5,true,false,-8,True,-11,-1
H1W00910,0042500112,BOS-PHI,4,339,-4,5,true,false,-5,True,-11,-2
H1W00911,0042500112,BOS-PHI,4,314,-4,-1,true,false,-8,True,-11,-2
H1W00912,0042500112,BOS-PHI,4,306,-7,-1,false,true,-2,True,-8,-2
H1W00913,0042500112,BOS-PHI,4,291,-7,-6,false,true,-5,True,-5,-1
H1W00914,0042500112,BOS-PHI,4,276,-9,-6,false,true,-3,True,-3,-1
H1W00915,0042500112,BOS-PHI,4,259,-9,-8,false,true,-6,True,-3,0
H1W00916,0042500112,BOS-PHI,4,247,-12,-5,false,true,-3,True,-3,0
H1W00917,0042500112,BOS-PHI,4,220,-9,-8,false,true,-6,True,-4,0
H1W00918,0042500112,BOS-PHI,4,193,-12,-2,false,true,0,True,-1,0
H1W00919,0042500112,BOS-PHI,4,179,-12,-5,false,true,0,False,,0
H1W00920,0042500112,BOS-PHI,4,162,-15,-3,false,true,3,False,,0
H1W00921,0042500112,BOS-PHI,4,152,-15,-6,false,true,0,False,,0
H1W00922,0042500112,BOS-PHI,4,133,-15,-3,false,true,2,False,,0
H1W00923,0042500112,BOS-PHI,4,124,-12,-6,false,true,-1,False,,1
H1W00924,0042500113,BOS-PHI,1,591,1,0,true,false,0,True,2,0
H1W00925,0042500113,BOS-PHI,1,575,1,5,true,false,2,True,-1,0
H1W00926,0042500113,BOS-PHI,1,545,3,3,true,false,0,True,-3,0
H1W00927,0042500113,BOS-PHI,1,537,1,5,true,false,2,True,-1,0
H1W00928,0042500113,BOS-PHI,1,517,1,3,true,false,2,True,2,1
H1W00929,0042500113,BOS-PHI,1,506,1,3,true,false,2,True,-1,1
H1W00930,0042500113,BOS-PHI,1,489,3,0,true,false,-3,True,-1,1
H1W00931,0042500113,BOS-PHI,1,470,3,2,true,false,-3,True,-1,1
H1W00932,0042500113,BOS-PHI,1,442,3,0,true,false,-3,True,1,1
H1W00933,0042500113,BOS-PHI,1,438,3,2,true,false,0,True,-2,0
H1W00934,0042500113,BOS-PHI,1,426,3,2,true,false,-3,True,-2,0
H1W00935,0042500113,BOS-PHI,1,408,0,2,true,false,2,True,1,0
H1W00936,0042500113,BOS-PHI,1,383,0,-3,false,false,2,True,1,0
H1W00937,0042500113,BOS-PHI,1,365,0,-3,false,false,4,True,-2,0
H1W00938,0042500113,BOS-PHI,1,362,3,-3,false,false,-2,True,-3,0
H1W00939,0042500113,BOS-PHI,1,343,0,0,false,false,1,True,-2,0
H1W00940,0042500113,BOS-PHI,1,318,2,-3,false,false,-1,True,-4,1
H1W00941,0042500113,BOS-PHI,1,283,2,2,false,false,-1,True,-4,0
H1W00942,0042500113,BOS-PHI,1,274,4,2,false,false,-6,True,-4,0
H1W00943,0042500113,BOS-PHI,1,258,1,4,false,false,-1,True,-4,0
H1W00944,0042500113,BOS-PHI,1,233,1,-2,false,false,-3,True,-4,0
H1W00945,0042500113,BOS-PHI,1,226,1,1,false,false,-3,True,-4,-1
H1W00946,0042500113,BOS-PHI,1,218,1,-1,false,false,-3,True,-4,0
H1W00947,0042500113,BOS-PHI,1,201,-2,-1,false,false,2,True,-4,0
H1W00948,0042500113,BOS-PHI,1,189,0,-6,false,false,-3,True,-4,0
H1W00949,0042500113,BOS-PHI,1,166,-2,-1,false,false,-1,True,-2,0
H1W00950,0042500113,BOS-PHI,1,147,-2,-3,false,false,-1,True,0,0
H1W00951,0042500113,BOS-PHI,1,132,-2,-3,false,false,-1,True,-3,0
H1W00952,0042500113,BOS-PHI,1,127,0,-3,false,false,-6,True,-5,0
H1W00953,0042500113,BOS-PHI,1,63,-6,-1,false,true,1,False,,0
H1W00954,0042500113,BOS-PHI,2,608,-5,0,false,true,-5,True,-3,0
H1W00955,0042500113,BOS-PHI,2,578,-8,0,false,true,0,True,0,0
H1W00956,0042500113,BOS-PHI,2,559,-6,-6,false,true,-2,True,-2,0
H1W00957,0042500113,BOS-PHI,2,538,-9,-1,false,true,3,True,1,0
H1W00958,0042500113,BOS-PHI,2,520,-7,-4,false,true,-1,True,2,0
H1W00959,0042500113,BOS-PHI,2,504,-10,-2,false,true,2,True,5,0
H1W00960,0042500113,BOS-PHI,2,484,-8,-5,false,true,0,True,3,1
H1W00961,0042500113,BOS-PHI,2,463,-8,0,false,true,0,True,3,1
H1W00962,0042500113,BOS-PHI,2,462,-6,-2,false,true,-2,True,1,1
H1W00963,0042500113,BOS-PHI,2,448,-8,3,false,true,3,True,3,1
H1W00964,0042500113,BOS-PHI,2,430,-8,-1,false,true,3,True,3,2
H1W00965,0042500113,BOS-PHI,2,404,-8,2,true,false,3,True,1,1
H1W00966,0042500113,BOS-PHI,2,396,-8,0,true,false,3,True,3,1
H1W00967,0042500113,BOS-PHI,2,375,-8,0,true,false,3,True,3,0
H1W00968,0042500113,BOS-PHI,2,364,-5,-2,true,false,0,True,1,0
H1W00969,0042500113,BOS-PHI,2,174,-6,1,true,false,2,False,,-1
H1W00970,0042500113,BOS-PHI,3,617,-5,-1,true,false,-2,True,-2,0
H1W00971,0042500113,BOS-PHI,3,599,-5,5,true,false,-2,True,-2,0
H1W00972,0042500113,BOS-PHI,3,591,-5,2,true,false,-2,True,1,0
H1W00973,0042500113,BOS-PHI,3,587,-7,5,true,false,0,True,3,0
H1W00974,0042500113,BOS-PHI,3,570,-7,1,true,false,-2,True,5,0
H1W00975,0042500113,BOS-PHI,3,550,-7,1,true,false,0,True,5,0
H1W00976,0042500113,BOS-PHI,3,533,-7,-2,true,false,0,True,7,1
H1W00977,0042500113,BOS-PHI,3,523,-7,-2,true,false,3,True,7,1
H1W00978,0042500113,BOS-PHI,3,504,-7,-2,false,false,3,True,10,1
H1W00979,0042500113,BOS-PHI,3,486,-9,0,false,false,7,True,10,1
H1W00980,0042500113,BOS-PHI,3,447,-4,0,true,false,4,True,5,1
H1W00981,0042500113,BOS-PHI,3,430,-4,3,true,false,7,True,5,1
H1W00982,0042500113,BOS-PHI,3,422,-2,3,true,false,3,True,3,1
H1W00983,0042500113,BOS-PHI,3,401,-2,7,true,false,3,True,1,0
H1W00984,0042500113,BOS-PHI,3,379,0,5,true,false,1,True,2,0
H1W00985,0042500113,BOS-PHI,3,356,0,7,true,false,1,True,0,0
H1W00986,0042500113,BOS-PHI,3,348,3,4,true,false,-2,True,-3,1
H1W00987,0042500113,BOS-PHI,3,329,1,7,true,false,0,True,-3,1
H1W00988,0042500113,BOS-PHI,3,314,1,3,true,false,-2,True,-1,1
H1W00989,0042500113,BOS-PHI,3,297,1,3,true,false,1,True,-1,1
H1W00990,0042500113,BOS-PHI,3,290,1,1,true,false,-1,True,-1,1
H1W00991,0042500113,BOS-PHI,3,281,1,1,true,false,-1,True,-4,0
H1W00992,0042500113,BOS-PHI,3,262,1,-2,true,false,-3,True,-4,0
H1W00993,0042500113,BOS-PHI,3,248,-1,0,false,false,1,True,-2,0
H1W00994,0042500113,BOS-PHI,3,217,2,-2,false,false,-2,True,-3,0
H1W00995,0042500113,BOS-PHI,3,192,0,1,false,false,0,True,-4,0
H1W00996,0042500113,BOS-PHI,3,176,0,-1,false,false,-3,True,-4,0
H1W00997,0042500113,BOS-PHI,3,174,-2,-1,false,false,-1,True,-2,0
H1W00998,0042500113,BOS-PHI,3,156,0,-3,false,false,-3,False,,1
H1W00999,0042500113,BOS-PHI,3,130,0,1,false,false,-1,False,,1
H1W01000,0042500113,BOS-PHI,3,110,0,-2,false,false,-4,False,,1
H1W01001,0042500113,BOS-PHI,3,92,-3,0,false,false,-1,False,,1
H1W01002,0042500113,BOS-PHI,3,76,-3,-3,false,false,-1,False,,1
H1W01003,0042500113,BOS-PHI,4,601,-3,1,true,false,2,True,5,-1
H1W01004,0042500113,BOS-PHI,4,595,-1,1,true,false,0,True,3,0
H1W01005,0042500113,BOS-PHI,4,570,-1,3,true,false,3,True,1,0
H1W01006,0042500113,BOS-PHI,4,570,-1,0,true,false,3,True,1,1
H1W01007,0042500113,BOS-PHI,4,564,-3,3,true,false,5,True,1,1
H1W01008,0042500113,BOS-PHI,4,556,-1,0,true,false,3,True,-1,2
H1W01009,0042500113,BOS-PHI,4,536,-1,2,true,false,3,True,-3,1
H1W01010,0042500113,BOS-PHI,4,522,2,0,true,false,-2,True,-6,1
H1W01011,0042500113,BOS-PHI,4,489,2,3,true,false,-2,True,-8,0
H1W01012,0042500113,BOS-PHI,4,478,2,3,true,false,-4,True,-8,0
H1W01013,0042500113,BOS-PHI,4,343,-4,-6,false,true,1,True,3,0
H1W01014,0042500113,BOS-PHI,4,339,-6,-4,false,true,5,True,4,0
H1W01015,0042500113,BOS-PHI,4,117,-3,3,false,false,-2,False,,0
H1W01016,0042500113,BOS-PHI,4,101,-1,-2,false,false,-6,False,,0
H1W01017,0042500113,BOS-PHI,4,77,-4,2,false,false,-3,False,,0
H1W01018,0042500114,BOS-PHI,1,612,0,0,false,false,-1,True,1,0
H1W01019,0042500114,BOS-PHI,1,599,-2,2,false,false,1,True,1,0
H1W01020,0042500114,BOS-PHI,1,580,-2,-2,false,false,1,True,1,0
H1W01021,0042500114,BOS-PHI,1,573,-3,-2,false,false,2,True,0,0
H1W01022,0042500114,BOS-PHI,1,567,-1,-3,false,false,0,True,0,1
H1W01023,0042500114,BOS-PHI,1,543,-1,-1,false,false,2,True,0,1
H1W01024,0042500114,BOS-PHI,1,534,-1,-1,false,false,0,True,0,1
H1W01025,0042500114,BOS-PHI,1,490,1,0,true,false,-2,True,0,1
H1W01026,0042500114,BOS-PHI,1,473,-1,2,true,false,0,True,-1,1
H1W01027,0042500114,BOS-PHI,1,438,-1,0,true,false,-2,True,-1,1
H1W01028,0042500114,BOS-PHI,1,419,-3,0,true,false,2,True,-2,1
H1W01029,0042500114,BOS-PHI,1,406,-1,-2,true,false,-1,True,-4,1
H1W01030,0042500114,BOS-PHI,1,395,-1,0,true,false,2,True,-6,0
H1W01031,0042500114,BOS-PHI,1,365,-1,-2,true,false,-1,True,-6,0
H1W01032,0042500114,BOS-PHI,1,340,-3,0,true,false,1,True,-7,0
H1W01033,0042500114,BOS-PHI,1,324,-1,-2,true,false,-4,True,-6,0
H1W01034,0042500114,BOS-PHI,1,293,-2,2,true,false,-3,True,-7,0
H1W01035,0042500114,BOS-PHI,1,281,1,-1,true,false,-8,True,-10,0
H1W01036,0042500114,BOS-PHI,1,270,-2,2,true,false,-5,True,-7,0
H1W01037,0042500114,BOS-PHI,1,243,-2,-1,false,true,-8,True,-7,0
H1W01038,0042500114,BOS-PHI,1,236,-5,1,false,true,-2,True,-7,0
H1W01039,0042500114,BOS-PHI,1,215,-5,-4,false,true,-4,True,-7,0
H1W01040,0042500114,BOS-PHI,1,210,-7,-3,false,true,-2,True,-8,-1
H1W01041,0042500114,BOS-PHI,1,184,-7,-8,false,true,-2,True,-6,-1
H1W01042,0042500114,BOS-PHI,1,169,-10,-5,false,true,1,True,-6,-2
H1W01043,0042500114,BOS-PHI,1,156,-7,-8,false,true,-5,False,,-2
H1W01044,0042500114,BOS-PHI,1,135,-9,-2,false,true,-3,False,,-3
H1W01045,0042500114,BOS-PHI,1,59,-9,-2,false,true,-7,False,,-1
H1W01046,0042500114,BOS-PHI,2,628,-15,0,false,false,-3,True,-5,0
H1W01047,0042500114,BOS-PHI,2,576,-18,0,false,true,-2,True,0,-1
H1W01048,0042500114,BOS-PHI,2,551,-18,-3,false,true,-2,True,0,0
H1W01049,0042500114,BOS-PHI,2,531,-21,-3,false,true,3,True,0,0
H1W01050,0042500114,BOS-PHI,2,512,-18,-6,false,true,0,True,-1,0
H1W01051,0042500114,BOS-PHI,2,492,-20,-3,false,true,2,True,1,0
H1W01052,0042500114,BOS-PHI,2,466,-20,-5,false,true,2,True,3,1
H1W01053,0042500114,BOS-PHI,2,452,-20,-2,false,true,2,True,3,0
H1W01054,0042500114,BOS-PHI,2,449,-18,-2,false,true,-3,True,3,0
H1W01055,0042500114,BOS-PHI,2,283,-15,1,true,false,-1,True,-2,0
H1W01056,0042500114,BOS-PHI,2,264,-18,6,true,false,2,True,1,-1
H1W01057,0042500114,BOS-PHI,2,247,-18,1,true,false,2,True,3,-1
H1W01058,0042500114,BOS-PHI,2,230,-18,1,true,false,2,True,3,-1
H1W01059,0042500114,BOS-PHI,2,224,-16,-1,true,false,-3,True,2,-1
H1W01060,0042500114,BOS-PHI,2,210,-16,1,true,false,-1,True,-1,-1
H1W01061,0042500114,BOS-PHI,2,201,-16,-1,true,false,-1,True,0,0
H1W01062,0042500114,BOS-PHI,2,192,-16,2,true,false,1,True,0,0
H1W01063,0042500114,BOS-PHI,2,190,-16,2,true,false,1,True,0,0
H1W01064,0042500114,BOS-PHI,2,170,-19,2,false,true,5,True,1,0
H1W01065,0042500114,BOS-PHI,2,141,-17,-3,false,true,0,True,-1,0
H1W01066,0042500114,BOS-PHI,2,119,-17,-1,false,true,1,False,,0
H1W01067,0042500114,BOS-PHI,2,105,-15,-1,false,true,-1,False,,0
H1W01068,0042500114,BOS-PHI,2,81,-15,1,false,true,-1,False,,0
H1W01069,0042500114,BOS-PHI,2,73,-14,1,true,false,-4,False,,0
H1W01070,0042500114,BOS-PHI,2,54,-17,5,true,false,-1,False,,0
H1W01071,0042500114,BOS-PHI,3,642,-17,1,false,true,-3,True,-6,1
H1W01072,0042500114,BOS-PHI,3,628,-17,-2,false,true,-3,True,-6,2
H1W01073,0042500114,BOS-PHI,3,620,-20,1,false,true,0,True,-6,2
H1W01074,0042500114,BOS-PHI,3,603,-20,-2,false,true,0,True,-6,2
H1W01075,0042500114,BOS-PHI,3,586,-20,-1,false,true,0,True,-6,1
H1W01076,0042500114,BOS-PHI,3,566,-20,-3,false,true,-3,True,-4,1
H1W01077,0042500114,BOS-PHI,3,559,-20,-3,true,false,-3,True,-6,0
H1W01078,0042500114,BOS-PHI,3,387,-23,3,true,false,3,True,-1,-1
H1W01079,0042500114,BOS-PHI,3,378,-23,3,true,false,1,True,2,0
H1W01080,0042500114,BOS-PHI,3,360,-23,3,true,false,3,True,-1,0
H1W01081,0042500114,BOS-PHI,3,349,-20,1,true,false,-3,True,-1,0
H1W01082,0042500114,BOS-PHI,3,329,-22,6,true,false,1,True,1,0
H1W01083,0042500114,BOS-PHI,3,313,-20,1,true,false,-4,True,1,0
H1W01084,0042500114,BOS-PHI,3,299,-22,3,true,false,1,True,1,0
H1W01085,0042500114,BOS-PHI,3,281,-20,1,true,false,-4,True,1,0
H1W01086,0042500114,BOS-PHI,3,262,-23,3,true,false,2,True,1,0
H1W01087,0042500114,BOS-PHI,3,242,-21,-3,true,false,0,True,-1,1
H1W01088,0042500114,BOS-PHI,3,224,-24,1,true,false,5,True,2,1
H1W01089,0042500114,BOS-PHI,3,203,-21,-4,false,false,0,True,1,1
H1W01090,0042500114,BOS-PHI,3,181,-24,1,false,false,5,True,2,1
H1W01091,0042500114,BOS-PHI,4,615,-28,-9,false,true,-1,True,4,1
H1W01092,0042500114,BOS-PHI,4,607,-28,-4,false,true,2,True,1,0
H1W01093,0042500114,BOS-PHI,4,602,-26,-4,true,false,0,True,-1,1
H1W01094,0042500114,BOS-PHI,4,579,-26,0,true,false,2,True,-1,1
H1W01095,0042500114,BOS-PHI,4,558,-26,0,true,false,0,True,1,1
H1W01096,0042500114,BOS-PHI,4,539,-29,4,true,false,5,True,1,1
H1W01097,0042500114,BOS-PHI,4,523,-26,-1,true,false,-1,True,-2,1
H1W01098,0042500115,BOS-PHI,1,572,-6,0,false,true,0,True,0,-2
H1W01099,0042500115,BOS-PHI,1,560,-6,-5,false,true,0,True,0,-1
H1W01100,0042500115,BOS-PHI,1,548,-6,-5,false,true,2,True,0,-1
H1W01101,0042500115,BOS-PHI,1,529,-6,-5,false,true,2,True,2,-1
H1W01102,0042500115,BOS-PHI,1,518,-6,-3,false,true,2,True,2,-1
H1W01103,0042500115,BOS-PHI,1,512,-6,-3,false,true,0,True,2,0
H1W01104,0042500115,BOS-PHI,1,498,-6,0,false,true,0,True,2,0
H1W01105,0042500115,BOS-PHI,1,489,-4,0,false,true,-2,True,2,0
H1W01106,0042500115,BOS-PHI,1,476,-4,2,false,true,0,True,-1,0
H1W01107,0042500115,BOS-PHI,1,466,-4,2,false,true,0,True,-1,0
H1W01108,0042500115,BOS-PHI,1,455,-6,2,false,true,2,True,1,-1
H1W01109,0042500115,BOS-PHI,1,439,-6,0,false,true,2,True,3,-1
H1W01110,0042500115,BOS-PHI,1,428,-6,0,false,true,4,True,1,-1
H1W01111,0042500115,BOS-PHI,1,412,-4,-2,false,true,-1,True,-1,-1
H1W01112,0042500115,BOS-PHI,1,392,-4,0,false,true,-1,True,-1,-1
H1W01113,0042500115,BOS-PHI,1,381,-4,0,false,true,-1,True,1,0
H1W01114,0042500115,BOS-PHI,1,369,-4,2,false,true,1,True,1,0
H1W01115,0042500115,BOS-PHI,1,353,-2,2,false,true,-3,True,-1,0
H1W01116,0042500115,BOS-PHI,1,338,-5,4,false,true,0,True,2,0
H1W01117,0042500115,BOS-PHI,1,318,-5,-1,false,true,0,True,4,0
H1W01118,0042500115,BOS-PHI,1,305,-5,-1,false,true,2,True,4,0
H1W01119,0042500115,BOS-PHI,1,294,-3,-1,false,true,0,True,4,0
H1W01120,0042500115,BOS-PHI,1,281,-5,1,false,true,2,True,4,0
H1W01121,0042500115,BOS-PHI,1,269,-5,-3,false,true,2,True,7,0
H1W01122,0042500115,BOS-PHI,1,262,-5,0,false,true,4,True,5,0
H1W01123,0042500115,BOS-PHI,1,247,-3,0,false,true,2,True,5,0
H1W01124,0042500115,BOS-PHI,1,232,-3,2,false,true,4,True,5,0
H1W01125,0042500115,BOS-PHI,1,223,-3,0,false,true,2,True,5,0
H1W01126,0042500115,BOS-PHI,1,212,-3,2,false,true,5,True,5,0
H1W01127,0042500115,BOS-PHI,1,202,-1,2,true,false,1,True,5,0
H1W01128,0042500115,BOS-PHI,1,193,-1,4,true,false,3,True,3,0
H1W01129,0042500115,BOS-PHI,1,179,1,2,true,false,1,True,1,0
H1W01130,0042500115,BOS-PHI,1,166,-1,4,true,false,3,False,,0
H1W01131,0042500115,BOS-PHI,1,153,2,2,true,false,0,False,,0
H1W01132,0042500115,BOS-PHI,1,131,0,5,true,false,4,False,,0
H1W01133,0042500115,BOS-PHI,1,109,2,1,true,false,0,False,,0
H1W01134,0042500115,BOS-PHI,1,91,2,3,true,false,0,False,,0
H1W01135,0042500115,BOS-PHI,2,640,3,3,false,false,4,True,5,1
H1W01136,0042500115,BOS-PHI,2,549,5,3,true,false,5,True,2,0
H1W01137,0042500115,BOS-PHI,2,545,7,0,true,false,1,True,0,0
H1W01138,0042500115,BOS-PHI,2,532,6,4,true,false,4,True,1,0
H1W01139,0042500115,BOS-PHI,2,519,9,1,true,false,-1,True,-2,0
H1W01140,0042500115,BOS-PHI,2,501,8,6,true,false,3,True,-3,0
H1W01141,0042500115,BOS-PHI,2,483,10,3,true,false,-3,True,-5,0
H1W01142,0042500115,BOS-PHI,2,468,8,5,true,false,-1,True,-3,0
H1W01143,0042500115,BOS-PHI,2,457,10,1,true,false,-3,True,-2,1
H1W01144,0042500115,BOS-PHI,2,438,8,4,true,false,-1,True,-2,0
H1W01145,0042500115,BOS-PHI,2,428,11,-1,false,false,-6,True,-5,0
H1W01146,0042500115,BOS-PHI,2,373,7,-3,false,true,-1,True,-3,0
H1W01147,0042500115,BOS-PHI,2,369,5,-1,false,true,1,True,-1,-1
H1W01148,0042500115,BOS-PHI,2,358,5,-6,false,true,-1,True,2,-1
H1W01149,0042500115,BOS-PHI,2,348,5,-2,false,true,-1,True,0,-1
H1W01150,0042500115,BOS-PHI,2,336,8,-2,false,true,-6,True,-3,-1
H1W01151,0042500115,BOS-PHI,2,239,2,-1,false,true,3,True,4,-1
H1W01152,0042500115,BOS-PHI,2,210,4,-6,false,true,-2,True,2,-1
H1W01153,0042500115,BOS-PHI,2,192,4,-2,false,true,0,True,2,-1
H1W01154,0042500115,BOS-PHI,3,624,11,4,false,false,-2,True,-6,-1
H1W01155,0042500115,BOS-PHI,3,613,13,2,false,false,-6,True,-8,-1
H1W01156,0042500115,BOS-PHI,3,546,7,-2,false,true,-2,True,-6,0
H1W01157,0042500115,BOS-PHI,3,521,8,-6,false,true,-3,True,-5,1
H1W01158,0042500115,BOS-PHI,3,499,6,-3,false,true,0,True,-5,1
H1W01159,0042500115,BOS-PHI,3,479,7,-5,false,true,-3,True,-6,1
H1W01160,0042500115,BOS-PHI,3,472,5,-2,false,true,-1,True,-4,0
H1W01161,0042500115,BOS-PHI,3,442,5,-4,false,true,-4,True,-1,0
H1W01162,0042500115,BOS-PHI,3,440,5,-2,false,true,-2,True,-4,-1
H1W01163,0042500115,BOS-PHI,3,437,6,-3,false,true,-5,True,-2,-1
H1W01164,0042500115,BOS-PHI,3,397,1,-1,false,true,3,True,5,0
H1W01165,0042500115,BOS-PHI,3,378,3,-4,false,true,-2,True,5,0
H1W01166,0042500115,BOS-PHI,3,360,1,-2,false,true,3,True,7,0
H1W01167,0042500115,BOS-PHI,3,341,1,-5,false,true,3,True,7,0
H1W01168,0042500115,BOS-PHI,3,332,1,-3,false,true,5,True,4,0
H1W01169,0042500115,BOS-PHI,3,312,4,-3,false,true,2,True,4,1
H1W01170,0042500115,BOS-PHI,3,293,1,3,false,true,7,True,4,1
H1W01171,0042500115,BOS-PHI,3,276,4,-2,true,false,4,True,3,2
H1W01172,0042500115,BOS-PHI,3,250,4,3,true,false,4,True,0,2
H1W01173,0042500115,BOS-PHI,3,245,6,3,true,false,-1,True,-1,2
H1W01174,0042500115,BOS-PHI,3,223,6,5,true,false,2,True,-4,1
H1W01175,0042500115,BOS-PHI,3,214,8,2,true,false,-3,True,-4,1
H1W01176,0042500115,BOS-PHI,3,201,8,7,true,false,-1,True,-4,0
H1W01177,0042500115,BOS-PHI,3,179,8,4,true,false,-4,True,-4,0
H1W01178,0042500115,BOS-PHI,3,172,5,4,true,false,0,True,-4,0
H1W01179,0042500115,BOS-PHI,3,148,8,-1,true,false,-6,True,-7,0
H1W01180,0042500115,BOS-PHI,3,134,5,2,true,false,-1,False,,0
H1W01181,0042500115,BOS-PHI,3,112,7,-3,true,false,-3,False,,0
H1W01182,0042500115,BOS-PHI,3,104,4,-1,true,false,0,False,,0
H1W01183,0042500115,BOS-PHI,3,91,5,-4,true,false,-4,False,,0
H1W01184,0042500115,BOS-PHI,3,81,2,0,true,false,-1,False,,0
H1W01185,0042500115,BOS-PHI,4,627,-2,-3,false,true,-2,True,0,0
H1W01186,0042500115,BOS-PHI,4,618,-4,0,false,true,3,True,-1,0
H1W01187,0042500115,BOS-PHI,4,599,-4,-2,false,true,1,True,1,0
H1W01188,0042500115,BOS-PHI,4,592,-4,-2,false,true,1,True,1,0
H1W01189,0042500115,BOS-PHI,4,569,-4,-2,false,true,-1,True,1,0
H1W01190,0042500115,BOS-PHI,4,545,-4,-2,false,true,2,True,-2,0
H1W01191,0042500115,BOS-PHI,4,537,-1,-2,false,true,-4,True,-5,0
H1W01192,0042500115,BOS-PHI,4,510,-3,3,false,true,0,True,-5,0
H1W01193,0042500115,BOS-PHI,4,489,-3,1,false,true,0,True,-5,1
H1W01194,0042500115,BOS-PHI,4,478,-5,1,false,true,2,True,-5,1
H1W01195,0042500115,BOS-PHI,4,457,-2,-1,false,true,-4,True,-8,1
H1W01196,0042500115,BOS-PHI,4,440,-5,2,false,true,-1,True,-5,1
H1W01197,0042500115,BOS-PHI,4,406,-3,-4,false,true,-5,True,-7,1
H1W01198,0042500115,BOS-PHI,4,390,-3,0,false,true,-5,True,-9,0
H1W01199,0042500115,BOS-PHI,4,375,-3,0,false,true,-7,True,-9,0
H1W01200,0042500115,BOS-PHI,4,317,-8,-1,false,true,-2,True,-7,0
H1W01201,0042500115,BOS-PHI,4,303,-8,-5,false,true,-4,True,-5,0
H1W01202,0042500115,BOS-PHI,4,292,-10,-5,false,true,-2,True,-5,-1
H1W01203,0042500115,BOS-PHI,4,271,-10,-7,false,true,-2,True,-5,-1
H1W01204,0042500115,BOS-PHI,4,253,-10,-4,false,true,-2,True,-5,-1
H1W01205,0042500115,BOS-PHI,4,234,-10,-4,false,true,-5,True,-5,-1
H1W01206,0042500115,BOS-PHI,4,145,-15,-2,false,true,0,False,,0
H1W01207,0042500115,BOS-PHI,4,136,-13,-5,false,true,-4,False,,0
H1W01208,0042500115,BOS-PHI,4,110,-15,-1,false,true,-1,False,,0
H1W01209,0042500115,BOS-PHI,4,100,-15,-3,false,true,-1,False,,1
H1W01210,0042500116,BOS-PHI,1,631,0,2,true,false,3,True,1,0
H1W01211,0042500116,BOS-PHI,1,613,0,-2,true,false,1,True,4,0
H1W01212,0042500116,BOS-PHI,1,593,0,-2,true,false,1,True,4,0
H1W01213,0042500116,BOS-PHI,1,583,0,-2,true,false,1,True,7,0
H1W01214,0042500116,BOS-PHI,1,573,0,-2,false,false,1,True,7,0
H1W01215,0042500116,BOS-PHI,1,566,3,-2,false,false,-2,True,4,0
H1W01216,0042500116,BOS-PHI,1,549,1,3,false,false,3,True,4,0
H1W01217,0042500116,BOS-PHI,1,535,1,1,false,false,3,True,4,1
H1W01218,0042500116,BOS-PHI,1,519,1,1,false,false,6,True,2,1
H1W01219,0042500116,BOS-PHI,1,510,1,1,false,false,6,True,2,1
H1W01220,0042500116,BOS-PHI,1,505,1,1,false,false,6,True,1,1
H1W01221,0042500116,BOS-PHI,1,394,3,1,false,true,1,True,-2,1
H1W01222,0042500116,BOS-PHI,1,360,3,-4,false,true,-2,True,0,1
H1W01223,0042500116,BOS-PHI,1,342,2,-4,false,true,-1,True,-1,1
H1W01224,0042500116,BOS-PHI,1,322,4,-5,false,true,-5,True,0,1
H1W01225,0042500116,BOS-PHI,1,309,4,-1,false,true,-3,True,0,0
H1W01226,0042500116,BOS-PHI,1,293,4,-1,false,true,-3,True,0,1
H1W01227,0042500116,BOS-PHI,1,289,1,1,false,true,2,True,0,1
H1W01228,0042500116,BOS-PHI,1,264,1,-2,false,true,0,True,0,1
H1W01229,0042500116,BOS-PHI,1,260,-1,-1,false,true,5,True,1,1
H1W01230,0042500116,BOS-PHI,1,242,1,-5,false,true,3,True,-1,2
H1W01231,0042500116,BOS-PHI,1,226,1,-3,false,true,3,True,-1,1
H1W01232,0042500116,BOS-PHI,1,221,3,-3,true,false,-2,True,-3,1
H1W01233,0042500116,BOS-PHI,1,198,1,2,true,false,0,True,-1,1
H1W01234,0042500116,BOS-PHI,1,176,4,0,true,false,-4,True,-4,1
H1W01235,0042500116,BOS-PHI,2,635,-2,1,true,false,1,True,3,1
H1W01236,0042500116,BOS-PHI,2,628,-2,3,true,false,3,True,3,0
H1W01237,0042500116,BOS-PHI,2,613,1,1,true,false,0,True,0,0
H1W01238,0042500116,BOS-PHI,2,599,-1,4,true,false,2,True,2,0
H1W01239,0042500116,BOS-PHI,2,576,-1,1,true,false,0,True,4,0
H1W01240,0042500116,BOS-PHI,2,561,-1,1,true,false,2,True,1,0
H1W01241,0042500116,BOS-PHI,2,555,1,1,true,false,0,True,2,1
H1W01242,0042500116,BOS-PHI,2,531,1,3,true,false,0,True,1,1
H1W01243,0042500116,BOS-PHI,2,516,1,0,true,false,0,True,4,1
H1W01244,0042500116,BOS-PHI,2,513,-1,2,true,false,4,True,3,1
H1W01245,0042500116,BOS-PHI,2,454,1,0,true,false,4,True,5,0
H1W01246,0042500116,BOS-PHI,2,447,3,0,true,false,-1,True,3,0
H1W01247,0042500116,BOS-PHI,2,438,0,4,true,false,4,True,6,0
H1W01248,0042500116,BOS-PHI,2,418,3,-1,true,false,1,True,5,0
H1W01249,0042500116,BOS-PHI,2,397,2,2,true,false,4,True,4,0
H1W01250,0042500116,BOS-PHI,2,386,5,1,true,false,1,True,3,1
H1W01251,0042500116,BOS-PHI,2,366,2,4,true,false,4,True,4,1
H1W01252,0042500116,BOS-PHI,2,354,4,-1,false,false,2,True,5,2
H1W01253,0042500116,BOS-PHI,2,332,4,4,false,false,4,True,5,2
H1W01254,0042500116,BOS-PHI,2,321,6,1,false,false,0,True,3,2
H1W01255,0042500116,BOS-PHI,2,286,6,4,true,false,3,True,1,0
H1W01256,0042500116,BOS-PHI,2,260,8,2,true,false,1,True,-1,0
H1W01257,0042500116,BOS-PHI,2,247,6,4,true,false,3,True,1,-1
H1W01258,0042500116,BOS-PHI,2,235,8,0,true,false,-1,True,-1,-1
H1W01259,0042500116,BOS-PHI,2,215,6,2,true,false,3,True,1,-1
H1W01260,0042500116,BOS-PHI,2,201,9,0,true,false,-2,True,0,-1
H1W01261,0042500116,BOS-PHI,2,194,9,3,true,false,-2,True,0,-1
H1W01262,0042500116,BOS-PHI,2,189,9,1,true,false,-2,True,3,0
H1W01263,0042500116,BOS-PHI,2,178,7,3,true,false,0,True,2,0
H1W01264,0042500116,BOS-PHI,2,170,9,-1,true,false,-2,True,0,0
H1W01265,0042500116,BOS-PHI,2,169,7,3,false,true,2,True,0,0
H1W01266,0042500116,BOS-PHI,2,148,7,-2,false,true,2,True,2,0
H1W01267,0042500116,BOS-PHI,2,134,7,-2,false,true,5,True,2,0
H1W01268,0042500116,BOS-PHI,2,122,7,-2,false,true,2,False,,0
H1W01269,0042500116,BOS-PHI,2,109,7,0,false,true,2,False,,0
H1W01270,0042500116,BOS-PHI,2,96,9,-2,false,true,-2,False,,0
H1W01271,0042500116,BOS-PHI,2,76,9,2,false,true,0,False,,0
H1W01272,0042500116,BOS-PHI,2,68,12,2,true,false,-3,False,,0
H1W01273,0042500116,BOS-PHI,3,635,14,3,true,false,0,True,1,1
H1W01274,0042500116,BOS-PHI,3,623,14,5,true,false,0,True,-2,0
H1W01275,0042500116,BOS-PHI,3,603,14,2,true,false,-3,True,0,0
H1W01276,0042500116,BOS-PHI,3,577,14,2,true,false,-1,True,0,0
H1W01277,0042500116,BOS-PHI,3,569,14,0,true,false,-1,True,3,0
H1W01278,0042500116,BOS-PHI,3,559,14,2,true,false,1,True,3,0
H1W01279,0042500116,BOS-PHI,3,543,14,0,true,false,-2,True,3,0
H1W01280,0042500116,BOS-PHI,3,537,11,0,true,false,3,True,6,0
H1W01281,0042500116,BOS-PHI,3,520,13,-3,true,false,1,True,4,0
H1W01282,0042500116,BOS-PHI,3,472,14,-2,true,false,3,True,1,0
H1W01283,0042500116,BOS-PHI,3,450,14,3,true,false,3,True,1,-1
H1W01284,0042500116,BOS-PHI,3,447,17,1,true,false,0,True,-2,-1
H1W01285,0042500116,BOS-PHI,3,419,17,4,true,false,0,True,-4,-1
H1W01286,0042500116,BOS-PHI,3,402,17,2,true,false,-2,True,-2,-1
H1W01287,0042500116,BOS-PHI,3,394,17,5,true,false,-2,True,-2,-1
H1W01288,0042500116,BOS-PHI,3,380,17,3,true,false,-2,True,-2,0
H1W01289,0042500116,BOS-PHI,3,366,17,3,true,false,-2,True,-2,0
H1W01290,0042500116,BOS-PHI,3,353,17,0,true,false,-4,True,0,0
H1W01291,0042500116,BOS-PHI,3,343,15,0,false,true,0,True,2,0
H1W01292,0042500116,BOS-PHI,3,317,15,-2,false,true,0,True,2,0
H1W01293,0042500116,BOS-PHI,3,305,15,-2,false,true,0,True,2,0
H1W01294,0042500116,BOS-PHI,3,286,15,-2,false,true,0,True,2,0
H1W01295,0042500116,BOS-PHI,3,271,13,-2,false,true,4,True,4,0
H1W01296,0042500116,BOS-PHI,3,254,15,-4,false,true,2,True,4,0
H1W01297,0042500116,BOS-PHI,3,232,15,0,false,true,2,True,4,0
H1W01298,0042500116,BOS-PHI,3,205,15,0,false,true,2,True,6,0
H1W01299,0042500116,BOS-PHI,3,185,15,0,false,true,2,True,6,0
H1W01300,0042500116,BOS-PHI,3,173,17,0,false,true,0,True,4,0
H1W01301,0042500116,BOS-PHI,3,156,17,4,false,false,2,True,2,0
H1W01302,0042500116,BOS-PHI,3,152,17,2,false,false,2,False,,0
H1W01303,0042500116,BOS-PHI,3,144,17,2,false,false,4,False,,0
H1W01304,0042500116,BOS-PHI,3,121,17,2,false,false,4,False,,0
H1W01305,0042500116,BOS-PHI,3,102,17,2,false,false,4,False,,0
H1W01306,0042500116,BOS-PHI,3,88,19,0,false,false,0,False,,0
H1W01307,0042500116,BOS-PHI,4,638,21,2,true,false,-1,True,-3,0
H1W01308,0042500116,BOS-PHI,4,624,23,2,true,false,-3,True,-5,0
H1W01309,0042500116,BOS-PHI,4,609,20,6,true,false,0,True,-5,-1
H1W01310,0042500116,BOS-PHI,4,590,20,1,true,false,0,True,-5,-1
H1W01311,0042500116,BOS-PHI,4,575,20,1,true,false,0,True,-7,-2
H1W01312,0042500116,BOS-PHI,4,541,20,-1,true,false,-2,True,-5,-2
H1W01313,0042500116,BOS-PHI,4,536,20,-1,true,false,-2,True,-5,-2
H1W01314,0042500116,BOS-PHI,4,532,20,-3,true,false,-5,True,-3,-1
H1W01315,0042500116,BOS-PHI,4,513,20,0,true,false,-5,True,-5,-1
H1W01316,0042500116,BOS-PHI,4,498,20,0,false,true,-7,True,-3,0
H1W01317,0042500116,BOS-PHI,4,491,18,0,false,true,-3,True,-1,0
H1W01318,0042500116,BOS-PHI,4,473,18,-2,false,true,-3,True,3,0
H1W01319,0042500116,BOS-PHI,4,465,15,-2,false,true,2,True,4,0
H1W01320,0042500116,BOS-PHI,4,443,15,-5,false,true,0,True,4,0
H1W01321,0042500116,BOS-PHI,4,430,13,-5,false,true,4,True,5,0
H1W01322,0042500116,BOS-PHI,4,407,15,-7,false,true,2,True,3,0
H1W01323,0042500116,BOS-PHI,4,392,15,-3,false,true,6,True,1,0
H1W01324,0042500116,BOS-PHI,4,378,17,-3,false,true,2,True,-1,0
H1W01325,0042500116,BOS-PHI,4,365,15,2,false,true,4,True,1,0
H1W01326,0042500116,BOS-PHI,4,346,17,0,false,true,1,True,-1,0
H1W01327,0042500116,BOS-PHI,4,327,17,4,false,true,1,True,-4,-1
H1W01328,0042500116,BOS-PHI,4,226,18,1,false,true,-5,True,-1,0
H1W01329,0042500116,BOS-PHI,4,216,16,1,false,true,0,True,-1,0
H1W01330,0042500116,BOS-PHI,4,190,16,-5,false,true,-3,True,-1,0
H1W01331,0042500116,BOS-PHI,4,172,16,-3,false,true,-1,True,-3,0
H1W01332,0042500116,BOS-PHI,4,150,16,-3,false,true,-1,True,-3,0
H1W01333,0042500116,BOS-PHI,4,138,13,-2,false,true,4,False,,0
H1W01334,0042500116,BOS-PHI,4,123,16,-5,false,true,-1,False,,0
H1W01335,0042500116,BOS-PHI,4,116,13,0,false,true,2,False,,-1
H1W01336,0042500116,BOS-PHI,4,95,15,-3,false,true,-2,False,,-1
H1W01337,0042500116,BOS-PHI,4,79,15,-1,false,true,-2,False,,-1
H1W01338,0042500117,BOS-PHI,1,633,-4,-4,false,false,-2,True,-2,1
H1W01339,0042500117,BOS-PHI,1,620,-6,-2,false,false,0,True,-2,0
H1W01340,0042500117,BOS-PHI,1,611,-6,-4,false,false,-3,True,-2,1
H1W01341,0042500117,BOS-PHI,1,384,-9,-2,false,true,-1,True,3,0
H1W01342,0042500117,BOS-PHI,1,368,-11,-2,false,true,3,True,3,0
H1W01343,0042500117,BOS-PHI,1,354,-11,-4,false,true,3,True,3,0
H1W01344,0042500117,BOS-PHI,1,346,-11,-2,false,true,5,True,1,0
H1W01345,0042500117,BOS-PHI,1,330,-8,-4,false,true,2,True,0,0
H1W01346,0042500117,BOS-PHI,1,311,-10,1,false,true,4,True,0,0
H1W01347,0042500117,BOS-PHI,1,301,-8,-1,false,true,0,True,-2,0
H1W01348,0042500117,BOS-PHI,1,286,-8,3,false,true,0,True,-5,0
H1W01349,0042500117,BOS-PHI,1,279,-6,3,true,false,-4,True,-7,0
H1W01350,0042500117,BOS-PHI,1,264,-6,5,true,false,-2,True,-9,0
H1W01351,0042500117,BOS-PHI,1,243,-6,2,true,false,-4,True,-7,0
H1W01352,0042500117,BOS-PHI,1,228,-8,4,true,false,-2,True,-5,0
H1W01353,0042500117,BOS-PHI,1,216,-8,0,true,false,-5,True,-5,0
H1W01354,0042500117,BOS-PHI,1,211,-10,0,true,false,-3,True,-3,0
H1W01355,0042500117,BOS-PHI,1,197,-8,-4,true,false,-7,True,-3,0
H1W01356,0042500117,BOS-PHI,1,185,-10,-2,true,false,-3,True,-3,0
H1W01357,0042500117,BOS-PHI,1,169,-10,-4,true,false,-3,False,,1
H1W01358,0042500117,BOS-PHI,1,154,-13,-2,false,true,0,False,,1
H1W01359,0042500117,BOS-PHI,1,130,-13,-5,false,true,0,False,,1
H1W01360,0042500117,BOS-PHI,1,115,-15,-3,false,true,4,False,,1
H1W01361,0042500117,BOS-PHI,1,96,-13,-7,false,true,0,False,,1
H1W01362,0042500117,BOS-PHI,2,593,-7,2,true,false,0,True,8,0
H1W01363,0042500117,BOS-PHI,2,571,-9,6,true,false,4,True,8,0
H1W01364,0042500117,BOS-PHI,2,547,-9,2,true,false,4,True,8,0
H1W01365,0042500117,BOS-PHI,2,539,-9,2,true,false,7,True,5,0
H1W01366,0042500117,BOS-PHI,2,522,-7,0,true,false,5,True,6,1
H1W01367,0042500117,BOS-PHI,2,503,-7,2,true,false,8,True,3,1
H1W01368,0042500117,BOS-PHI,2,428,-2,7,true,false,1,True,-1,0
H1W01369,0042500117,BOS-PHI,2,412,1,5,true,false,-5,True,-4,0
H1W01370,0042500117,BOS-PHI,2,381,-1,8,true,false,-3,True,-4,0
H1W01371,0042500117,BOS-PHI,2,363,-1,4,true,false,-4,True,-4,0
H1W01372,0042500117,BOS-PHI,2,357,-4,4,false,true,1,True,-1,0
H1W01373,0042500117,BOS-PHI,2,329,-1,-2,false,true,-2,True,-1,0
H1W01374,0042500117,BOS-PHI,2,315,-4,1,false,true,1,True,-1,0
H1W01375,0042500117,BOS-PHI,2,284,-4,-5,false,true,-1,True,-1,0
H1W01376,0042500117,BOS-PHI,2,276,-5,-3,false,true,0,True,0,0
H1W01377,0042500117,BOS-PHI,2,261,-3,-4,false,true,-2,True,-2,0
H1W01378,0042500117,BOS-PHI,2,246,-3,1,false,true,1,True,-3,0
H1W01379,0042500117,BOS-PHI,2,70,-6,1,false,true,1,False,,0
H1W01380,0042500117,BOS-PHI,3,611,-9,-4,false,true,-1,True,2,0
H1W01381,0042500117,BOS-PHI,3,591,-9,-6,false,true,-1,True,2,0
H1W01382,0042500117,BOS-PHI,3,580,-11,-3,false,true,4,True,4,0
H1W01383,0042500117,BOS-PHI,3,565,-8,-5,false,true,1,True,1,0
H1W01384,0042500117,BOS-PHI,3,550,-10,1,false,true,3,True,0,0
H1W01385,0042500117,BOS-PHI,3,528,-10,-1,false,true,3,True,3,1
H1W01386,0042500117,BOS-PHI,3,521,-10,-1,false,true,3,True,1,1
H1W01387,0042500117,BOS-PHI,3,514,-7,-1,false,true,0,True,0,1
H1W01388,0042500117,BOS-PHI,3,498,-7,4,false,true,0,True,-2,1
H1W01389,0042500117,BOS-PHI,3,476,-7,1,false,true,-3,True,-2,1
H1W01390,0042500117,BOS-PHI,3,473,-7,3,true,false,0,True,-4,0
H1W01391,0042500117,BOS-PHI,3,468,-7,3,true,false,-2,True,-4,0
H1W01392,0042500117,BOS-PHI,3,458,-7,3,true,false,0,True,-4,0
H1W01393,0042500117,BOS-PHI,3,447,-7,0,true,false,-2,True,-4,0
H1W01394,0042500117,BOS-PHI,3,428,-10,0,true,false,1,True,-3,0
H1W01395,0042500117,BOS-PHI,3,398,-7,-3,true,false,-4,True,-3,0
H1W01396,0042500117,BOS-PHI,3,369,-9,0,true,false,-2,True,-1,0
H1W01397,0042500117,BOS-PHI,3,363,-7,-2,true,false,-4,True,-3,0
H1W01398,0042500117,BOS-PHI,3,352,-9,0,true,false,-2,True,-4,0
H1W01399,0042500117,BOS-PHI,3,340,-9,-2,true,false,-4,True,-4,0
H1W01400,0042500117,BOS-PHI,3,328,-11,1,false,true,1,True,-4,0
H1W01401,0042500117,BOS-PHI,3,308,-11,-4,false,true,1,True,-4,0
H1W01402,0042500117,BOS-PHI,3,298,-11,-2,false,true,1,True,-7,0
H1W01403,0042500117,BOS-PHI,3,292,-11,-4,false,true,-2,True,-5,0
H1W01404,0042500117,BOS-PHI,3,272,-13,-2,false,true,0,True,-3,0
H1W01405,0042500117,BOS-PHI,3,262,-10,-4,false,true,-5,True,-6,0
H1W01406,0042500117,BOS-PHI,3,236,-10,1,false,true,-5,True,-6,0
H1W01407,0042500117,BOS-PHI,3,212,-10,1,false,true,-8,True,-4,0
H1W01408,0042500117,BOS-PHI,3,170,-15,0,false,true,-1,True,0,0
H1W01409,0042500117,BOS-PHI,3,155,-15,-5,false,true,-1,True,2,0
H1W01410,0042500117,BOS-PHI,3,144,-18,-5,false,true,4,False,,0
H1W01411,0042500117,BOS-PHI,3,127,-16,-8,false,true,-1,False,,0
H1W01412,0042500117,BOS-PHI,3,100,-16,-3,false,true,2,False,,0
H1W01413,0042500117,BOS-PHI,3,85,-16,-3,false,true,1,False,,0
H1W01414,0042500117,BOS-PHI,3,67,-16,-1,true,false,3,False,,0
H1W01415,0042500117,BOS-PHI,4,627,-8,3,true,false,0,True,3,0
H1W01416,0042500117,BOS-PHI,4,610,-10,5,true,false,5,True,5,0
H1W01417,0042500117,BOS-PHI,4,597,-8,3,true,false,3,True,3,0
H1W01418,0042500117,BOS-PHI,4,578,-8,5,true,false,6,True,3,0
H1W01419,0042500117,BOS-PHI,4,566,-6,2,true,false,1,True,1,0
H1W01420,0042500117,BOS-PHI,4,541,-8,4,true,false,3,True,3,0
H1W01421,0042500117,BOS-PHI,4,521,-4,0,true,false,0,True,3,0
H1W01422,0042500117,BOS-PHI,4,494,-4,5,true,false,0,True,1,0
H1W01423,0042500117,BOS-PHI,4,479,-1,3,true,false,-3,True,0,0
H1W01424,0042500117,BOS-PHI,4,460,-4,6,true,false,0,True,1,-1
H1W01425,0042500117,BOS-PHI,4,444,-4,1,true,false,0,True,1,-1
H1W01426,0042500117,BOS-PHI,4,429,-4,3,true,false,3,True,1,-1
H1W01427,0042500117,BOS-PHI,4,410,-4,0,true,false,1,True,3,-1
H1W01428,0042500117,BOS-PHI,4,387,-4,0,true,false,3,True,3,-1
H1W01429,0042500117,BOS-PHI,4,378,-4,-3,false,false,1,True,3,0
H1W01430,0042500117,BOS-PHI,4,364,-4,0,false,false,1,True,3,0
H1W01431,0042500117,BOS-PHI,4,352,-1,0,false,false,-2,True,0,1
H1W01432,0042500117,BOS-PHI,4,320,-3,3,false,false,2,True,2,1
H1W01433,0042500117,BOS-PHI,4,302,-1,1,false,false,0,True,0,1
H1W01434,0042500117,BOS-PHI,4,285,-3,3,false,false,2,True,0,1
H1W01435,0042500117,BOS-PHI,4,273,-3,1,false,false,2,True,0,1
H1W01436,0042500117,BOS-PHI,4,216,-1,2,true,false,0,True,-4,0
H1W01437,0042500117,BOS-PHI,4,200,-1,0,true,false,-2,True,-4,0
H1W01438,0042500117,BOS-PHI,4,181,-1,2,true,false,-2,True,-6,0
H1W01439,0042500117,BOS-PHI,4,167,-1,2,true,false,-4,True,-6,0
H1W01440,0042500117,BOS-PHI,4,145,-1,2,true,false,-4,True,-8,0
H1W01441,0042500117,BOS-PHI,4,137,-1,0,true,false,-4,True,-6,0
H1W01442,0042500117,BOS-PHI,4,120,-3,0,true,false,-2,True,-6,0
H1W01443,0042500117,BOS-PHI,4,96,-3,-2,true,false,-4,True,-6,0
H1W01444,0042500117,BOS-PHI,4,75,-5,-2,false,false,-2,False,,0
H1W01445,0042500117,BOS-PHI,4,55,-5,-4,false,false,-4,False,,0
H1W01446,0042500117,BOS-PHI,4,33,-5,-4,false,false,-2,False,,0
H1W01447,0042500117,BOS-PHI,4,20,-5,-4,false,false,-4,False,,0
H1W01448,0042500117,BOS-PHI,4,20,-7,-2,false,false,-2,False,,0
H1W01449,0042500122,NYK-ATL,1,636,3,2,true,false,0,True,0,0
H1W01450,0042500122,NYK-ATL,1,623,1,3,true,false,5,True,2,0
H1W01451,0042500122,NYK-ATL,1,597,3,1,true,false,1,True,0,0
H1W01452,0042500122,NYK-ATL,1,582,1,3,true,false,5,True,2,0
H1W01453,0042500122,NYK-ATL,1,561,3,-1,true,false,0,True,3,0
H1W01454,0042500122,NYK-ATL,1,537,3,1,true,false,0,True,3,0
H1W01455,0042500122,NYK-ATL,1,518,6,0,true,false,-3,True,2,0
H1W01456,0042500122,NYK-ATL,1,506,4,5,true,false,-1,True,4,-1
H1W01457,0042500122,NYK-ATL,1,495,6,1,true,false,-3,True,2,0
H1W01458,0042500122,NYK-ATL,1,486,3,5,true,false,3,True,5,0
H1W01459,0042500122,NYK-ATL,1,459,3,0,true,false,3,True,5,0
H1W01460,0042500122,NYK-ATL,1,426,6,-3,true,false,2,True,1,0
H1W01461,0042500122,NYK-ATL,1,407,6,3,true,false,2,True,1,0
H1W01462,0042500122,NYK-ATL,1,106,11,3,true,false,-3,False,,-1
H1W01463,0042500122,NYK-ATL,1,98,8,5,true,false,2,False,,-1
H1W01464,0042500122,NYK-ATL,1,80,10,0,true,false,0,False,,-1
H1W01465,0042500122,NYK-ATL,1,68,8,2,true,false,2,False,,-1
H1W01466,0042500122,NYK-ATL,2,629,4,-4,false,true,0,True,-3,-1
H1W01467,0042500122,NYK-ATL,2,590,4,-7,false,true,-2,True,-1,-1
H1W01468,0042500122,NYK-ATL,2,562,4,-4,false,true,-2,True,-1,-2
H1W01469,0042500122,NYK-ATL,2,543,6,-4,false,true,-6,True,-1,-2
H1W01470,0042500122,NYK-ATL,2,517,2,0,false,true,1,True,3,-1
H1W01471,0042500122,NYK-ATL,2,398,5,5,true,false,2,True,-3,-1
H1W01472,0042500122,NYK-ATL,2,378,8,4,true,false,-4,True,-5,-1
H1W01473,0042500122,NYK-ATL,2,160,3,0,true,false,1,True,1,0
H1W01474,0042500122,NYK-ATL,2,151,4,-2,true,false,0,True,2,0
H1W01475,0042500122,NYK-ATL,2,139,4,2,true,false,3,True,2,0
H1W01476,0042500122,NYK-ATL,2,137,7,1,true,false,0,True,1,1
H1W01477,0042500122,NYK-ATL,2,122,4,6,true,false,3,False,,1
H1W01478,0042500122,NYK-ATL,2,107,4,1,true,false,0,False,,1
H1W01479,0042500122,NYK-ATL,2,95,4,1,true,false,2,False,,1
H1W01480,0042500122,NYK-ATL,2,75,7,0,true,false,-1,False,,1
H1W01481,0042500122,NYK-ATL,2,63,7,3,true,false,1,False,,0
H1W01482,0042500122,NYK-ATL,3,569,12,-2,false,true,-2,True,3,0
H1W01483,0042500122,NYK-ATL,3,549,10,0,false,true,2,True,3,0
H1W01484,0042500122,NYK-ATL,3,535,12,-4,false,true,0,True,3,0
H1W01485,0042500122,NYK-ATL,3,527,10,0,false,true,4,True,5,0
H1W01486,0042500122,NYK-ATL,3,510,12,-2,false,true,2,True,3,0
H1W01487,0042500122,NYK-ATL,3,495,10,0,false,true,5,True,2,0
H1W01488,0042500122,NYK-ATL,3,478,12,-2,false,true,1,True,2,0
H1W01489,0042500122,NYK-ATL,3,457,12,2,false,true,3,True,2,0
H1W01490,0042500122,NYK-ATL,3,447,14,0,true,false,1,True,0,0
H1W01491,0042500122,NYK-ATL,3,428,14,4,true,false,1,True,-2,0
H1W01492,0042500122,NYK-ATL,3,414,15,2,true,false,-3,True,-1,0
H1W01493,0042500122,NYK-ATL,3,404,13,5,true,false,1,True,-1,0
H1W01494,0042500122,NYK-ATL,3,375,15,1,true,false,-1,True,-3,0
H1W01495,0042500122,NYK-ATL,3,347,15,3,true,false,-1,True,-5,-1
H1W01496,0042500122,NYK-ATL,3,338,15,1,true,false,-3,True,-5,-1
H1W01497,0042500122,NYK-ATL,3,334,12,1,true,false,2,True,-4,-1
H1W01498,0042500122,NYK-ATL,3,316,14,-3,true,false,-2,True,-4,-1
H1W01499,0042500122,NYK-ATL,3,302,14,1,true,false,-2,True,-4,-1
H1W01500,0042500122,NYK-ATL,3,292,14,-1,true,false,-4,True,-1,0
H1W01501,0042500122,NYK-ATL,3,280,12,-1,true,false,-2,True,1,0
H1W01502,0042500122,NYK-ATL,3,266,14,-3,true,false,-6,True,-1,0
H1W01503,0042500122,NYK-ATL,3,244,12,2,false,true,-2,True,-1,0
H1W01504,0042500122,NYK-ATL,3,223,12,-2,false,true,-2,True,1,0
H1W01505,0042500122,NYK-ATL,4,603,11,-4,false,true,-1,True,-1,0
H1W01506,0042500122,NYK-ATL,4,587,9,-2,false,true,1,True,-2,0
H1W01507,0042500122,NYK-ATL,4,559,9,-4,false,true,1,True,-2,0
H1W01508,0042500122,NYK-ATL,4,545,7,-2,false,true,3,True,-2,0
H1W01509,0042500122,NYK-ATL,4,522,10,-4,false,true,0,True,-3,0
H1W01510,0042500122,NYK-ATL,4,505,10,1,false,true,0,True,-3,0
H1W01511,0042500122,NYK-ATL,4,483,10,-1,false,true,-3,True,-1,0
H1W01512,0042500122,NYK-ATL,4,476,10,1,false,true,-3,True,-1,0
H1W01513,0042500122,NYK-ATL,4,449,10,1,false,true,-5,True,-1,0
H1W01514,0042500122,NYK-ATL,4,438,10,3,false,false,-3,True,-3,0
H1W01515,0042500122,NYK-ATL,4,426,10,0,false,false,-3,True,-3,0
H1W01516,0042500122,NYK-ATL,4,410,7,0,false,false,2,True,-3,0
H1W01517,0042500122,NYK-ATL,4,388,7,-3,false,false,2,True,-3,0
H1W01518,0042500122,NYK-ATL,4,375,5,-3,false,false,4,True,-3,0
H1W01519,0042500122,NYK-ATL,4,365,7,-5,false,false,0,True,-5,0
H1W01520,0042500122,NYK-ATL,4,337,7,-3,false,false,0,True,-5,0
H1W01521,0042500122,NYK-ATL,4,326,9,-3,false,false,-5,True,-7,0
H1W01522,0042500122,NYK-ATL,4,311,9,2,false,false,-5,True,-9,0
H1W01523,0042500122,NYK-ATL,4,292,9,2,false,false,-7,True,-9,0
H1W01524,0042500122,NYK-ATL,4,252,4,0,false,true,-2,True,-3,0
H1W01525,0042500122,NYK-ATL,4,222,4,-5,false,true,-4,True,-3,0
H1W01526,0042500122,NYK-ATL,4,205,2,-5,false,true,-2,True,-3,0
H1W01527,0042500122,NYK-ATL,4,174,2,-7,false,true,-4,True,-3,0
H1W01528,0042500122,NYK-ATL,4,169,2,-5,false,true,-1,True,-5,-1
H1W01529,0042500122,NYK-ATL,4,150,2,-5,false,true,-1,True,-2,1
H1W01530,0042500122,NYK-ATL,4,128,0,-2,false,true,1,True,0,1
H1W01531,0042500122,NYK-ATL,4,112,0,-4,false,true,-1,True,0,1
H1W01532,0042500122,NYK-ATL,4,93,-2,-2,false,true,1,False,,1
H1W01533,0042500122,NYK-ATL,4,81,1,-4,false,true,-4,False,,1
H1W01534,0042500122,NYK-ATL,4,64,1,-1,false,true,-1,False,,0
H1W01535,0042500122,NYK-ATL,4,41,1,-1,false,true,-1,False,,0
H1W01536,0042500122,NYK-ATL,4,33,-1,1,false,false,1,False,,0
H1W01537,0042500123,NYK-ATL,1,629,1,-2,false,false,-2,True,-2,1
H1W01538,0042500123,NYK-ATL,1,611,-2,1,false,false,1,True,-1,0
H1W01539,0042500123,NYK-ATL,1,574,-2,-2,false,false,1,True,1,0
H1W01540,0042500123,NYK-ATL,1,542,-1,1,true,false,0,True,-2,-2
H1W01541,0042500123,NYK-ATL,1,540,-1,-2,true,false,-2,True,-2,-1
H1W01542,0042500123,NYK-ATL,1,530,-1,1,true,false,0,True,-2,-1
H1W01543,0042500123,NYK-ATL,1,517,-1,1,true,false,0,True,1,-1
H1W01544,0042500123,NYK-ATL,1,496,-1,1,true,false,0,True,1,-1
H1W01545,0042500123,NYK-ATL,1,492,-1,0,false,true,-2,True,3,0
H1W01546,0042500123,NYK-ATL,1,486,-3,0,false,true,0,True,5,0
H1W01547,0042500123,NYK-ATL,1,462,-1,-2,false,true,-2,True,5,0
H1W01548,0042500123,NYK-ATL,1,434,-1,0,false,true,1,True,5,0
H1W01549,0042500123,NYK-ATL,1,423,-1,0,false,true,1,True,5,0
H1W01550,0042500123,NYK-ATL,1,420,-3,0,false,true,5,True,7,0
H1W01551,0042500123,NYK-ATL,1,404,-3,-2,false,true,5,True,9,0
H1W01552,0042500123,NYK-ATL,1,391,-3,0,false,true,7,True,9,0
H1W01553,0042500123,NYK-ATL,1,385,0,-2,false,true,4,True,8,0
H1W01554,0042500123,NYK-ATL,1,362,0,1,false,true,4,True,6,0
H1W01555,0042500123,NYK-ATL,1,359,2,1,true,false,2,True,7,0
H1W01556,0042500123,NYK-ATL,1,340,2,5,true,false,4,True,7,0
H1W01557,0042500123,NYK-ATL,1,336,4,5,true,false,2,True,7,1
H1W01558,0042500123,NYK-ATL,1,313,4,7,true,false,4,True,7,1
H1W01559,0042500123,NYK-ATL,1,288,4,4,true,false,2,True,7,1
H1W01560,0042500123,NYK-ATL,1,269,4,4,true,false,5,True,5,1
H1W01561,0042500123,NYK-ATL,1,252,6,2,true,false,3,True,5,2
H1W01562,0042500123,NYK-ATL,1,246,6,4,true,false,5,True,3,1
H1W01563,0042500123,NYK-ATL,1,239,8,2,true,false,3,True,4,1
H1W01564,0042500123,NYK-ATL,1,221,6,4,true,false,5,True,3,0
H1W01565,0042500123,NYK-ATL,1,210,9,2,true,false,0,True,3,0
H1W01566,0042500123,NYK-ATL,2,622,11,1,false,false,4,True,1,1
H1W01567,0042500123,NYK-ATL,2,476,12,-3,false,true,-2,True,0,-1
H1W01568,0042500123,NYK-ATL,2,468,12,-3,false,true,0,True,0,-1
H1W01569,0042500123,NYK-ATL,2,463,14,-3,false,true,-2,True,-2,0
H1W01570,0042500123,NYK-ATL,2,300,14,-2,true,false,0,True,2,0
H1W01571,0042500123,NYK-ATL,2,287,14,2,true,false,4,True,2,0
H1W01572,0042500123,NYK-ATL,2,281,14,2,true,false,4,True,2,0
H1W01573,0042500123,NYK-ATL,2,260,14,2,true,false,4,True,0,0
H1W01574,0042500123,NYK-ATL,2,251,16,2,true,false,0,True,-2,0
H1W01575,0042500123,NYK-ATL,2,235,14,4,true,false,2,True,-3,0
H1W01576,0042500123,NYK-ATL,2,226,18,0,true,false,-2,True,-7,0
H1W01577,0042500123,NYK-ATL,2,209,18,4,true,false,-2,True,-9,0
H1W01578,0042500123,NYK-ATL,2,192,18,4,true,false,-4,True,-9,0
H1W01579,0042500123,NYK-ATL,2,184,16,4,true,false,-2,True,-7,0
H1W01580,0042500123,NYK-ATL,2,168,16,0,true,false,-5,True,-5,0
H1W01581,0042500123,NYK-ATL,2,166,16,2,true,false,-5,True,-8,0
H1W01582,0042500123,NYK-ATL,2,149,16,-2,true,false,-7,True,-8,0
H1W01583,0042500123,NYK-ATL,2,145,14,-2,true,false,-5,True,-6,0
H1W01584,0042500123,NYK-ATL,2,131,14,-4,true,false,-5,False,,0
H1W01585,0042500123,NYK-ATL,2,117,11,-2,false,true,0,False,,0
H1W01586,0042500123,NYK-ATL,2,101,11,-5,false,true,-3,False,,0
H1W01587,0042500123,NYK-ATL,2,87,9,-5,false,true,-1,False,,0
H1W01588,0042500123,NYK-ATL,2,66,9,-7,false,true,-1,False,,0
H1W01589,0042500123,NYK-ATL,3,626,9,1,true,false,4,True,0,0
H1W01590,0042500123,NYK-ATL,3,622,12,1,true,false,1,True,-3,0
H1W01591,0042500123,NYK-ATL,3,594,12,6,true,false,1,True,-6,0
H1W01592,0042500123,NYK-ATL,3,589,15,3,true,false,-4,True,-9,0
H1W01593,0042500123,NYK-ATL,3,561,13,8,true,false,-2,True,-9,0
H1W01594,0042500123,NYK-ATL,3,549,13,4,true,false,-4,True,-7,0
H1W01595,0042500123,NYK-ATL,3,529,13,4,true,false,-4,True,-9,0
H1W01596,0042500123,NYK-ATL,3,513,13,1,true,false,-7,True,-7,0
H1W01597,0042500123,NYK-ATL,3,487,11,1,false,true,-5,True,-5,0
H1W01598,0042500123,NYK-ATL,3,467,11,-4,false,true,-7,True,-3,0
H1W01599,0042500123,NYK-ATL,3,460,9,-2,false,true,-3,True,-3,0
H1W01600,0042500123,NYK-ATL,3,442,9,-4,false,true,-5,True,0,0
H1W01601,0042500123,NYK-ATL,3,430,6,-4,false,true,0,True,3,0
H1W01602,0042500123,NYK-ATL,3,409,6,-7,false,true,0,True,3,0
H1W01603,0042500123,NYK-ATL,3,400,4,-5,false,true,4,True,3,0
H1W01604,0042500123,NYK-ATL,3,380,6,-7,false,true,0,True,1,0
H1W01605,0042500123,NYK-ATL,3,367,4,-3,false,true,5,True,3,0
H1W01606,0042500123,NYK-ATL,3,354,6,-5,false,true,3,True,4,0
H1W01607,0042500123,NYK-ATL,3,341,6,0,false,true,3,True,4,0
H1W01608,0042500123,NYK-ATL,3,334,8,0,false,true,-1,True,3,0
H1W01609,0042500123,NYK-ATL,3,319,6,4,false,true,1,True,5,-1
H1W01610,0042500123,NYK-ATL,3,311,9,0,true,false,-2,True,4,-1
H1W01611,0042500123,NYK-ATL,3,281,9,5,true,false,1,True,2,-1
H1W01612,0042500123,NYK-ATL,3,263,9,3,true,false,1,True,4,0
H1W01613,0042500123,NYK-ATL,3,256,7,3,true,false,4,True,3,0
H1W01614,0042500123,NYK-ATL,3,245,7,-1,true,false,4,True,3,2
H1W01615,0042500123,NYK-ATL,3,202,10,1,true,false,3,True,-2,1
H1W01616,0042500123,NYK-ATL,3,189,11,1,true,false,-1,True,-3,1
H1W01617,0042500123,NYK-ATL,3,46,8,-5,false,true,0,False,,0
H1W01618,0042500123,NYK-ATL,3,35,8,-2,false,true,0,False,,0
H1W01619,0042500123,NYK-ATL,4,627,10,0,true,false,0,True,1,1
H1W01620,0042500123,NYK-ATL,4,615,8,2,true,false,2,True,1,0
H1W01621,0042500123,NYK-ATL,4,599,8,0,true,false,-1,True,1,0
H1W01622,0042500123,NYK-ATL,4,550,10,2,true,false,1,True,-6,-1
H1W01623,0042500123,NYK-ATL,4,542,10,0,true,false,-1,True,-6,0
H1W01624,0042500123,NYK-ATL,4,534,7,2,true,false,2,True,-3,-1
H1W01625,0042500123,NYK-ATL,4,437,7,-3,false,true,-3,True,-4,0
H1W01626,0042500123,NYK-ATL,4,432,4,-3,false,true,1,True,-1,0
H1W01627,0042500123,NYK-ATL,4,416,4,-7,false,true,-1,True,1,1
H1W01628,0042500123,NYK-ATL,4,413,4,-5,false,true,-1,True,1,0
H1W01629,0042500123,NYK-ATL,4,407,6,-5,false,true,-3,True,-1,0
H1W01630,0042500123,NYK-ATL,4,383,4,-1,false,true,-1,True,-2,-1
H1W01631,0042500123,NYK-ATL,4,349,5,-3,false,true,-2,True,-3,0
H1W01632,0042500123,NYK-ATL,4,335,3,1,false,true,2,True,-1,0
H1W01633,0042500123,NYK-ATL,4,311,3,-1,false,true,2,True,1,0
H1W01634,0042500123,NYK-ATL,4,304,3,-1,false,true,2,True,-2,0
H1W01635,0042500123,NYK-ATL,4,304,3,-3,false,true,-1,True,0,1
H1W01636,0042500123,NYK-ATL,4,299,3,-1,false,true,-1,True,-3,0
H1W01637,0042500123,NYK-ATL,4,285,5,-2,false,true,-3,True,-5,0
H1W01638,0042500123,NYK-ATL,4,266,5,2,false,true,-1,True,-8,0
H1W01639,0042500123,NYK-ATL,4,253,5,2,false,false,-4,True,-6,0
H1W01640,0042500123,NYK-ATL,4,230,2,2,false,false,1,True,-3,0
H1W01641,0042500123,NYK-ATL,4,208,2,-1,false,false,-2,True,-1,0
H1W01642,0042500123,NYK-ATL,4,189,2,-1,false,false,-2,True,-1,0
H1W01643,0042500123,NYK-ATL,4,171,4,-3,false,false,-7,False,,0
H1W01644,0042500123,NYK-ATL,4,81,0,-2,false,true,1,False,,1
H1W01645,0042500124,NYK-ATL,1,447,1,3,true,false,-2,True,-4,-2
H1W01646,0042500124,NYK-ATL,1,441,1,1,true,false,-2,True,-4,-2
H1W01647,0042500124,NYK-ATL,1,419,1,3,true,false,-2,True,-6,-2
H1W01648,0042500124,NYK-ATL,1,416,1,1,true,false,-2,True,-3,-1
H1W01649,0042500124,NYK-ATL,1,400,-1,3,true,false,0,True,-3,-1
H1W01650,0042500124,NYK-ATL,1,373,-1,-2,false,true,-2,True,-3,0
H1W01651,0042500124,NYK-ATL,1,346,-1,-2,false,true,-2,True,-4,-1
H1W01652,0042500124,NYK-ATL,1,341,-1,-2,false,true,-4,True,-2,-1
H1W01653,0042500124,NYK-ATL,1,326,-1,-2,false,true,-1,True,-4,-1
H1W01654,0042500124,NYK-ATL,1,311,-1,-2,false,true,-3,True,-4,-1
H1W01655,0042500124,NYK-ATL,1,298,-3,0,false,true,-1,True,-4,-1
H1W01656,0042500124,NYK-ATL,1,286,-3,-2,false,true,-2,True,-4,0
H1W01657,0042500124,NYK-ATL,1,282,-5,-2,false,true,2,True,-2,0
H1W01658,0042500124,NYK-ATL,1,259,-2,-4,false,true,-3,True,-5,0
H1W01659,0042500124,NYK-ATL,1,246,-4,-1,false,true,-1,True,-3,0
H1W01660,0042500124,NYK-ATL,1,220,-3,-3,false,true,-3,True,-3,0
H1W01661,0042500124,NYK-ATL,1,212,-4,-1,false,true,-2,True,-2,0
H1W01662,0042500124,NYK-ATL,1,199,-2,-2,false,true,-4,True,-3,0
H1W01663,0042500124,NYK-ATL,1,168,-4,2,false,true,-2,True,-1,0
H1W01664,0042500124,NYK-ATL,1,142,-4,-3,false,true,-2,False,,0
H1W01665,0042500124,NYK-ATL,1,122,-6,-1,false,true,0,False,,0
H1W01666,0042500124,NYK-ATL,1,113,-6,-3,false,true,0,False,,0
H1W01667,0042500124,NYK-ATL,1,98,-6,-2,false,true,1,False,,0
H1W01668,0042500124,NYK-ATL,1,82,-6,-4,false,true,1,False,,0
H1W01669,0042500124,NYK-ATL,2,604,-8,-3,false,true,2,True,1,0
H1W01670,0042500124,NYK-ATL,2,599,-6,-5,false,true,0,True,-1,1
H1W01671,0042500124,NYK-ATL,2,587,-6,0,false,true,0,True,-3,0
H1W01672,0042500124,NYK-ATL,2,576,-6,0,false,true,-3,True,-1,0
H1W01673,0042500124,NYK-ATL,2,552,-6,2,false,true,0,True,-1,0
H1W01674,0042500124,NYK-ATL,2,552,-6,2,false,true,-1,True,-1,1
H1W01675,0042500124,NYK-ATL,2,552,-6,2,true,false,-1,True,-4,0
H1W01676,0042500124,NYK-ATL,2,536,-6,0,true,false,-3,True,-4,0
H1W01677,0042500124,NYK-ATL,2,527,-9,0,true,false,2,True,-1,0
H1W01678,0042500124,NYK-ATL,2,512,-6,-3,true,false,-1,True,-2,0
H1W01679,0042500124,NYK-ATL,2,496,-7,0,true,false,0,True,-1,0
H1W01680,0042500124,NYK-ATL,2,485,-7,-1,true,false,-3,True,-1,0
H1W01681,0042500124,NYK-ATL,2,475,-9,-1,true,false,-1,True,1,-1
H1W01682,0042500124,NYK-ATL,2,461,-7,-3,true,false,-3,True,-1,0
H1W01683,0042500124,NYK-ATL,2,442,-7,2,true,false,-1,True,-1,0
H1W01684,0042500124,NYK-ATL,2,424,-7,-1,true,false,-1,True,-1,1
H1W01685,0042500124,NYK-ATL,2,416,-10,0,true,false,2,True,2,0
H1W01686,0042500124,NYK-ATL,2,407,-10,-3,true,false,2,True,2,2
H1W01687,0042500124,NYK-ATL,2,366,-8,-1,true,false,0,True,-3,-1
H1W01688,0042500124,NYK-ATL,2,358,-8,-1,true,false,0,True,-1,0
H1W01689,0042500124,NYK-ATL,2,340,-8,2,false,false,0,True,-4,-1
H1W01690,0042500124,NYK-ATL,2,326,-8,2,false,false,0,True,-2,0
H1W01691,0042500124,NYK-ATL,2,304,-8,2,false,false,0,True,-4,-1
H1W01692,0042500124,NYK-ATL,2,291,-8,0,false,false,-3,True,-4,-1
H1W01693,0042500124,NYK-ATL,2,279,-8,0,false,false,-1,True,-6,-1
H1W01694,0042500124,NYK-ATL,2,163,-14,-1,false,true,3,True,0,0
H1W01695,0042500124,NYK-ATL,2,150,-11,-5,false,true,-3,True,-1,0
H1W01696,0042500124,NYK-ATL,2,132,-11,1,false,true,-3,True,-1,-2
H1W01697,0042500124,NYK-ATL,2,128,-11,-1,false,true,-3,False,,-1
H1W01698,0042500124,NYK-ATL,2,128,-13,1,false,true,1,False,,-1
H1W01699,0042500124,NYK-ATL,2,111,-11,-1,false,true,-3,False,,-1
H1W01700,0042500124,NYK-ATL,2,85,-14,3,false,true,2,False,,-1
H1W01701,0042500124,NYK-ATL,2,78,-14,-3,false,true,2,False,,0
H1W01702,0042500124,NYK-ATL,3,630,-7,5,true,false,-1,True,-1,0
H1W01703,0042500124,NYK-ATL,3,609,-7,3,true,false,-1,True,-1,0
H1W01704,0042500124,NYK-ATL,3,606,-8,3,true,false,2,True,-3,0
H1W01705,0042500124,NYK-ATL,3,595,-6,2,true,false,0,True,-5,0
H1W01706,0042500124,NYK-ATL,3,577,-8,4,true,false,2,True,-5,-1
H1W01707,0042500124,NYK-ATL,3,550,-8,-1,true,false,0,True,-5,-1
H1W01708,0042500124,NYK-ATL,3,531,-8,-1,false,false,0,True,-7,-1
H1W01709,0042500124,NYK-ATL,3,523,-6,-1,false,false,-5,True,-9,-1
H1W01710,0042500124,NYK-ATL,3,487,-6,2,false,false,-5,True,-9,-1
H1W01711,0042500124,NYK-ATL,3,458,-8,0,false,true,-7,True,-7,0
H1W01712,0042500124,NYK-ATL,3,441,-11,0,false,true,-4,True,-4,0
H1W01713,0042500124,NYK-ATL,3,420,-11,-5,false,true,-4,True,-1,0
H1W01714,0042500124,NYK-ATL,3,413,-13,-5,false,true,-2,True,-1,0
H1W01715,0042500124,NYK-ATL,3,396,-13,-7,false,true,-4,True,-1,0
H1W01716,0042500124,NYK-ATL,3,387,-15,-5,false,true,0,True,-2,0
H1W01717,0042500124,NYK-ATL,3,371,-15,-7,false,true,0,True,-2,0
H1W01718,0042500124,NYK-ATL,3,361,-15,-4,false,true,3,True,-2,0
H1W01719,0042500124,NYK-ATL,3,339,-15,-4,false,true,1,True,0,0
H1W01720,0042500124,NYK-ATL,3,338,-17,-2,false,true,3,True,2,-1
H1W01721,0042500124,NYK-ATL,3,320,-15,-4,false,true,-2,True,0,-1
H1W01722,0042500124,NYK-ATL,3,302,-15,0,false,true,-2,True,0,-2
H1W01723,0042500124,NYK-ATL,3,294,-12,0,true,false,-5,True,0,-2
H1W01724,0042500124,NYK-ATL,3,270,-14,3,true,false,-1,True,0,-2
H1W01725,0042500124,NYK-ATL,3,260,-14,1,true,false,-1,True,0,-1
H1W01726,0042500124,NYK-ATL,3,244,-17,3,false,true,2,True,0,-1
H1W01727,0042500124,NYK-ATL,3,81,-17,1,false,true,0,False,,-1
H1W01728,0042500124,NYK-ATL,3,70,-17,-2,false,true,-2,False,,0
H1W01729,0042500124,NYK-ATL,3,55,-17,-2,false,true,-2,False,,0
H1W01730,0042500124,NYK-ATL,4,624,-20,-3,true,false,1,True,2,0
H1W01731,0042500124,NYK-ATL,4,598,-21,0,true,false,5,True,1,0
H1W01732,0042500124,NYK-ATL,4,574,-21,-2,true,false,3,True,3,0
H1W01733,0042500124,NYK-ATL,4,547,-21,-2,true,false,3,True,0,0
H1W01734,0042500124,NYK-ATL,4,410,-20,1,false,true,-1,True,-1,0
H1W01735,0042500124,NYK-ATL,4,399,-18,-4,false,true,-3,True,-1,1
H1W01736,0042500124,NYK-ATL,4,377,-21,0,false,true,2,True,-1,1
H1W01737,0042500124,NYK-ATL,4,368,-19,-3,false,true,-3,True,-3,1
H1W01738,0042500124,NYK-ATL,4,326,-22,2,false,true,3,True,0,1
H1W01739,0042500124,NYK-ATL,4,301,-21,-4,false,true,0,True,1,1
H1W01740,0042500124,NYK-ATL,4,284,-21,-1,true,false,2,True,1,0
H1W01741,0042500124,NYK-ATL,4,279,-19,-3,true,false,-3,True,1,0
H1W01742,0042500124,NYK-ATL,4,259,-22,2,true,false,0,True,4,0
H1W01743,0042500124,NYK-ATL,4,245,-19,-3,true,false,-3,True,3,0
H1W01744,0042500124,NYK-ATL,4,222,-21,3,true,false,1,True,5,0
H1W01745,0042500124,NYK-ATL,4,215,-19,0,true,false,-1,True,6,0
H1W01746,0042500124,NYK-ATL,4,203,-22,2,true,false,4,True,7,0
H1W01747,0042500124,NYK-ATL,4,182,-22,-3,false,true,4,True,7,0
H1W01748,0042500124,NYK-ATL,4,161,-22,0,false,true,6,False,,0
H1W01749,0042500124,NYK-ATL,4,142,-20,-3,false,true,4,False,,0
H1W01750,0042500124,NYK-ATL,4,121,-20,1,false,true,7,False,,0
H1W01751,0042500124,NYK-ATL,4,107,-18,-1,true,false,3,False,,0
H1W01752,0042500124,NYK-ATL,4,67,-18,4,true,false,3,False,,0
H1W01753,0042500125,NYK-ATL,1,604,-2,-2,false,true,5,True,6,0
H1W01754,0042500125,NYK-ATL,1,580,0,-2,false,true,1,True,4,0
H1W01755,0042500125,NYK-ATL,1,564,0,2,false,true,4,True,4,0
H1W01756,0042500125,NYK-ATL,1,549,2,0,false,true,2,True,2,0
H1W01757,0042500125,NYK-ATL,1,537,0,4,false,true,4,True,4,0
H1W01758,0042500125,NYK-ATL,1,521,3,2,true,false,1,True,1,1
H1W01759,0042500125,NYK-ATL,1,511,1,5,true,false,3,True,0,1
H1W01760,0042500125,NYK-ATL,1,488,4,1,true,false,0,True,0,2
H1W01761,0042500125,NYK-ATL,1,469,4,4,true,false,0,True,-3,1
H1W01762,0042500125,NYK-ATL,1,446,4,2,true,false,0,True,-1,1
H1W01763,0042500125,NYK-ATL,1,421,4,3,true,false,0,True,-1,-1
H1W01764,0042500125,NYK-ATL,1,248,5,4,true,false,0,True,2,0
H1W01765,0042500125,NYK-ATL,1,236,7,2,true,false,-2,True,3,0
H1W01766,0042500125,NYK-ATL,1,224,5,4,true,false,2,True,5,0
H1W01767,0042500125,NYK-ATL,1,208,5,0,true,false,2,True,7,0
H1W01768,0042500125,NYK-ATL,1,203,3,2,true,false,4,True,7,0
H1W01769,0042500125,NYK-ATL,1,199,5,-2,true,false,2,True,6,0
H1W01770,0042500125,NYK-ATL,1,177,5,0,true,false,5,True,6,0
H1W01771,0042500125,NYK-ATL,1,99,10,2,true,false,1,False,,1
H1W01772,0042500125,NYK-ATL,1,82,10,5,true,false,3,False,,0
H1W01773,0042500125,NYK-ATL,1,56,12,3,true,false,1,False,,0
H1W01774,0042500125,NYK-ATL,2,625,13,0,true,false,1,True,0,1
H1W01775,0042500125,NYK-ATL,2,612,13,3,true,false,3,True,0,0
H1W01776,0042500125,NYK-ATL,2,602,13,3,true,false,3,True,0,0
H1W01777,0042500125,NYK-ATL,2,596,11,3,true,false,5,True,2,0
H1W01778,0042500125,NYK-ATL,2,575,14,-2,true,false,-1,True,1,0
H1W01779,0042500125,NYK-ATL,2,370,15,4,false,false,1,True,5,0
H1W01780,0042500125,NYK-ATL,2,344,17,2,false,false,-1,True,5,0
H1W01781,0042500125,NYK-ATL,2,329,14,4,false,false,4,True,5,0
H1W01782,0042500125,NYK-ATL,2,301,16,-1,false,false,2,True,4,0
H1W01783,0042500125,NYK-ATL,2,274,14,1,false,false,6,True,3,0
H1W01784,0042500125,NYK-ATL,2,262,16,-3,false,false,4,True,3,1
H1W01785,0042500125,NYK-ATL,2,239,16,1,false,false,6,True,1,1
H1W01786,0042500125,NYK-ATL,2,202,20,2,true,false,-3,True,-3,1
H1W01787,0042500125,NYK-ATL,2,192,20,6,true,false,-1,True,-5,0
H1W01788,0042500125,NYK-ATL,2,188,22,4,true,false,-5,True,-7,0
H1W01789,0042500125,NYK-ATL,2,173,19,6,true,false,-2,True,-5,-1
H1W01790,0042500125,NYK-ATL,2,155,20,1,true,false,-3,True,-4,-1
H1W01791,0042500125,NYK-ATL,2,143,17,2,true,false,0,True,-1,-1
H1W01792,0042500125,NYK-ATL,2,125,19,-3,true,false,-4,False,,-1
H1W01793,0042500125,NYK-ATL,2,112,17,-1,true,false,-2,False,,-1
H1W01794,0042500125,NYK-ATL,2,112,17,-5,true,false,-3,False,,0
H1W01795,0042500125,NYK-ATL,2,82,17,-2,true,false,-1,False,,0
H1W01796,0042500125,NYK-ATL,2,58,17,-3,false,false,-1,False,,0
H1W01797,0042500125,NYK-ATL,3,613,19,0,false,false,-1,True,-3,1
H1W01798,0042500125,NYK-ATL,3,595,17,3,false,false,1,True,-1,0
H1W01799,0042500125,NYK-ATL,3,571,17,1,false,false,-1,True,1,0
H1W01800,0042500125,NYK-ATL,3,561,15,1,false,false,1,True,0,0
H1W01801,0042500125,NYK-ATL,3,534,18,-4,false,false,-2,True,-1,0
H1W01802,0042500125,NYK-ATL,3,520,18,2,false,false,-2,True,-3,-1
H1W01803,0042500125,NYK-ATL,3,485,16,-1,false,true,-1,True,1,0
H1W01804,0042500125,NYK-ATL,3,471,16,1,false,true,1,True,-2,0
H1W01805,0042500125,NYK-ATL,3,462,16,-2,false,true,-1,True,-2,0
H1W01806,0042500125,NYK-ATL,3,450,16,-2,false,true,1,True,-2,0
H1W01807,0042500125,NYK-ATL,3,440,18,-2,false,true,-1,True,-2,0
H1W01808,0042500125,NYK-ATL,3,422,15,2,false,true,2,True,1,0
H1W01809,0042500125,NYK-ATL,3,393,17,-1,false,true,-3,True,1,0
H1W01810,0042500125,NYK-ATL,3,382,15,1,false,true,-1,True,3,-1
H1W01811,0042500125,NYK-ATL,3,353,17,-1,false,false,-3,True,1,-1
H1W01812,0042500125,NYK-ATL,3,338,17,1,false,false,-1,True,1,-1
H1W01813,0042500125,NYK-ATL,3,211,18,-1,true,false,0,True,1,0
H1W01814,0042500125,NYK-ATL,3,195,18,4,true,false,2,True,-1,0
H1W01815,0042500125,NYK-ATL,3,165,18,4,true,false,-1,True,2,0
H1W01816,0042500125,NYK-ATL,3,151,18,4,true,false,1,True,0,0
H1W01817,0042500125,NYK-ATL,3,130,18,2,true,false,1,True,0,0
H1W01818,0042500125,NYK-ATL,3,121,18,2,true,false,1,False,,0
H1W01819,0042500125,NYK-ATL,3,104,20,0,true,false,-3,False,,0
H1W01820,0042500125,NYK-ATL,3,88,17,2,true,false,3,False,,0
H1W01821,0042500125,NYK-ATL,3,72,19,-1,true,false,-1,False,,0
H1W01822,0042500125,NYK-ATL,3,54,19,1,false,false,-1,False,,-1
H1W01823,0042500125,NYK-ATL,4,636,18,2,false,false,-2,True,1,-1
H1W01824,0042500125,NYK-ATL,4,625,18,0,false,false,-2,True,4,0
H1W01825,0042500125,NYK-ATL,4,613,16,0,false,false,2,True,6,0
H1W01826,0042500125,NYK-ATL,4,596,18,-4,false,false,-2,True,6,0
H1W01827,0042500125,NYK-ATL,4,578,16,0,false,false,3,True,8,0
H1W01828,0042500125,NYK-ATL,4,563,16,-4,false,false,3,True,10,0
H1W01829,0042500125,NYK-ATL,4,484,19,-2,true,false,5,False,,0
H1W01830,0042500125,NYK-ATL,4,468,19,3,true,false,7,False,,0
H1W01831,0042500125,NYK-ATL,4,451,22,3,true,false,4,False,,0
H1W01832,0042500125,NYK-ATL,4,434,22,6,true,false,6,False,,0
H1W01833,0042500126,NYK-ATL,1,415,-4,-1,false,true,-4,True,-8,-1
H1W01834,0042500126,NYK-ATL,1,402,-4,-6,false,true,-4,True,-6,-1
H1W01835,0042500126,NYK-ATL,1,376,-6,-3,false,true,-2,True,-6,-2
H1W01836,0042500126,NYK-ATL,1,365,-6,-5,false,true,-4,True,-6,-2
H1W01837,0042500126,NYK-ATL,1,360,-8,-5,false,true,-2,True,-6,-2
H1W01838,0042500126,NYK-ATL,1,340,-8,-7,false,true,-4,True,-6,-1
H1W01839,0042500126,NYK-ATL,1,332,-8,-4,false,true,-2,True,-8,-1
H1W01840,0042500126,NYK-ATL,1,324,-8,-4,false,true,-4,True,-8,0
H1W01841,0042500126,NYK-ATL,1,320,-10,-2,false,true,-2,True,-9,-1
H1W01842,0042500126,NYK-ATL,1,289,-10,-4,false,true,-4,True,-7,-1
H1W01843,0042500126,NYK-ATL,1,266,-12,-2,false,true,-2,True,-7,-2
H1W01844,0042500126,NYK-ATL,1,250,-10,-4,false,true,-6,True,-9,-2
H1W01845,0042500126,NYK-ATL,1,231,-12,-2,false,true,-4,True,-7,-2
H1W01846,0042500126,NYK-ATL,1,212,-12,-4,false,true,-7,True,-7,-1
H1W01847,0042500126,NYK-ATL,1,184,-14,-2,false,true,-3,True,-7,-1
H1W01848,0042500126,NYK-ATL,1,164,-14,-4,false,true,-5,True,-7,0
H1W01849,0042500126,NYK-ATL,1,156,-16,-2,false,true,-3,True,-7,-1
H1W01850,0042500126,NYK-ATL,1,138,-16,-6,false,true,-3,True,-7,-1
H1W01851,0042500126,NYK-ATL,1,131,-19,-4,false,true,0,True,-6,-1
H1W01852,0042500126,NYK-ATL,1,121,-17,-7,false,true,-4,False,,-1
H1W01853,0042500126,NYK-ATL,1,110,-19,-3,false,true,-2,False,,-1
H1W01854,0042500126,NYK-ATL,1,95,-19,-5,false,true,-4,False,,0
H1W01855,0042500126,NYK-ATL,1,80,-19,-3,false,true,-4,False,,0
H1W01856,0042500126,NYK-ATL,1,74,-19,-3,false,true,-6,False,,0
H1W01857,0042500126,NYK-ATL,2,640,-29,-4,false,true,-4,True,-5,-1
H1W01858,0042500126,NYK-ATL,2,626,-29,-4,false,true,-4,True,-5,0
H1W01859,0042500126,NYK-ATL,2,619,-31,-1,false,true,-2,True,-6,0
H1W01860,0042500126,NYK-ATL,2,603,-31,-3,false,true,-4,True,-6,0
H1W01861,0042500126,NYK-ATL,2,598,-33,-2,false,true,1,True,-6,0
H1W01862,0042500126,NYK-ATL,2,575,-33,-4,false,true,-1,True,-6,1
H1W01863,0042500126,NYK-ATL,2,559,-33,-4,false,true,-1,True,-8,0
H1W01864,0042500126,NYK-ATL,2,543,-33,-4,false,true,-4,True,-8,0
H1W01865,0042500126,NYK-ATL,2,536,-35,-2,false,true,-2,True,-8,-1
H1W01866,0042500126,NYK-ATL,2,527,-32,-4,false,true,-7,True,-8,-1
H1W01867,0042500126,NYK-ATL,2,468,-37,-1,false,true,-4,True,-8,-2
H1W01868,0042500126,NYK-ATL,2,460,-37,-4,false,true,-6,True,-8,-1
H1W01869,0042500126,NYK-ATL,2,454,-39,-2,false,true,-1,True,-8,-1
H1W01870,0042500126,NYK-ATL,2,440,-39,-7,false,true,-4,True,-8,0
H1W01871,0042500126,NYK-ATL,2,432,-41,-5,false,true,-2,True,-6,0
H1W01872,0042500126,NYK-ATL,2,414,-41,-7,false,true,-4,True,-6,0
H1W01873,0042500126,NYK-ATL,2,408,-43,-4,false,true,-2,True,-7,0
H1W01874,0042500126,NYK-ATL,2,392,-40,-6,false,true,-7,True,-7,0
H1W01875,0042500126,NYK-ATL,2,376,-43,-1,false,true,-4,True,-6,0
H1W01876,0042500126,NYK-ATL,2,357,-43,-4,false,true,-4,True,-6,1
H1W01877,0042500126,NYK-ATL,2,341,-45,-2,false,true,-2,True,-6,1
H1W01878,0042500126,NYK-ATL,2,328,-45,-4,false,true,-5,True,-4,1
H1W01879,0042500126,NYK-ATL,2,326,-47,-2,false,true,0,True,-4,1
H1W01880,0042500126,NYK-ATL,2,301,-47,-7,false,true,-2,True,-1,1
H1W01881,0042500126,NYK-ATL,2,300,-47,-4,false,true,-2,True,-3,-1
H1W01882,0042500126,NYK-ATL,2,283,-47,-4,false,true,-4,True,-1,-1
H1W01883,0042500126,NYK-ATL,2,237,-49,-2,false,true,-1,True,1,0
H1W01884,0042500126,NYK-ATL,2,223,-51,-2,false,true,3,True,3,0
H1W01885,0042500126,NYK-ATL,2,207,-49,-4,false,true,1,True,1,1
H1W01886,0042500126,NYK-ATL,2,188,-51,1,false,true,5,True,3,1
H1W01887,0042500126,NYK-ATL,2,179,-48,-4,false,true,0,True,2,1
H1W01888,0042500126,NYK-ATL,2,164,-50,1,false,true,2,True,4,1
H1W01889,0042500126,NYK-ATL,2,151,-48,-1,false,true,0,True,2,1
H1W01890,0042500126,NYK-ATL,2,135,-48,3,true,false,0,False,,0
H1W01891,0042500126,NYK-ATL,2,128,-46,1,true,false,-2,False,,0
H1W01892,0042500126,NYK-ATL,2,115,-49,5,true,false,2,False,,0
H1W01893,0042500126,NYK-ATL,2,101,-49,0,true,false,2,False,,0
H1W01894,0042500126,NYK-ATL,2,84,-49,2,true,false,2,False,,0
H1W01895,0042500126,NYK-ATL,3,659,-54,-5,false,true,-3,True,-7,0
H1W01896,0042500126,NYK-ATL,3,644,-54,-7,false,true,-4,True,-4,0
H1W01897,0042500126,NYK-ATL,3,640,-57,-5,false,true,-1,True,-3,0
H1W01898,0042500126,NYK-ATL,3,626,-55,-8,false,true,-6,True,-3,0
H1W01899,0042500126,NYK-ATL,3,607,-57,-3,false,true,-2,True,-1,0
H1W01900,0042500126,NYK-ATL,3,590,-57,-5,false,true,-4,True,2,0
H1W01901,0042500126,NYK-ATL,3,567,-58,-3,false,true,0,True,3,0
H1W01902,0042500126,NYK-ATL,3,559,-58,-4,false,true,-2,True,5,0
H1W01903,0042500126,NYK-ATL,3,546,-61,-1,false,true,3,True,8,0
H1W01904,0042500126,NYK-ATL,3,536,-59,-6,false,true,1,True,8,0
H1W01905,0042500126,NYK-ATL,3,501,-61,-2,false,true,6,True,10,0
H1W01906,0042500126,NYK-ATL,3,493,-58,-4,false,true,3,True,7,0
H1W01907,0042500126,NYK-ATL,3,472,-60,0,false,true,7,True,9,0
H1W01908,0042500126,NYK-ATL,3,454,-58,-2,false,true,5,True,9,0
H1W01909,0042500126,NYK-ATL,3,439,-58,3,false,true,7,True,7,0
H1W01910,0042500126,NYK-ATL,3,429,-55,1,true,false,4,True,4,1
H1W01911,0042500126,NYK-ATL,3,399,-55,6,true,false,4,True,2,0
H1W01912,0042500126,NYK-ATL,3,394,-53,3,true,false,2,True,0,0
H1W01913,0042500126,NYK-ATL,3,368,-53,7,true,false,4,True,-2,0
H1W01914,0042500126,NYK-ATL,3,355,-51,5,true,false,0,True,-1,0
H1W01915,0042500126,NYK-ATL,3,336,-51,7,true,false,0,True,-3,-1
H1W01916,0042500126,NYK-ATL,3,332,-51,4,true,false,-2,True,-3,0
H1W01917,0042500126,NYK-ATL,3,313,-51,4,true,false,-2,True,-3,-1
H1W01918,0042500126,NYK-ATL,3,304,-49,2,true,false,-6,True,-5,-1
H1W01919,0042500126,NYK-ATL,3,287,-51,4,true,false,-1,True,-4,-1
H1W01920,0042500126,NYK-ATL,3,276,-51,0,true,false,-3,True,-1,-1
H1W01921,0042500126,NYK-ATL,3,272,-53,0,true,false,-1,True,1,-1
H1W01922,0042500126,NYK-ATL,3,263,-53,-2,true,false,-1,True,1,0
H1W01923,0042500126,NYK-ATL,3,248,-55,-2,false,true,1,True,2,0
H1W01924,0042500126,NYK-ATL,3,237,-52,-6,false,true,-3,True,1,0
H1W01925,0042500126,NYK-ATL,3,223,-54,-1,false,true,2,True,0,0
H1W01926,0042500126,NYK-ATL,3,165,-55,1,false,true,4,False,,-1
H1W01927,0042500126,NYK-ATL,3,131,-52,-3,false,true,-2,False,,-1
H1W01928,0042500126,NYK-ATL,3,109,-52,2,false,true,0,False,,-1
H1W01929,0042500126,NYK-ATL,4,622,-53,0,true,false,-2,True,1,1
H1W01930,0042500126,NYK-ATL,4,619,-53,2,true,false,0,True,-2,0
H1W01931,0042500126,NYK-ATL,4,600,-53,0,true,false,0,True,0,0
H1W01932,0042500126,NYK-ATL,4,595,-55,0,true,false,5,True,2,0
H1W01933,0042500126,NYK-ATL,4,584,-53,-4,true,false,1,True,0,0
H1W01934,0042500126,NYK-ATL,4,570,-55,0,true,false,3,True,-1,-1
H1W01935,0042500126,NYK-ATL,4,528,-50,0,true,false,-3,True,-5,0
H1W01936,0042500126,NYK-ATL,4,517,-52,5,true,false,-1,False,,0
H1W01937,0042500126,NYK-ATL,4,505,-52,1,true,false,-4,False,,1
H1W01938,0042500126,NYK-ATL,4,500,-55,3,false,true,0,False,,1
H1W01939,0042500126,NYK-ATL,4,479,-53,-2,false,true,-2,False,,1
H1W01940,0042500126,NYK-ATL,4,462,-53,0,false,true,-2,False,,0
H1W01941,0042500141,OKC-PHX,1,533,-3,2,false,false,3,True,5,1
H1W01942,0042500141,OKC-PHX,1,515,-3,-3,false,false,3,True,9,2
H1W01943,0042500141,OKC-PHX,1,471,0,-3,true,false,2,True,6,2
H1W01944,0042500141,OKC-PHX,1,460,0,3,true,false,6,True,6,1
H1W01945,0042500141,OKC-PHX,1,457,2,3,true,false,2,True,6,1
H1W01946,0042500141,OKC-PHX,1,442,2,5,true,false,4,True,6,1
H1W01947,0042500141,OKC-PHX,1,430,2,3,true,false,4,True,8,1
H1W01948,0042500141,OKC-PHX,1,425,2,5,true,false,4,True,8,0
H1W01949,0042500141,OKC-PHX,1,407,6,2,true,false,0,True,4,0
H1W01950,0042500141,OKC-PHX,1,390,4,6,true,false,4,True,6,0
H1W01951,0042500141,OKC-PHX,1,372,6,2,true,false,2,True,4,0
H1W01952,0042500141,OKC-PHX,1,359,6,4,true,false,4,True,4,0
H1W01953,0042500141,OKC-PHX,1,352,6,4,true,false,4,True,6,0
H1W01954,0042500141,OKC-PHX,1,322,6,4,true,false,4,True,3,0
H1W01955,0042500141,OKC-PHX,1,314,8,0,true,false,2,True,3,0
H1W01956,0042500141,OKC-PHX,1,300,8,4,true,false,2,True,3,0
H1W01957,0042500141,OKC-PHX,1,293,10,2,true,false,0,True,1,0
H1W01958,0042500141,OKC-PHX,1,270,10,4,true,false,2,True,-1,0
H1W01959,0042500141,OKC-PHX,1,256,10,4,true,false,-1,True,1,0
H1W01960,0042500141,OKC-PHX,1,242,10,4,true,false,1,True,1,0
H1W01961,0042500141,OKC-PHX,1,232,10,2,true,false,1,True,3,0
H1W01962,0042500141,OKC-PHX,1,204,10,2,true,false,1,True,2,0
H1W01963,0042500141,OKC-PHX,1,174,12,0,true,false,-3,True,3,0
H1W01964,0042500141,OKC-PHX,1,154,9,2,true,false,2,False,,0
H1W01965,0042500141,OKC-PHX,1,126,11,-1,true,false,0,False,,1
H1W01966,0042500141,OKC-PHX,1,103,11,1,true,false,2,False,,1
H1W01967,0042500141,OKC-PHX,1,89,11,1,true,false,1,False,,1
H1W01968,0042500141,OKC-PHX,1,81,9,1,true,false,6,False,,1
H1W01969,0042500141,OKC-PHX,2,565,19,2,true,false,4,True,6,1
H1W01970,0042500141,OKC-PHX,2,549,19,6,true,false,4,True,4,0
H1W01971,0042500141,OKC-PHX,2,545,21,6,true,false,2,True,2,0
H1W01972,0042500141,OKC-PHX,2,527,21,8,true,false,4,True,2,0
H1W01973,0042500141,OKC-PHX,2,519,23,5,true,false,2,True,2,0
H1W01974,0042500141,OKC-PHX,2,497,23,7,true,false,2,True,0,0
H1W01975,0042500141,OKC-PHX,2,491,23,4,true,false,0,True,0,0
H1W01976,0042500141,OKC-PHX,2,474,23,4,true,false,0,True,0,-1
H1W01977,0042500141,OKC-PHX,2,470,25,2,true,false,-2,True,0,0
H1W01978,0042500141,OKC-PHX,2,444,25,4,true,false,0,True,-3,0
H1W01979,0042500141,OKC-PHX,2,438,25,2,true,false,-2,True,-1,0
H1W01980,0042500141,OKC-PHX,2,429,23,2,true,false,0,True,-3,0
H1W01981,0042500141,OKC-PHX,2,414,23,0,true,false,0,True,-2,1
H1W01982,0042500141,OKC-PHX,2,342,23,0,true,false,-2,True,-4,0
H1W01983,0042500141,OKC-PHX,2,328,25,0,true,false,-6,True,-4,0
H1W01984,0042500141,OKC-PHX,2,317,22,2,true,false,-1,True,-3,0
H1W01985,0042500141,OKC-PHX,2,301,24,-3,true,false,-5,True,-5,0
H1W01986,0042500141,OKC-PHX,2,256,20,1,true,false,-1,True,-1,0
H1W01987,0042500141,OKC-PHX,2,246,21,-3,true,false,-2,True,1,1
H1W01988,0042500141,OKC-PHX,2,219,19,-2,true,false,2,True,0,1
H1W01989,0042500141,OKC-PHX,2,192,21,-6,true,false,-2,True,-2,1
H1W01990,0042500141,OKC-PHX,2,176,19,-1,true,false,0,True,0,1
H1W01991,0042500141,OKC-PHX,2,161,19,-5,false,true,0,True,2,1
H1W01992,0042500141,OKC-PHX,2,154,19,-1,false,true,3,True,2,0
H1W01993,0042500141,OKC-PHX,2,141,21,-2,false,true,-2,False,,0
H1W01994,0042500141,OKC-PHX,2,121,19,2,false,true,0,False,,0
H1W01995,0042500141,OKC-PHX,2,107,19,-2,false,true,0,False,,0
H1W01996,0042500141,OKC-PHX,2,95,19,0,false,true,2,False,,0
H1W01997,0042500141,OKC-PHX,2,79,22,0,false,true,-1,False,,0
H1W01998,0042500141,OKC-PHX,3,633,17,-2,false,true,0,True,-1,0
H1W01999,0042500141,OKC-PHX,3,616,18,-4,false,true,-1,True,0,0
H1W02000,0042500141,OKC-PHX,3,607,15,-1,false,true,4,True,3,0
H1W02001,0042500141,OKC-PHX,3,592,17,-4,false,true,2,True,4,0
H1W02002,0042500141,OKC-PHX,3,575,17,0,false,true,2,True,4,0
H1W02003,0042500141,OKC-PHX,3,563,17,-2,false,true,-1,True,4,0
H1W02004,0042500141,OKC-PHX,3,543,17,0,false,false,1,True,1,0
H1W02005,0042500141,OKC-PHX,3,528,19,-1,false,false,-1,True,1,0
H1W02006,0042500141,OKC-PHX,3,497,19,4,false,false,2,True,-1,0
H1W02007,0042500141,OKC-PHX,3,475,19,2,false,false,2,True,2,0
H1W02008,0042500141,OKC-PHX,3,463,16,2,false,false,5,True,3,0
H1W02009,0042500141,OKC-PHX,3,238,21,3,true,false,3,True,6,2
H1W02010,0042500141,OKC-PHX,3,221,21,1,true,false,3,True,8,3
H1W02011,0042500141,OKC-PHX,3,216,21,3,true,false,6,True,8,2
H1W02012,0042500141,OKC-PHX,3,208,21,0,true,false,6,True,8,3
H1W02013,0042500141,OKC-PHX,3,205,21,2,true,false,8,True,7,2
H1W02014,0042500141,OKC-PHX,3,193,24,0,true,false,3,True,7,2
H1W02015,0042500141,OKC-PHX,3,167,24,3,true,false,5,False,,1
H1W02016,0042500141,OKC-PHX,3,143,27,3,true,false,2,False,,1
H1W02017,0042500141,OKC-PHX,3,126,27,6,true,false,2,False,,0
H1W02018,0042500141,OKC-PHX,3,114,29,6,true,false,-1,False,,0
H1W02019,0042500141,OKC-PHX,3,100,27,8,true,false,4,False,,0
H1W02020,0042500141,OKC-PHX,4,603,34,3,true,false,-2,True,0,0
H1W02021,0042500141,OKC-PHX,4,592,32,3,true,false,0,True,0,-1
H1W02022,0042500141,OKC-PHX,4,565,32,-2,true,false,0,True,2,0
H1W02023,0042500141,OKC-PHX,4,551,32,-2,true,false,2,True,-1,0
H1W02024,0042500141,OKC-PHX,4,544,32,-2,true,false,2,True,1,1
H1W02025,0042500141,OKC-PHX,4,515,34,0,true,false,-3,False,,1
H1W02026,0042500141,OKC-PHX,4,502,34,2,true,false,-1,False,,0
H1W02027,0042500141,OKC-PHX,4,487,34,2,true,false,-3,False,,0
H1W02028,0042500141,OKC-PHX,4,472,32,2,true,false,2,False,,0
H1W02029,0042500141,OKC-PHX,4,454,34,0,true,false,-3,False,,0
H1W02030,0042500142,OKC-PHX,1,584,2,4,true,false,-2,True,-4,-1
H1W02031,0042500142,OKC-PHX,1,570,2,1,true,false,-5,True,-2,-1
H1W02032,0042500142,OKC-PHX,1,566,0,3,true,false,-1,True,-2,-1
H1W02033,0042500142,OKC-PHX,1,556,0,1,true,false,-1,True,1,0
H1W02034,0042500142,OKC-PHX,1,541,0,1,true,false,1,True,1,0
H1W02035,0042500142,OKC-PHX,1,528,0,-2,true,false,-2,True,1,0
H1W02036,0042500142,OKC-PHX,1,524,-3,-2,false,true,3,True,4,0
H1W02037,0042500142,OKC-PHX,1,516,-1,-5,false,true,-1,True,4,0
H1W02038,0042500142,OKC-PHX,1,501,-1,-1,false,true,2,True,4,0
H1W02039,0042500142,OKC-PHX,1,493,1,-1,false,true,0,True,4,0
H1W02040,0042500142,OKC-PHX,1,483,-2,1,false,true,3,True,7,0
H1W02041,0042500142,OKC-PHX,1,468,0,-2,false,true,1,True,5,0
H1W02042,0042500142,OKC-PHX,1,449,-2,3,false,false,5,True,7,0
H1W02043,0042500142,OKC-PHX,1,383,3,1,true,false,2,True,6,2
H1W02044,0042500142,OKC-PHX,1,367,3,5,true,false,4,True,3,2
H1W02045,0042500142,OKC-PHX,1,353,5,2,true,false,0,True,1,2
H1W02046,0042500142,OKC-PHX,1,334,5,4,true,false,2,True,1,1
H1W02047,0042500142,OKC-PHX,1,323,5,4,true,false,2,True,1,1
H1W02048,0042500142,OKC-PHX,1,321,5,4,true,false,4,True,-1,0
H1W02049,0042500142,OKC-PHX,1,316,7,2,true,false,-1,True,-3,0
H1W02050,0042500142,OKC-PHX,1,108,1,-2,false,true,5,False,,2
H1W02051,0042500142,OKC-PHX,1,88,4,-5,false,true,-1,False,,2
H1W02052,0042500142,OKC-PHX,1,64,4,-2,false,true,-1,False,,0
H1W02053,0042500142,OKC-PHX,1,61,6,-2,true,false,-5,False,,0
H1W02054,0042500142,OKC-PHX,2,622,6,3,true,false,0,True,-4,0
H1W02055,0042500142,OKC-PHX,2,607,4,8,true,false,2,True,-2,-1
H1W02056,0042500142,OKC-PHX,2,584,6,3,true,false,-2,True,-1,-1
H1W02057,0042500142,OKC-PHX,2,571,4,5,true,false,1,True,-1,-1
H1W02058,0042500142,OKC-PHX,2,557,6,0,true,false,-4,True,-1,-1
H1W02059,0042500142,OKC-PHX,2,543,6,2,true,false,-4,True,-2,-1
H1W02060,0042500142,OKC-PHX,2,361,5,5,false,false,2,True,2,1
H1W02061,0042500142,OKC-PHX,2,341,5,0,false,false,0,True,5,1
H1W02062,0042500142,OKC-PHX,2,295,7,-2,true,false,0,True,4,1
H1W02063,0042500142,OKC-PHX,2,278,5,2,true,false,5,True,6,1
H1W02064,0042500142,OKC-PHX,2,257,7,0,true,false,2,True,4,1
H1W02065,0042500142,OKC-PHX,2,242,5,2,true,false,4,True,4,0
H1W02066,0042500142,OKC-PHX,2,228,7,0,true,false,2,True,2,1
H1W02067,0042500142,OKC-PHX,2,219,7,2,true,false,4,True,2,0
H1W02068,0042500142,OKC-PHX,2,198,10,0,true,false,1,True,-1,1
H1W02069,0042500142,OKC-PHX,2,168,9,5,true,false,2,True,-2,1
H1W02070,0042500142,OKC-PHX,2,158,9,2,true,false,0,True,1,2
H1W02071,0042500142,OKC-PHX,2,151,9,4,true,false,0,True,-1,1
H1W02072,0042500142,OKC-PHX,2,137,11,2,true,false,-2,True,-3,2
H1W02073,0042500142,OKC-PHX,2,124,11,4,true,false,-2,False,,1
H1W02074,0042500142,OKC-PHX,2,109,11,1,true,false,-4,False,,1
H1W02075,0042500142,OKC-PHX,2,100,9,2,true,false,1,False,,1
H1W02076,0042500142,OKC-PHX,3,639,12,2,false,false,-4,True,2,0
H1W02077,0042500142,OKC-PHX,3,620,12,4,false,false,-1,True,0,0
H1W02078,0042500142,OKC-PHX,3,598,12,4,false,false,-3,True,2,0
H1W02079,0042500142,OKC-PHX,3,581,10,4,false,false,2,True,4,0
H1W02080,0042500142,OKC-PHX,3,557,10,0,false,false,2,True,5,1
H1W02081,0042500142,OKC-PHX,3,551,8,0,false,false,6,True,7,1
H1W02082,0042500142,OKC-PHX,3,483,12,2,true,false,3,True,0,0
H1W02083,0042500142,OKC-PHX,3,476,14,2,true,false,1,True,-2,0
H1W02084,0042500142,OKC-PHX,3,450,12,6,true,false,3,True,0,0
H1W02085,0042500142,OKC-PHX,3,431,14,1,true,false,-1,True,0,0
H1W02086,0042500142,OKC-PHX,3,327,12,-3,false,true,0,True,5,0
H1W02087,0042500142,OKC-PHX,3,313,12,-3,false,true,3,True,5,0
H1W02088,0042500142,OKC-PHX,3,302,14,-3,false,true,-2,True,4,0
H1W02089,0042500142,OKC-PHX,3,269,14,1,false,true,1,True,2,0
H1W02090,0042500142,OKC-PHX,3,248,14,-1,false,true,1,True,4,0
H1W02091,0042500142,OKC-PHX,3,243,12,2,false,true,5,True,6,0
H1W02092,0042500142,OKC-PHX,3,221,15,0,false,true,2,True,5,1
H1W02093,0042500142,OKC-PHX,3,200,12,3,false,true,6,True,8,1
H1W02094,0042500142,OKC-PHX,3,183,15,-2,false,true,1,True,5,1
H1W02095,0042500142,OKC-PHX,3,166,15,1,true,false,3,True,5,1
H1W02096,0042500142,OKC-PHX,3,161,17,1,true,false,1,True,5,2
H1W02097,0042500142,OKC-PHX,3,149,17,5,true,false,3,True,5,1
H1W02098,0042500142,OKC-PHX,3,138,18,2,true,false,2,True,4,1
H1W02099,0042500142,OKC-PHX,3,125,15,6,true,false,4,True,6,1
H1W02100,0042500142,OKC-PHX,3,108,17,1,true,false,2,True,4,1
H1W02101,0042500142,OKC-PHX,3,88,17,3,true,false,4,False,,0
H1W02102,0042500142,OKC-PHX,3,84,19,1,true,false,2,False,,1
H1W02103,0042500142,OKC-PHX,3,67,19,3,true,false,2,False,,0
H1W02104,0042500142,OKC-PHX,3,56,19,2,true,false,2,False,,1
H1W02105,0042500142,OKC-PHX,3,29,19,4,true,false,2,False,,1
H1W02106,0042500142,OKC-PHX,4,630,24,3,false,false,-3,True,-6,0
H1W02107,0042500142,OKC-PHX,4,605,24,1,false,false,-6,True,-6,0
H1W02108,0042500142,OKC-PHX,4,544,18,-3,false,true,0,True,-1,-1
H1W02109,0042500142,OKC-PHX,4,536,18,-6,false,true,-3,True,-1,0
H1W02110,0042500142,OKC-PHX,4,518,18,-3,false,true,-1,True,-3,0
H1W02111,0042500142,OKC-PHX,4,507,18,-3,false,true,-1,True,-3,0
H1W02112,0042500142,OKC-PHX,4,489,18,-3,false,true,-1,True,-5,-1
H1W02113,0042500142,OKC-PHX,4,484,18,-3,false,true,-1,True,-3,-1
H1W02114,0042500142,OKC-PHX,4,472,15,0,false,true,2,True,-4,-1
H1W02115,0042500142,OKC-PHX,4,453,17,-3,false,true,-2,True,-6,-1
H1W02116,0042500142,OKC-PHX,4,431,17,-1,false,true,-2,True,-6,-1
H1W02117,0042500142,OKC-PHX,4,377,15,2,false,true,-4,True,-7,-1
H1W02118,0042500142,OKC-PHX,4,358,15,-2,false,true,-4,True,-4,0
H1W02119,0042500142,OKC-PHX,4,339,13,-2,false,true,-2,True,-4,0
H1W02120,0042500142,OKC-PHX,4,322,15,-4,false,true,-4,True,-4,1
H1W02121,0042500142,OKC-PHX,4,227,8,0,true,false,5,True,1,0
H1W02122,0042500142,OKC-PHX,4,215,11,-3,true,false,0,True,-2,0
H1W02123,0042500142,OKC-PHX,4,203,9,0,true,false,2,True,0,0
H1W02124,0042500142,OKC-PHX,4,182,11,-2,true,false,-2,True,0,0
H1W02125,0042500142,OKC-PHX,4,166,10,0,true,false,-1,True,1,0
H1W02126,0042500142,OKC-PHX,4,127,13,-1,true,false,-4,False,,1
H1W02127,0042500142,OKC-PHX,4,111,11,5,true,false,-2,False,,1
H1W02128,0042500142,OKC-PHX,4,93,11,0,true,false,-2,False,,1
H1W02129,0042500142,OKC-PHX,4,86,9,2,true,false,2,False,,1
H1W02130,0042500142,OKC-PHX,4,64,9,-2,true,false,2,False,,2
H1W02131,0042500143,OKC-PHX,1,609,-1,-3,true,false,-2,True,-1,0
H1W02132,0042500143,OKC-PHX,1,592,-3,2,true,false,0,True,1,0
H1W02133,0042500143,OKC-PHX,1,576,-1,-2,true,false,-4,True,1,0
H1W02134,0042500143,OKC-PHX,1,552,-3,2,true,false,-2,True,1,0
H1W02135,0042500143,OKC-PHX,1,526,-3,0,true,false,-2,True,3,0
H1W02136,0042500143,OKC-PHX,1,505,-3,0,true,false,1,True,3,0
H1W02137,0042500143,OKC-PHX,1,493,-3,-2,true,false,1,True,5,1
H1W02138,0042500143,OKC-PHX,1,474,-5,0,true,false,5,True,7,1
H1W02139,0042500143,OKC-PHX,1,462,-5,-4,false,false,3,True,11,1
H1W02140,0042500143,OKC-PHX,1,427,-2,1,true,false,4,True,8,1
H1W02141,0042500143,OKC-PHX,1,423,0,1,true,false,2,True,8,1
H1W02142,0042500143,OKC-PHX,1,403,-2,5,true,false,8,True,10,1
H1W02143,0042500143,OKC-PHX,1,394,0,3,true,false,4,True,9,1
H1W02144,0042500143,OKC-PHX,1,386,0,5,true,false,6,True,6,0
H1W02145,0042500143,OKC-PHX,1,362,2,2,true,false,4,True,4,0
H1W02146,0042500143,OKC-PHX,1,336,2,4,true,false,6,True,1,0
H1W02147,0042500143,OKC-PHX,1,324,6,2,true,false,2,True,-3,0
H1W02148,0042500143,OKC-PHX,1,298,4,8,true,false,5,True,-3,0
H1W02149,0042500143,OKC-PHX,1,286,6,4,true,false,0,True,-2,0
H1W02150,0042500143,OKC-PHX,1,260,6,6,true,false,0,True,-4,-1
H1W02151,0042500143,OKC-PHX,1,146,1,-5,false,true,-2,False,,0
H1W02152,0042500143,OKC-PHX,1,131,4,-8,false,true,-8,False,,0
H1W02153,0042500143,OKC-PHX,1,111,2,-2,false,true,-5,False,,0
H1W02154,0042500143,OKC-PHX,1,91,2,-4,false,true,-7,False,,0
H1W02155,0042500143,OKC-PHX,1,84,-1,-1,false,true,-4,False,,0
H1W02156,0042500143,OKC-PHX,2,605,-8,-1,false,true,3,True,2,0
H1W02157,0042500143,OKC-PHX,2,590,-5,-3,false,true,0,True,1,0
H1W02158,0042500143,OKC-PHX,2,562,-5,0,false,true,0,True,1,0
H1W02159,0042500143,OKC-PHX,2,550,-3,-2,true,false,-4,True,-1,0
H1W02160,0042500143,OKC-PHX,2,529,-5,3,true,false,1,True,1,0
H1W02161,0042500143,OKC-PHX,2,513,-5,1,true,false,-1,True,1,0
H1W02162,0042500143,OKC-PHX,2,500,-5,3,true,false,1,True,-1,0
H1W02163,0042500143,OKC-PHX,2,478,-5,0,true,false,1,True,1,0
H1W02164,0042500143,OKC-PHX,2,457,-7,0,false,true,3,True,1,-1
H1W02165,0042500143,OKC-PHX,2,445,-4,-4,false,true,0,True,1,-1
H1W02166,0042500143,OKC-PHX,2,431,-6,1,false,true,2,True,3,-1
H1W02167,0042500143,OKC-PHX,2,415,-4,-1,false,true,-2,True,3,-1
H1W02168,0042500143,OKC-PHX,2,401,-4,1,false,true,0,True,3,-1
H1W02169,0042500143,OKC-PHX,2,356,-6,2,false,true,5,True,5,0
H1W02170,0042500143,OKC-PHX,2,342,-4,-2,false,true,3,True,3,0
H1W02171,0042500143,OKC-PHX,2,330,-6,0,false,true,7,True,2,0
H1W02172,0042500143,OKC-PHX,2,321,-3,-2,false,true,2,True,-1,0
H1W02173,0042500143,OKC-PHX,2,296,-3,1,false,true,4,True,-3,0
H1W02174,0042500143,OKC-PHX,2,286,-1,1,true,false,0,True,-5,0
H1W02175,0042500143,OKC-PHX,2,275,-1,5,true,false,0,True,-7,0
H1W02176,0042500143,OKC-PHX,2,265,1,3,true,false,-5,True,-9,0
H1W02177,0042500143,OKC-PHX,2,244,-1,7,true,false,-3,True,-7,-1
H1W02178,0042500143,OKC-PHX,2,231,1,2,true,false,-7,True,-7,-1
H1W02179,0042500143,OKC-PHX,2,212,-1,4,true,false,-5,True,-8,-1
H1W02180,0042500143,OKC-PHX,2,199,-1,0,true,false,-7,True,-8,-1
H1W02181,0042500143,OKC-PHX,2,189,-4,0,false,true,-4,True,-5,-1
H1W02182,0042500143,OKC-PHX,2,178,-4,-5,false,true,-4,True,-5,0
H1W02183,0042500143,OKC-PHX,2,165,-6,-3,false,true,0,True,-3,0
H1W02184,0042500143,OKC-PHX,2,149,-6,-7,false,true,-3,False,,0
H1W02185,0042500143,OKC-PHX,2,142,-8,-5,false,true,-1,False,,0
H1W02186,0042500143,OKC-PHX,2,132,-8,-7,false,true,-1,False,,0
H1W02187,0042500143,OKC-PHX,2,111,-8,-4,false,true,-1,False,,0
H1W02188,0042500143,OKC-PHX,2,94,-6,-4,false,true,-3,False,,0
H1W02189,0042500143,OKC-PHX,3,563,-7,-2,false,true,-4,True,-2,0
H1W02190,0042500143,OKC-PHX,3,556,-9,0,false,true,-2,True,0,0
H1W02191,0042500143,OKC-PHX,3,541,-9,-5,false,true,-2,True,2,1
H1W02192,0042500143,OKC-PHX,3,534,-11,-3,false,true,2,True,2,1
H1W02193,0042500143,OKC-PHX,3,516,-11,-5,false,true,2,True,2,1
H1W02194,0042500143,OKC-PHX,3,496,-11,-4,false,true,2,True,2,1
H1W02195,0042500143,OKC-PHX,3,488,-11,-4,false,true,2,True,4,1
H1W02196,0042500143,OKC-PHX,3,487,-11,-2,false,true,4,True,2,0
H1W02197,0042500143,OKC-PHX,3,476,-9,-2,false,true,0,True,3,0
H1W02198,0042500143,OKC-PHX,3,457,-9,2,false,true,0,True,1,0
H1W02199,0042500143,OKC-PHX,3,445,-9,2,false,false,0,True,1,0
H1W02200,0042500143,OKC-PHX,3,424,-9,2,false,false,2,True,1,0
H1W02201,0042500143,OKC-PHX,3,416,-7,2,false,false,-2,True,-1,0
H1W02202,0042500143,OKC-PHX,3,395,-9,4,false,false,3,True,0,0
H1W02203,0042500143,OKC-PHX,3,376,-9,0,false,false,1,True,0,0
H1W02204,0042500143,OKC-PHX,3,324,-6,-2,true,false,-3,True,-4,-1
H1W02205,0042500143,OKC-PHX,3,303,-8,3,true,false,-1,True,-4,-1
H1W02206,0042500143,OKC-PHX,3,297,-8,1,true,false,-4,True,-4,0
H1W02207,0042500143,OKC-PHX,3,275,-8,1,true,false,-4,True,-4,-1
H1W02208,0042500143,OKC-PHX,3,262,-8,-1,true,false,-4,True,-2,0
H1W02209,0042500143,OKC-PHX,3,249,-9,1,true,false,-1,True,-1,0
H1W02210,0042500143,OKC-PHX,3,232,-9,-3,true,false,-3,True,2,0
H1W02211,0042500143,OKC-PHX,3,227,-12,-1,true,false,0,True,3,0
H1W02212,0042500143,OKC-PHX,3,216,-12,-4,false,true,0,True,6,1
H1W02213,0042500143,OKC-PHX,3,215,-12,-4,false,true,2,True,4,0
H1W02214,0042500143,OKC-PHX,3,202,-10,-4,false,true,0,True,2,0
H1W02215,0042500143,OKC-PHX,3,184,-12,-1,false,true,5,True,4,0
H1W02216,0042500143,OKC-PHX,3,165,-12,-3,false,true,3,True,4,0
H1W02217,0042500143,OKC-PHX,3,145,-12,0,false,true,6,True,4,0
H1W02218,0042500143,OKC-PHX,3,129,-10,0,false,true,2,False,,0
H1W02219,0042500143,OKC-PHX,3,111,-10,2,false,true,2,False,,-1
H1W02220,0042500143,OKC-PHX,3,103,-7,0,true,false,-1,False,,-1
H1W02221,0042500143,OKC-PHX,3,84,-9,5,true,false,1,False,,-1
H1W02222,0042500143,OKC-PHX,3,67,-6,3,true,false,-2,False,,-1
H1W02223,0042500143,OKC-PHX,4,613,-10,-2,false,false,1,True,-1,0
H1W02224,0042500143,OKC-PHX,4,543,-9,-3,true,false,-2,True,-4,0
H1W02225,0042500143,OKC-PHX,4,518,-9,1,true,false,-2,True,-4,-1
H1W02226,0042500143,OKC-PHX,4,509,-9,1,true,false,-4,True,-4,-1
H1W02227,0042500143,OKC-PHX,4,488,-9,1,true,false,-4,True,-4,-1
H1W02228,0042500143,OKC-PHX,4,484,-9,0,true,false,-4,True,-4,-1
H1W02229,0042500143,OKC-PHX,4,473,-11,2,false,true,-2,True,-4,-1
H1W02230,0042500143,OKC-PHX,4,450,-11,-2,false,true,-2,True,-2,0
H1W02231,0042500143,OKC-PHX,4,445,-13,-2,false,true,0,True,-2,-1
H1W02232,0042500143,OKC-PHX,4,418,-13,-4,false,true,0,True,-2,-1
H1W02233,0042500143,OKC-PHX,4,409,-13,-4,false,true,0,True,-2,-2
H1W02234,0042500143,OKC-PHX,4,396,-13,-4,false,true,-2,True,0,-2
H1W02235,0042500143,OKC-PHX,4,387,-13,-2,false,true,0,True,-3,-2
H1W02236,0042500143,OKC-PHX,4,387,-13,-2,false,true,-2,True,0,-1
H1W02237,0042500143,OKC-PHX,4,377,-13,0,false,true,-2,True,-3,-1
H1W02238,0042500143,OKC-PHX,4,375,-13,0,false,true,-2,True,-1,0
H1W02239,0042500143,OKC-PHX,4,372,-15,0,false,true,2,True,1,0
H1W02240,0042500143,OKC-PHX,4,350,-13,-2,false,true,-3,True,3,0
H1W02241,0042500143,OKC-PHX,4,322,-15,0,false,true,2,True,5,0
H1W02242,0042500143,OKC-PHX,4,310,-15,-2,false,true,-1,True,5,0
H1W02243,0042500143,OKC-PHX,4,302,-15,-2,false,true,1,True,3,0
H1W02244,0042500143,OKC-PHX,4,294,-13,-2,false,true,-1,True,3,0
H1W02245,0042500143,OKC-PHX,4,258,-16,2,false,true,6,True,4,0
H1W02246,0042500143,OKC-PHX,4,248,-13,-3,false,true,3,True,3,1
H1W02247,0042500143,OKC-PHX,4,224,-16,2,false,true,6,True,3,1
H1W02248,0042500143,OKC-PHX,4,211,-14,-1,false,true,2,True,1,1
H1W02249,0042500143,OKC-PHX,4,187,-14,1,false,true,4,True,-1,1
H1W02250,0042500143,OKC-PHX,4,180,-10,-1,true,false,-2,True,-3,1
H1W02251,0042500143,OKC-PHX,4,155,-10,6,true,false,0,True,-5,0
H1W02252,0042500143,OKC-PHX,4,144,-10,3,true,false,-3,True,-2,0
H1W02253,0042500143,OKC-PHX,4,138,-12,6,true,false,-1,True,-2,0
H1W02254,0042500143,OKC-PHX,4,128,-10,2,true,false,-5,True,-2,0
H1W02255,0042500143,OKC-PHX,4,122,-12,4,true,false,-1,True,0,0
H1W02256,0042500143,OKC-PHX,4,116,-10,-2,true,false,-5,True,-2,0
H1W02257,0042500143,OKC-PHX,4,102,-13,0,true,false,1,False,,0
H1W02258,0042500143,OKC-PHX,4,92,-13,-3,true,false,-1,False,,0
H1W02259,0042500143,OKC-PHX,4,85,-15,-1,false,true,3,False,,0
H1W02260,0042500143,OKC-PHX,4,77,-13,-5,false,true,1,False,,0
H1W02261,0042500143,OKC-PHX,4,70,-15,-1,false,true,3,False,,-1
H1W02262,0042500144,OKC-PHX,1,608,1,1,false,true,0,True,-4,0
H1W02263,0042500144,OKC-PHX,1,600,1,-2,false,true,-2,True,-2,0
H1W02264,0042500144,OKC-PHX,1,599,1,0,false,true,-2,True,-2,-1
H1W02265,0042500144,OKC-PHX,1,593,1,-2,false,true,-4,True,1,0
H1W02266,0042500144,OKC-PHX,1,572,-1,0,false,true,0,True,3,0
H1W02267,0042500144,OKC-PHX,1,559,1,-2,false,true,-4,True,4,0
H1W02268,0042500144,OKC-PHX,1,535,-1,0,false,true,0,True,4,0
H1W02269,0042500144,OKC-PHX,1,523,-1,-2,false,true,0,True,6,0
H1W02270,0042500144,OKC-PHX,1,510,-4,-2,false,true,5,True,6,0
H1W02271,0042500144,OKC-PHX,1,500,-2,-4,false,true,3,True,4,1
H1W02272,0042500144,OKC-PHX,1,487,-4,0,false,true,8,True,6,1
H1W02273,0042500144,OKC-PHX,1,477,-2,-4,false,true,4,True,6,1
H1W02274,0042500144,OKC-PHX,1,464,-2,0,false,true,6,True,6,1
H1W02275,0042500144,OKC-PHX,1,294,0,0,false,true,-3,True,-6,0
H1W02276,0042500144,OKC-PHX,1,280,0,-4,false,true,-6,True,-6,0
H1W02277,0042500144,OKC-PHX,1,270,0,-4,false,true,-3,True,-8,0
H1W02278,0042500144,OKC-PHX,1,257,0,-4,false,true,-6,True,-8,0
H1W02279,0042500144,OKC-PHX,1,244,-3,-2,false,true,-1,True,-8,0
H1W02280,0042500144,OKC-PHX,1,214,-3,-5,false,true,-3,True,-6,0
H1W02281,0042500144,OKC-PHX,1,208,-6,-3,false,true,0,True,-3,-1
H1W02282,0042500144,OKC-PHX,1,193,-3,-6,false,true,-5,True,-4,-1
H1W02283,0042500144,OKC-PHX,1,177,-6,-3,false,true,-2,True,-1,-2
H1W02284,0042500144,OKC-PHX,1,162,-4,-6,false,true,-7,True,0,-2
H1W02285,0042500144,OKC-PHX,1,150,-6,-1,false,true,-3,False,,-2
H1W02286,0042500144,OKC-PHX,1,127,-6,-3,false,true,-3,False,,-1
H1W02287,0042500144,OKC-PHX,1,117,-8,0,false,true,1,False,,-1
H1W02288,0042500144,OKC-PHX,2,623,-2,-1,true,false,2,True,3,0
H1W02289,0042500144,OKC-PHX,2,596,-5,2,true,false,5,True,6,-1
H1W02290,0042500144,OKC-PHX,2,582,-3,-1,true,false,3,True,4,-1
H1W02291,0042500144,OKC-PHX,2,554,-3,4,true,false,5,True,4,-1
H1W02292,0042500144,OKC-PHX,2,532,0,2,true,false,-1,True,4,-1
H1W02293,0042500144,OKC-PHX,2,514,0,5,true,false,1,True,2,-1
H1W02294,0042500144,OKC-PHX,2,514,0,2,true,false,1,True,2,0
H1W02295,0042500144,OKC-PHX,2,510,0,5,true,false,1,True,2,-1
H1W02296,0042500144,OKC-PHX,2,502,2,3,true,false,-1,True,2,-1
H1W02297,0042500144,OKC-PHX,2,491,-1,5,true,false,5,True,5,-1
H1W02298,0042500144,OKC-PHX,2,478,1,-1,true,false,1,True,6,-1
H1W02299,0042500144,OKC-PHX,2,463,1,1,true,false,1,True,3,-1
H1W02300,0042500144,OKC-PHX,2,445,1,1,true,false,1,True,3,1
H1W02301,0042500144,OKC-PHX,2,432,1,1,true,false,3,True,1,1
H1W02302,0042500144,OKC-PHX,2,418,4,-1,true,false,0,True,1,1
H1W02303,0042500144,OKC-PHX,2,403,2,5,true,false,5,True,0,1
H1W02304,0042500144,OKC-PHX,2,383,2,1,true,false,2,True,0,1
H1W02305,0042500144,OKC-PHX,2,380,2,1,true,false,2,True,-2,-1
H1W02306,0042500144,OKC-PHX,2,228,0,-2,false,true,0,True,-5,0
H1W02307,0042500144,OKC-PHX,2,216,2,-4,false,true,-4,True,-4,0
H1W02308,0042500144,OKC-PHX,2,200,0,0,false,true,-2,True,-5,-1
H1W02309,0042500144,OKC-PHX,2,181,2,-5,false,true,-6,True,-7,-1
H1W02310,0042500144,OKC-PHX,2,161,0,0,false,true,-2,True,-8,-1
H1W02311,0042500144,OKC-PHX,2,126,-2,-4,false,true,-3,False,,0
H1W02312,0042500144,OKC-PHX,2,110,-4,-2,false,true,-1,False,,0
H1W02313,0042500144,OKC-PHX,2,86,-2,-6,false,true,-6,False,,0
H1W02314,0042500144,OKC-PHX,3,622,-9,-1,true,false,1,True,1,1
H1W02315,0042500144,OKC-PHX,3,602,-9,-1,true,false,3,True,-2,1
H1W02316,0042500144,OKC-PHX,3,319,-15,2,false,true,3,True,5,0
H1W02317,0042500144,OKC-PHX,3,302,-13,-3,false,true,1,True,3,0
H1W02318,0042500144,OKC-PHX,3,288,-15,-1,false,true,5,True,5,0
H1W02319,0042500144,OKC-PHX,3,264,-13,-3,false,true,3,True,5,1
H1W02320,0042500144,OKC-PHX,3,240,-15,1,false,true,8,True,5,1
H1W02321,0042500144,OKC-PHX,3,230,-12,-3,false,true,2,True,5,1
H1W02322,0042500144,OKC-PHX,3,193,-12,3,false,true,2,True,5,1
H1W02323,0042500144,OKC-PHX,3,190,-10,1,false,true,0,True,3,1
H1W02324,0042500144,OKC-PHX,3,182,-10,5,true,false,2,True,3,0
H1W02325,0042500144,OKC-PHX,3,175,-7,3,true,false,-3,True,1,0
H1W02326,0042500144,OKC-PHX,3,163,-10,8,true,false,3,True,2,0
H1W02327,0042500144,OKC-PHX,3,130,-10,2,true,false,3,False,,0
H1W02328,0042500144,OKC-PHX,3,122,-10,2,true,false,3,False,,0
H1W02329,0042500144,OKC-PHX,3,106,-8,0,true,false,1,False,,0
H1W02330,0042500144,OKC-PHX,3,92,-10,2,true,false,4,False,,0
H1W02331,0042500144,OKC-PHX,3,78,-7,-3,true,false,-1,False,,0
H1W02332,0042500144,OKC-PHX,4,508,-12,-5,false,true,0,True,-2,2
H1W02333,0042500144,OKC-PHX,4,493,-12,-2,false,true,0,True,-4,1
H1W02334,0042500144,OKC-PHX,4,487,-10,-2,false,true,-3,True,-4,1
H1W02335,0042500144,OKC-PHX,4,467,-12,0,false,true,1,True,-4,1
H1W02336,0042500144,OKC-PHX,4,441,-12,-2,false,true,-2,True,-2,1
H1W02337,0042500144,OKC-PHX,4,258,-12,0,true,false,-1,True,3,1
H1W02338,0042500144,OKC-PHX,4,230,-12,4,true,false,1,True,1,1
H1W02339,0042500144,OKC-PHX,4,220,-12,2,true,false,1,True,4,2
H1W02340,0042500144,OKC-PHX,4,211,-14,4,true,false,3,True,4,2
H1W02341,0042500144,OKC-PHX,4,197,-13,0,true,false,2,True,3,2
H1W02342,0042500144,OKC-PHX,4,174,-13,1,true,false,4,True,2,1
H1W02343,0042500144,OKC-PHX,4,163,-11,-1,true,false,0,True,2,1
H1W02344,0042500144,OKC-PHX,4,132,-11,1,true,false,3,True,2,0
H1W02345,0042500144,OKC-PHX,4,112,-11,1,true,false,1,True,2,0
H1W02346,0042500144,OKC-PHX,4,91,-11,3,true,false,1,False,,0
H1W02347,0042500144,OKC-PHX,4,77,-9,2,true,false,-2,False,,0
H1W02348,0042500144,OKC-PHX,4,57,-11,4,true,false,2,False,,0
H1W02349,0042500144,OKC-PHX,4,51,-8,0,true,false,-1,False,,1
H1W02350,0042500144,OKC-PHX,4,45,-10,3,true,false,1,False,,1
H1W02351,0042500151,SAS-POR,1,601,2,2,true,false,0,True,-3,0
H1W02352,0042500151,SAS-POR,1,586,2,0,true,false,-2,True,-3,0
H1W02353,0042500151,SAS-POR,1,566,0,3,true,false,0,True,-1,0
H1W02354,0042500151,SAS-POR,1,555,2,-1,true,false,-5,True,0,0
H1W02355,0042500151,SAS-POR,1,540,2,3,true,false,-3,True,0,0
H1W02356,0042500151,SAS-POR,1,534,2,0,true,false,-3,True,0,0
H1W02357,0042500151,SAS-POR,1,523,0,0,true,false,-1,True,2,0
H1W02358,0042500151,SAS-POR,1,494,0,-2,true,false,-1,True,4,0
H1W02359,0042500151,SAS-POR,1,490,-3,0,false,true,5,True,7,0
H1W02360,0042500151,SAS-POR,1,467,-1,-5,false,true,3,True,7,0
H1W02361,0042500151,SAS-POR,1,442,-1,-3,false,true,3,True,4,0
H1W02362,0042500151,SAS-POR,1,433,-1,-3,false,true,3,True,7,0
H1W02363,0042500151,SAS-POR,1,421,-1,-1,false,true,5,True,7,0
H1W02364,0042500151,SAS-POR,1,419,2,-1,true,false,2,True,4,0
H1W02365,0042500151,SAS-POR,1,397,2,5,true,false,4,True,4,0
H1W02366,0042500151,SAS-POR,1,379,2,3,true,false,1,True,4,0
H1W02367,0042500151,SAS-POR,1,358,2,3,true,false,4,True,4,0
H1W02368,0042500151,SAS-POR,1,355,4,3,true,false,2,True,5,1
H1W02369,0042500151,SAS-POR,1,338,4,5,true,false,2,True,5,1
H1W02370,0042500151,SAS-POR,1,330,6,2,true,false,0,True,3,1
H1W02371,0042500151,SAS-POR,1,308,3,4,true,false,3,True,4,1
H1W02372,0042500151,SAS-POR,1,292,6,1,true,false,0,True,1,1
H1W02373,0042500151,SAS-POR,1,261,6,4,true,false,3,True,1,0
H1W02374,0042500151,SAS-POR,1,227,6,2,true,false,3,True,1,0
H1W02375,0042500151,SAS-POR,1,208,6,2,true,false,3,True,-1,0
H1W02376,0042500151,SAS-POR,1,195,6,0,true,false,1,True,2,0
H1W02377,0042500151,SAS-POR,1,176,6,3,true,false,1,True,0,0
H1W02378,0042500151,SAS-POR,1,155,9,0,true,false,-2,True,0,0
H1W02379,0042500151,SAS-POR,1,138,9,3,true,false,-2,False,,0
H1W02380,0042500151,SAS-POR,1,123,9,3,true,false,-4,False,,0
H1W02381,0042500151,SAS-POR,1,109,7,3,true,false,1,False,,0
H1W02382,0042500151,SAS-POR,1,93,7,1,true,false,-1,False,,0
H1W02383,0042500151,SAS-POR,1,74,7,1,true,false,2,False,,0
H1W02384,0042500151,SAS-POR,2,580,8,0,false,true,-1,True,3,-1
H1W02385,0042500151,SAS-POR,2,566,5,2,false,true,2,True,4,-1
H1W02386,0042500151,SAS-POR,2,554,7,-3,false,true,0,True,4,-1
H1W02387,0042500151,SAS-POR,2,531,7,-1,false,true,3,True,4,-1
H1W02388,0042500151,SAS-POR,2,517,7,-1,false,true,2,True,7,0
H1W02389,0042500151,SAS-POR,2,504,7,1,false,true,4,True,7,0
H1W02390,0042500151,SAS-POR,2,484,7,-1,false,true,2,True,9,0
H1W02391,0042500151,SAS-POR,2,445,7,2,false,true,4,True,7,0
H1W02392,0042500151,SAS-POR,2,443,10,0,false,true,1,True,4,0
H1W02393,0042500151,SAS-POR,2,424,9,3,false,true,5,True,3,0
H1W02394,0042500151,SAS-POR,2,410,11,2,false,true,3,True,3,1
H1W02395,0042500151,SAS-POR,2,399,9,4,false,true,7,True,3,1
H1W02396,0042500151,SAS-POR,2,389,11,2,false,true,3,True,1,1
H1W02397,0042500151,SAS-POR,2,367,11,4,false,true,3,True,-1,0
H1W02398,0042500151,SAS-POR,2,234,12,0,false,true,-2,True,-2,0
H1W02399,0042500151,SAS-POR,2,220,12,-4,false,true,-5,True,-2,0
H1W02400,0042500151,SAS-POR,2,213,10,-2,false,true,-1,True,0,0
H1W02401,0042500151,SAS-POR,2,200,12,-4,false,true,-3,True,-2,0
H1W02402,0042500151,SAS-POR,2,184,10,0,false,true,2,True,0,0
H1W02403,0042500151,SAS-POR,2,163,10,-4,false,true,0,False,,0
H1W02404,0042500151,SAS-POR,2,148,7,-2,false,true,3,False,,-1
H1W02405,0042500151,SAS-POR,2,132,9,-5,false,true,1,False,,-1
H1W02406,0042500151,SAS-POR,2,114,9,-1,false,true,1,False,,-1
H1W02407,0042500151,SAS-POR,2,101,12,-3,true,false,-2,False,,-1
H1W02408,0042500151,SAS-POR,3,628,4,-3,false,true,0,True,-2,0
H1W02409,0042500151,SAS-POR,3,600,4,-6,false,true,-2,True,-2,0
H1W02410,0042500151,SAS-POR,3,598,4,-6,false,true,-2,True,-2,-1
H1W02411,0042500151,SAS-POR,3,586,4,-6,false,true,-2,True,-2,1
H1W02412,0042500151,SAS-POR,3,582,2,-3,false,true,0,True,0,1
H1W02413,0042500151,SAS-POR,3,561,4,-5,false,true,-2,True,1,1
H1W02414,0042500151,SAS-POR,3,547,2,0,false,true,0,True,3,1
H1W02415,0042500151,SAS-POR,3,526,2,-2,false,true,0,True,5,2
H1W02416,0042500151,SAS-POR,3,504,2,-2,false,true,0,True,5,1
H1W02417,0042500151,SAS-POR,3,487,2,-2,false,true,0,True,5,2
H1W02418,0042500151,SAS-POR,3,471,2,0,false,true,3,True,3,2
H1W02419,0042500151,SAS-POR,3,459,2,-2,false,true,3,True,6,3
H1W02420,0042500151,SAS-POR,3,454,2,0,true,false,5,True,6,2
H1W02421,0042500151,SAS-POR,3,441,2,0,true,false,5,True,6,2
H1W02422,0042500151,SAS-POR,3,439,2,0,true,false,5,True,6,0
H1W02423,0042500151,SAS-POR,3,432,5,0,true,false,0,True,6,0
H1W02424,0042500151,SAS-POR,3,413,5,3,true,false,3,True,4,-1
H1W02425,0042500151,SAS-POR,3,394,7,3,true,false,1,True,4,-1
H1W02426,0042500151,SAS-POR,3,309,11,1,false,true,-3,True,1,0
H1W02427,0042500151,SAS-POR,3,295,9,6,false,true,1,True,3,0
H1W02428,0042500151,SAS-POR,3,277,11,1,false,true,-1,True,3,1
H1W02429,0042500151,SAS-POR,3,249,11,3,false,true,1,True,1,1
H1W02430,0042500151,SAS-POR,3,240,11,3,false,true,-1,True,3,1
H1W02431,0042500151,SAS-POR,3,221,8,3,false,true,4,True,6,1
H1W02432,0042500151,SAS-POR,3,203,10,-3,false,true,2,True,4,1
H1W02433,0042500151,SAS-POR,3,183,10,1,true,false,4,True,4,0
H1W02434,0042500151,SAS-POR,3,181,12,-1,true,false,0,True,5,0
H1W02435,0042500151,SAS-POR,3,166,10,1,true,false,4,True,7,0
H1W02436,0042500151,SAS-POR,3,147,12,-1,true,false,2,True,5,1
H1W02437,0042500151,SAS-POR,3,131,12,4,true,false,2,True,3,1
H1W02438,0042500151,SAS-POR,3,128,14,2,true,false,0,True,1,1
H1W02439,0042500151,SAS-POR,3,112,12,4,true,false,5,False,,1
H1W02440,0042500151,SAS-POR,3,100,14,0,true,false,3,False,,1
H1W02441,0042500151,SAS-POR,3,85,14,4,true,false,3,False,,0
H1W02442,0042500151,SAS-POR,3,70,14,2,true,false,1,False,,0
H1W02443,0042500151,SAS-POR,3,60,14,2,true,false,1,False,,0
H1W02444,0042500151,SAS-POR,4,632,18,6,true,false,3,True,-1,0
H1W02445,0042500151,SAS-POR,4,604,20,1,true,false,-1,True,-3,0
H1W02446,0042500151,SAS-POR,4,591,18,3,true,false,1,True,-1,-1
H1W02447,0042500151,SAS-POR,4,575,21,-1,true,false,-4,True,-4,-1
H1W02448,0042500151,SAS-POR,4,566,19,2,true,false,-2,True,-4,-1
H1W02449,0042500151,SAS-POR,4,541,21,-2,true,false,-4,True,-6,-1
H1W02450,0042500151,SAS-POR,4,527,19,3,true,false,-2,True,-7,-1
H1W02451,0042500151,SAS-POR,4,503,19,-1,false,true,-2,True,-4,0
H1W02452,0042500151,SAS-POR,4,491,17,1,false,true,0,True,-4,0
H1W02453,0042500151,SAS-POR,4,461,17,-4,false,true,-2,True,-4,0
H1W02454,0042500151,SAS-POR,4,449,17,-2,false,true,-2,True,-4,0
H1W02455,0042500151,SAS-POR,4,428,17,-4,false,true,-5,True,-4,0
H1W02456,0042500151,SAS-POR,4,421,17,-2,false,true,-2,True,-6,0
H1W02457,0042500151,SAS-POR,4,410,17,-2,false,true,-4,True,-6,0
H1W02458,0042500151,SAS-POR,4,358,12,-2,false,true,1,True,1,-1
H1W02459,0042500151,SAS-POR,4,334,15,-5,false,true,-4,True,-1,-1
H1W02460,0042500151,SAS-POR,4,308,13,-2,false,true,-2,True,-1,-1
H1W02461,0042500151,SAS-POR,4,287,13,-4,false,true,-2,True,1,-1
H1W02462,0042500151,SAS-POR,4,279,13,-2,false,true,0,True,-1,-1
H1W02463,0042500151,SAS-POR,4,273,13,-2,false,true,0,True,-1,0
H1W02464,0042500151,SAS-POR,4,267,11,1,false,true,3,True,1,0
H1W02465,0042500151,SAS-POR,4,247,11,-4,false,true,1,True,3,0
H1W02466,0042500151,SAS-POR,4,235,11,-2,false,true,3,True,3,0
H1W02467,0042500151,SAS-POR,4,221,13,-2,false,true,-1,True,1,0
H1W02468,0042500151,SAS-POR,4,191,13,0,false,true,-1,True,-1,-1
H1W02469,0042500151,SAS-POR,4,171,14,0,false,true,-2,True,-1,-1
H1W02470,0042500151,SAS-POR,4,154,12,3,false,true,2,True,1,-1
H1W02471,0042500151,SAS-POR,4,131,14,1,false,true,0,True,-1,-1
H1W02472,0042500151,SAS-POR,4,125,12,3,false,false,2,False,,-1
H1W02473,0042500151,SAS-POR,4,113,12,-1,false,false,0,False,,0
H1W02474,0042500151,SAS-POR,4,97,12,-1,false,false,1,False,,0
H1W02475,0042500151,SAS-POR,4,89,14,-2,false,false,-1,False,,0
H1W02476,0042500151,SAS-POR,4,79,14,2,false,false,-1,False,,-1
H1W02477,0042500152,SAS-POR,1,638,0,0,false,false,-3,True,-11,0
H1W02478,0042500152,SAS-POR,1,616,2,-2,false,false,-8,True,-13,0
H1W02479,0042500152,SAS-POR,1,568,-3,0,false,true,-6,True,-5,-2
H1W02480,0042500152,SAS-POR,1,550,-3,-3,false,true,-8,True,-3,-2
H1W02481,0042500152,SAS-POR,1,531,-6,-3,false,true,-5,True,-2,-3
H1W02482,0042500152,SAS-POR,1,522,-6,-8,false,true,-5,True,-2,-1
H1W02483,0042500152,SAS-POR,1,513,-9,-6,false,true,1,True,-1,-1
H1W02484,0042500152,SAS-POR,1,507,-9,-9,false,true,1,True,-1,0
H1W02485,0042500152,SAS-POR,1,496,-11,-6,false,true,5,True,-2,0
H1W02486,0042500152,SAS-POR,1,378,-10,3,false,true,-1,True,0,0
H1W02487,0042500152,SAS-POR,1,361,-10,-2,false,true,-1,True,3,0
H1W02488,0042500152,SAS-POR,1,327,-13,-2,false,true,4,True,6,0
H1W02489,0042500152,SAS-POR,1,311,-11,-7,false,true,2,True,6,1
H1W02490,0042500152,SAS-POR,1,296,-11,-3,false,true,4,True,6,1
H1W02491,0042500152,SAS-POR,1,289,-11,-3,false,true,1,True,9,1
H1W02492,0042500152,SAS-POR,1,275,-11,-1,false,true,4,True,9,1
H1W02493,0042500152,SAS-POR,1,261,-9,-1,false,true,2,True,7,1
H1W02494,0042500152,SAS-POR,1,247,-9,4,true,false,4,True,7,0
H1W02495,0042500152,SAS-POR,1,241,-7,2,true,false,2,True,5,0
H1W02496,0042500152,SAS-POR,1,220,-10,4,true,false,8,True,6,0
H1W02497,0042500152,SAS-POR,1,198,-7,1,true,false,5,True,6,0
H1W02498,0042500152,SAS-POR,1,175,-7,4,true,false,5,True,6,0
H1W02499,0042500152,SAS-POR,1,165,-5,2,true,false,3,True,6,0
H1W02500,0042500152,SAS-POR,1,140,-5,4,true,false,3,False,,0
H1W02501,0042500152,SAS-POR,1,126,-2,2,true,false,-2,False,,0
H1W02502,0042500152,SAS-POR,1,107,-2,8,true,false,1,False,,0
H1W02503,0042500152,SAS-POR,1,100,-2,5,true,false,1,False,,1
H1W02504,0042500152,SAS-POR,1,84,-2,5,true,false,3,False,,1
H1W02505,0042500152,SAS-POR,2,615,-1,-4,false,true,-1,True,-2,0
H1W02506,0042500152,SAS-POR,2,596,-1,0,false,true,-1,True,-4,0
H1W02507,0042500152,SAS-POR,2,593,1,0,false,true,-6,True,-6,0
H1W02508,0042500152,SAS-POR,2,561,1,2,false,true,-6,True,-6,-1
H1W02509,0042500152,SAS-POR,2,552,1,2,false,true,-6,True,-6,0
H1W02510,0042500152,SAS-POR,2,499,-5,-1,false,true,0,True,-1,0
H1W02511,0042500152,SAS-POR,2,477,-5,-6,false,true,0,True,1,1
H1W02512,0042500152,SAS-POR,2,474,-5,-6,false,true,0,True,1,0
H1W02513,0042500152,SAS-POR,2,459,-3,-6,false,true,-3,True,1,0
H1W02514,0042500152,SAS-POR,2,442,-5,-1,false,true,-1,True,3,0
H1W02515,0042500152,SAS-POR,2,405,-6,0,false,true,4,True,4,0
H1W02516,0042500152,SAS-POR,2,390,-6,-3,false,true,4,True,6,0
H1W02517,0042500152,SAS-POR,2,376,-6,-1,false,true,4,True,6,-1
H1W02518,0042500152,SAS-POR,2,372,-4,-1,false,true,0,True,6,-1
H1W02519,0042500152,SAS-POR,2,346,-4,1,false,true,2,True,6,-1
H1W02520,0042500152,SAS-POR,2,345,-2,1,false,true,0,True,7,0
H1W02521,0042500152,SAS-POR,2,333,-2,4,false,true,2,True,5,0
H1W02522,0042500152,SAS-POR,2,329,-2,4,false,true,2,True,7,1
H1W02523,0042500152,SAS-POR,2,317,-4,4,false,true,6,True,7,1
H1W02524,0042500152,SAS-POR,2,297,-2,0,false,true,4,True,5,2
H1W02525,0042500152,SAS-POR,2,284,-2,2,false,true,7,True,3,1
H1W02526,0042500152,SAS-POR,2,277,0,0,true,false,3,True,3,1
H1W02527,0042500152,SAS-POR,2,261,0,2,true,false,5,True,3,1
H1W02528,0042500152,SAS-POR,2,257,2,2,true,false,1,True,4,1
H1W02529,0042500152,SAS-POR,2,246,2,6,true,false,1,True,2,0
H1W02530,0042500152,SAS-POR,2,238,5,4,true,false,-4,True,-1,0
H1W02531,0042500152,SAS-POR,2,221,3,7,true,false,0,True,-1,0
H1W02532,0042500152,SAS-POR,2,205,5,3,true,false,-2,True,0,0
H1W02533,0042500152,SAS-POR,2,194,3,5,true,false,3,True,-1,0
H1W02534,0042500152,SAS-POR,2,175,3,1,true,false,1,True,-1,0
H1W02535,0042500152,SAS-POR,2,173,1,1,true,false,3,True,-1,0
H1W02536,0042500152,SAS-POR,2,133,6,-2,true,false,-4,False,,0
H1W02537,0042500152,SAS-POR,2,112,4,3,true,false,-2,False,,0
H1W02538,0042500152,SAS-POR,2,92,4,1,true,false,-4,False,,0
H1W02539,0042500152,SAS-POR,2,68,2,3,false,true,-2,False,,0
H1W02540,0042500152,SAS-POR,3,637,4,2,false,false,0,True,1,0
H1W02541,0042500152,SAS-POR,3,622,4,4,false,false,0,True,1,-1
H1W02542,0042500152,SAS-POR,3,614,6,2,false,false,-4,True,-1,-1
H1W02543,0042500152,SAS-POR,3,554,2,0,false,true,3,True,-2,0
H1W02544,0042500152,SAS-POR,3,548,3,-4,false,true,-1,True,-1,0
H1W02545,0042500152,SAS-POR,3,516,3,-1,false,true,-1,True,-3,0
H1W02546,0042500152,SAS-POR,3,489,5,-1,false,true,-3,True,-5,0
H1W02547,0042500152,SAS-POR,3,408,2,-3,false,true,-2,True,3,-1
H1W02548,0042500152,SAS-POR,3,395,0,-3,false,true,2,True,5,-1
H1W02549,0042500152,SAS-POR,3,371,2,-5,false,true,-2,True,4,-1
H1W02550,0042500152,SAS-POR,3,362,0,0,false,true,3,True,4,-1
H1W02551,0042500152,SAS-POR,3,75,2,0,true,false,-1,False,,0
H1W02552,0042500152,SAS-POR,3,71,2,0,true,false,-1,False,,0
H1W02553,0042500152,SAS-POR,4,592,4,3,true,false,7,True,7,1
H1W02554,0042500152,SAS-POR,4,586,6,3,true,false,5,True,5,2
H1W02555,0042500152,SAS-POR,4,577,6,5,true,false,8,True,2,1
H1W02556,0042500152,SAS-POR,4,573,9,3,true,false,2,True,-1,1
H1W02557,0042500152,SAS-POR,4,555,9,6,true,false,4,True,-4,1
H1W02558,0042500152,SAS-POR,4,541,11,5,true,false,0,True,-3,1
H1W02559,0042500152,SAS-POR,4,430,8,-6,false,true,0,True,-1,1
H1W02560,0042500152,SAS-POR,4,425,5,-3,false,true,3,True,-1,1
H1W02561,0042500152,SAS-POR,4,401,8,-8,false,true,0,True,-2,1
H1W02562,0042500152,SAS-POR,4,375,8,-3,false,true,1,True,-4,1
H1W02563,0042500152,SAS-POR,4,358,8,-3,false,true,-1,True,-4,1
H1W02564,0042500152,SAS-POR,4,352,8,0,false,true,-1,True,-4,0
H1W02565,0042500152,SAS-POR,4,326,8,0,false,true,-4,True,-4,0
H1W02566,0042500152,SAS-POR,4,314,8,3,false,true,-2,True,-7,0
H1W02567,0042500152,SAS-POR,4,308,9,0,true,false,-5,True,-8,0
H1W02568,0042500152,SAS-POR,4,293,7,1,true,false,-3,True,-8,0
H1W02569,0042500152,SAS-POR,4,257,7,-1,true,false,-3,True,-8,1
H1W02570,0042500152,SAS-POR,4,243,4,-1,true,false,0,True,-5,0
H1W02571,0042500152,SAS-POR,4,217,6,-4,true,false,-5,True,-7,0
H1W02572,0042500152,SAS-POR,4,206,4,-2,true,false,-3,True,-7,0
H1W02573,0042500152,SAS-POR,4,183,4,-5,true,false,-5,True,-5,0
H1W02574,0042500152,SAS-POR,4,175,4,-3,true,false,-5,True,-7,-1
H1W02575,0042500152,SAS-POR,4,174,4,-3,false,true,-5,True,-7,0
H1W02576,0042500152,SAS-POR,4,163,1,0,false,true,-2,False,,0
H1W02577,0042500152,SAS-POR,4,138,1,-5,false,true,-4,False,,0
H1W02578,0042500152,SAS-POR,4,122,-1,-3,false,true,0,False,,0
H1W02579,0042500152,SAS-POR,4,65,-1,-5,false,true,-2,False,,0
H1W02580,0042500152,SAS-POR,4,39,-1,-5,false,true,-2,False,,0
H1W02581,0042500153,SAS-POR,1,650,1,3,false,false,3,True,2,1
H1W02582,0042500153,SAS-POR,1,637,4,1,false,false,-2,True,1,1
H1W02583,0042500153,SAS-POR,1,619,4,4,false,false,-2,True,1,-1
H1W02584,0042500153,SAS-POR,1,593,4,1,false,false,-2,True,1,0
H1W02585,0042500153,SAS-POR,1,583,4,1,false,false,1,True,-1,0
H1W02586,0042500153,SAS-POR,1,574,4,1,false,false,-1,True,1,0
H1W02587,0042500153,SAS-POR,1,568,2,3,false,false,3,True,3,0
H1W02588,0042500153,SAS-POR,1,553,2,-2,false,false,3,True,3,1
H1W02589,0042500153,SAS-POR,1,510,5,-1,true,false,0,True,-1,0
H1W02590,0042500153,SAS-POR,1,492,5,3,true,false,0,True,-3,0
H1W02591,0042500153,SAS-POR,1,478,5,3,true,false,-3,True,-3,1
H1W02592,0042500153,SAS-POR,1,473,3,3,true,false,1,True,-1,1
H1W02593,0042500153,SAS-POR,1,459,5,-2,true,false,-1,True,-3,1
H1W02594,0042500153,SAS-POR,1,454,5,2,true,false,-1,True,-5,0
H1W02595,0042500153,SAS-POR,1,438,5,0,true,false,-3,True,-5,0
H1W02596,0042500153,SAS-POR,1,423,2,0,true,false,0,True,-2,0
H1W02597,0042500153,SAS-POR,1,404,4,-3,true,false,-2,True,-4,1
H1W02598,0042500153,SAS-POR,1,386,4,1,true,false,-2,True,-4,1
H1W02599,0042500153,SAS-POR,1,353,4,-1,true,false,-4,True,-2,1
H1W02600,0042500153,SAS-POR,1,343,2,-1,true,false,-2,True,0,1
H1W02601,0042500153,SAS-POR,1,326,2,-3,true,false,-2,True,0,1
H1W02602,0042500153,SAS-POR,1,313,2,0,true,false,-2,True,-3,0
H1W02603,0042500153,SAS-POR,1,306,2,-2,true,false,-2,True,-1,1
H1W02604,0042500153,SAS-POR,1,301,0,-2,true,false,2,True,1,1
H1W02605,0042500153,SAS-POR,1,283,0,-4,true,false,2,True,1,1
H1W02606,0042500153,SAS-POR,1,247,3,-2,true,false,-1,True,-1,0
H1W02607,0042500153,SAS-POR,1,233,3,2,true,false,-1,True,-2,0
H1W02608,0042500153,SAS-POR,1,220,3,2,true,false,-3,True,0,0
H1W02609,0042500153,SAS-POR,1,214,0,2,true,false,2,True,3,0
H1W02610,0042500153,SAS-POR,1,201,2,-1,true,false,-3,True,3,0
H1W02611,0042500153,SAS-POR,1,185,2,1,true,false,0,True,0,0
H1W02612,0042500153,SAS-POR,1,163,2,-1,true,false,-1,True,0,0
H1W02613,0042500153,SAS-POR,1,152,0,-1,true,false,3,False,,0
H1W02614,0042500153,SAS-POR,1,132,2,-3,true,false,1,False,,0
H1W02615,0042500153,SAS-POR,1,118,-1,2,true,false,6,False,,0
H1W02616,0042500153,SAS-POR,2,611,-2,-7,false,true,-2,True,-2,-1
H1W02617,0042500153,SAS-POR,2,601,-2,-2,false,true,1,True,-2,-1
H1W02618,0042500153,SAS-POR,2,589,-2,-2,false,true,-2,True,1,0
H1W02619,0042500153,SAS-POR,2,586,-4,0,false,true,0,True,3,0
H1W02620,0042500153,SAS-POR,2,565,-4,-2,false,true,-2,True,6,0
H1W02621,0042500153,SAS-POR,2,552,-4,1,false,true,0,True,4,0
H1W02622,0042500153,SAS-POR,2,535,-1,-2,false,true,-3,True,3,1
H1W02623,0042500153,SAS-POR,2,520,-4,1,false,true,3,True,6,1
H1W02624,0042500153,SAS-POR,2,513,-4,-2,false,true,3,True,8,1
H1W02625,0042500153,SAS-POR,2,494,-6,0,false,true,8,True,10,1
H1W02626,0042500153,SAS-POR,2,476,-4,-2,false,true,4,True,8,1
H1W02627,0042500153,SAS-POR,2,456,-4,0,false,true,6,True,8,0
H1W02628,0042500153,SAS-POR,2,452,-1,-3,true,false,3,True,8,1
H1W02629,0042500153,SAS-POR,2,428,-1,3,true,false,5,True,8,1
H1W02630,0042500153,SAS-POR,2,420,2,3,true,false,2,True,5,1
H1W02631,0042500153,SAS-POR,2,396,0,8,true,false,4,True,5,1
H1W02632,0042500153,SAS-POR,2,379,2,4,true,false,2,True,4,1
H1W02633,0042500153,SAS-POR,2,370,2,6,true,false,5,True,4,0
H1W02634,0042500153,SAS-POR,2,368,4,3,true,false,3,True,4,0
H1W02635,0042500153,SAS-POR,2,352,4,5,true,false,3,True,1,0
H1W02636,0042500153,SAS-POR,2,342,4,2,true,false,1,True,4,0
H1W02637,0042500153,SAS-POR,2,329,4,4,true,false,2,True,4,0
H1W02638,0042500153,SAS-POR,2,319,7,2,true,false,-1,True,3,0
H1W02639,0042500153,SAS-POR,2,305,7,5,true,false,1,True,0,0
H1W02640,0042500153,SAS-POR,2,299,7,3,true,false,-2,True,2,0
H1W02641,0042500153,SAS-POR,2,272,5,3,true,false,3,True,2,0
H1W02642,0042500153,SAS-POR,2,253,6,1,true,false,2,True,1,0
H1W02643,0042500153,SAS-POR,2,227,6,2,true,false,4,True,-2,0
H1W02644,0042500153,SAS-POR,2,224,8,-1,true,false,-1,True,-3,0
H1W02645,0042500153,SAS-POR,2,195,5,1,true,false,4,True,-3,0
H1W02646,0042500153,SAS-POR,2,179,8,-2,true,false,-1,True,-3,0
H1W02647,0042500153,SAS-POR,2,134,8,3,true,false,-1,True,-3,0
H1W02648,0042500153,SAS-POR,2,128,10,2,false,false,-6,False,,0
H1W02649,0042500153,SAS-POR,2,111,7,4,false,false,-2,False,,0
H1W02650,0042500153,SAS-POR,2,89,9,-1,false,false,-7,False,,0
H1W02651,0042500153,SAS-POR,2,74,7,4,false,false,-2,False,,0
H1W02652,0042500153,SAS-POR,2,57,7,-1,false,false,-2,False,,0
H1W02653,0042500153,SAS-POR,3,632,10,5,true,false,-2,True,1,0
H1W02654,0042500153,SAS-POR,3,626,10,5,true,false,-2,True,1,0
H1W02655,0042500153,SAS-POR,3,606,10,3,true,false,-2,True,2,1
H1W02656,0042500153,SAS-POR,3,591,7,3,true,false,2,True,5,1
H1W02657,0042500153,SAS-POR,3,566,10,-3,true,false,-1,True,2,1
H1W02658,0042500153,SAS-POR,3,552,8,0,false,true,3,True,2,1
H1W02659,0042500153,SAS-POR,3,534,8,-2,false,true,3,True,2,1
H1W02660,0042500153,SAS-POR,3,534,8,-2,false,true,4,True,1,0
H1W02661,0042500153,SAS-POR,3,513,9,-2,false,true,3,True,0,0
H1W02662,0042500153,SAS-POR,3,492,9,2,false,true,3,True,0,-1
H1W02663,0042500153,SAS-POR,3,483,11,-1,false,true,-1,True,1,-1
H1W02664,0042500153,SAS-POR,3,466,11,3,false,true,-1,True,1,-1
H1W02665,0042500153,SAS-POR,3,405,9,-1,false,true,3,True,2,0
H1W02666,0042500153,SAS-POR,3,373,9,-3,false,true,3,True,2,1
H1W02667,0042500153,SAS-POR,3,352,9,-3,false,true,5,True,0,1
H1W02668,0042500153,SAS-POR,3,350,12,-3,false,true,-1,True,-3,1
H1W02669,0042500153,SAS-POR,3,328,12,2,false,true,1,True,-6,1
H1W02670,0042500153,SAS-POR,3,318,12,2,false,true,-1,True,-6,1
H1W02671,0042500153,SAS-POR,3,190,6,-2,false,true,0,True,-7,0
H1W02672,0042500153,SAS-POR,3,165,6,-7,false,true,-3,True,-5,0
H1W02673,0042500153,SAS-POR,3,163,5,-5,false,true,-2,True,-6,0
H1W02674,0042500153,SAS-POR,3,138,5,-6,false,true,-4,True,-6,0
H1W02675,0042500153,SAS-POR,3,124,5,-4,false,true,-4,False,,0
H1W02676,0042500153,SAS-POR,3,116,6,-4,false,true,-7,False,,0
H1W02677,0042500153,SAS-POR,3,90,3,0,false,true,-2,False,,0
H1W02678,0042500153,SAS-POR,3,70,3,-3,false,true,-4,False,,0
H1W02679,0042500153,SAS-POR,3,61,1,-2,false,true,-2,False,,0
H1W02680,0042500153,SAS-POR,4,621,-2,1,true,false,1,True,-4,0
H1W02681,0042500153,SAS-POR,4,469,-6,-3,false,true,-2,True,-6,1
H1W02682,0042500153,SAS-POR,4,453,-6,-8,false,true,-4,True,-5,1
H1W02683,0042500153,SAS-POR,4,444,-6,-5,false,true,-3,True,-7,0
H1W02684,0042500153,SAS-POR,4,431,-6,-5,false,true,-6,True,-7,0
H1W02685,0042500153,SAS-POR,4,348,-12,-3,false,true,-1,True,1,-2
H1W02686,0042500153,SAS-POR,4,328,-12,-6,false,true,-3,True,3,-1
H1W02687,0042500153,SAS-POR,4,305,-12,-4,false,true,-1,True,1,-1
H1W02688,0042500153,SAS-POR,4,102,-13,-2,false,true,1,False,,0
H1W02689,0042500153,SAS-POR,4,101,-15,-2,false,true,3,False,,0
H1W02690,0042500153,SAS-POR,4,97,-13,-6,false,true,1,False,,1
H1W02691,0042500154,SAS-POR,1,631,4,1,false,false,-2,True,-3,1
H1W02692,0042500154,SAS-POR,1,623,4,4,false,false,-2,True,-3,-1
H1W02693,0042500154,SAS-POR,1,595,4,2,false,false,-2,True,-3,-1
H1W02694,0042500154,SAS-POR,1,574,4,2,false,false,-2,True,-6,-2
H1W02695,0042500154,SAS-POR,1,544,2,-2,false,true,-1,True,-7,0
H1W02696,0042500154,SAS-POR,1,537,2,-2,false,true,-1,True,-7,0
H1W02697,0042500154,SAS-POR,1,520,2,-2,false,true,-4,True,-5,1
H1W02698,0042500154,SAS-POR,1,512,1,-2,false,true,-3,True,-6,1
H1W02699,0042500154,SAS-POR,1,489,1,-3,false,true,-6,True,-6,1
H1W02700,0042500154,SAS-POR,1,479,1,-1,false,true,-6,True,-6,0
H1W02701,0042500154,SAS-POR,1,469,1,-1,false,true,-6,True,-4,0
H1W02702,0042500154,SAS-POR,1,449,-2,-1,false,true,-1,True,-3,0
H1W02703,0042500154,SAS-POR,1,434,-2,-4,false,true,-3,True,-3,0
H1W02704,0042500154,SAS-POR,1,426,-5,-3,false,true,0,True,0,0
H1W02705,0042500154,SAS-POR,1,410,-5,-6,false,true,0,True,0,1
H1W02706,0042500154,SAS-POR,1,390,-5,-6,false,true,2,True,0,1
H1W02707,0042500154,SAS-POR,1,388,-3,-6,false,true,-2,True,-1,1
H1W02708,0042500154,SAS-POR,1,370,-5,-1,false,true,0,True,1,1
H1W02709,0042500154,SAS-POR,1,352,-5,-3,false,true,0,True,1,1
H1W02710,0042500154,SAS-POR,1,349,-5,0,false,true,0,True,1,0
H1W02711,0042500154,SAS-POR,1,342,-3,0,false,true,-2,True,1,0
H1W02712,0042500154,SAS-POR,1,330,-5,2,false,true,1,True,3,0
H1W02713,0042500154,SAS-POR,1,319,-5,-2,false,true,1,True,5,0
H1W02714,0042500154,SAS-POR,1,302,-5,0,false,true,1,True,2,0
H1W02715,0042500154,SAS-POR,1,285,-5,0,false,true,1,True,2,0
H1W02716,0042500154,SAS-POR,1,269,-5,0,false,true,3,True,0,0
H1W02717,0042500154,SAS-POR,1,253,-4,-2,false,true,2,True,1,0
H1W02718,0042500154,SAS-POR,1,238,-4,1,false,true,4,True,1,0
H1W02719,0042500154,SAS-POR,1,229,-4,1,false,true,1,True,3,0
H1W02720,0042500154,SAS-POR,1,224,-4,1,false,true,1,True,3,-1
H1W02721,0042500154,SAS-POR,1,82,1,2,true,false,1,False,,0
H1W02722,0042500154,SAS-POR,1,67,1,6,true,false,1,False,,0
H1W02723,0042500154,SAS-POR,2,640,4,2,true,false,3,True,3,0
H1W02724,0042500154,SAS-POR,2,611,4,2,true,false,0,True,5,0
H1W02725,0042500154,SAS-POR,2,598,2,2,true,false,2,True,7,0
H1W02726,0042500154,SAS-POR,2,570,5,0,true,false,-1,True,7,0
H1W02727,0042500154,SAS-POR,2,534,5,3,true,false,2,True,7,0
H1W02728,0042500154,SAS-POR,2,515,7,1,true,false,0,True,8,0
H1W02729,0042500154,SAS-POR,2,502,4,3,true,false,5,True,11,0
H1W02730,0042500154,SAS-POR,2,488,4,0,true,false,5,True,13,0
H1W02731,0042500154,SAS-POR,2,466,4,2,true,false,8,True,11,0
H1W02732,0042500154,SAS-POR,2,461,7,-1,true,false,5,True,10,0
H1W02733,0042500154,SAS-POR,2,439,7,2,false,false,8,True,8,0
H1W02734,0042500154,SAS-POR,2,383,12,8,true,false,5,True,0,0
H1W02735,0042500154,SAS-POR,2,377,15,5,true,false,0,True,0,0
H1W02736,0042500154,SAS-POR,2,349,15,8,true,false,0,True,0,-1
H1W02737,0042500154,SAS-POR,2,330,17,6,true,false,-5,True,0,-1
H1W02738,0042500154,SAS-POR,2,308,15,8,true,false,-3,True,0,-2
H1W02739,0042500154,SAS-POR,2,291,17,3,true,false,-5,True,-2,-1
H1W02740,0042500154,SAS-POR,2,271,15,5,true,false,0,True,0,-1
H1W02741,0042500154,SAS-POR,2,265,15,0,true,false,0,True,1,0
H1W02742,0042500154,SAS-POR,2,98,16,1,true,false,3,False,,0
H1W02743,0042500154,SAS-POR,2,89,18,-1,true,false,-1,False,,0
H1W02744,0042500154,SAS-POR,3,619,15,-2,false,false,-6,True,-11,-1
H1W02745,0042500154,SAS-POR,3,586,12,-3,false,true,-8,True,-4,0
H1W02746,0042500154,SAS-POR,3,566,9,-3,false,true,-5,True,-1,0
H1W02747,0042500154,SAS-POR,3,542,9,-6,false,true,-5,True,-1,1
H1W02748,0042500154,SAS-POR,3,535,6,-6,false,true,0,True,-1,1
H1W02749,0042500154,SAS-POR,3,501,6,-9,false,true,0,True,-1,1
H1W02750,0042500154,SAS-POR,3,486,4,-6,false,true,4,True,-1,1
H1W02751,0042500154,SAS-POR,3,468,4,-8,false,true,4,True,-1,1
H1W02752,0042500154,SAS-POR,3,455,4,-5,false,true,4,True,-1,-1
H1W02753,0042500154,SAS-POR,3,452,6,-5,false,true,-1,True,-3,-1
H1W02754,0042500154,SAS-POR,3,443,6,0,true,false,-1,True,-4,-2
H1W02755,0042500154,SAS-POR,3,430,8,0,true,false,-5,True,-6,-2
H1W02756,0042500154,SAS-POR,3,416,8,4,true,false,-5,True,-8,-2
H1W02757,0042500154,SAS-POR,3,410,8,4,true,false,-5,True,-8,-1
H1W02758,0042500154,SAS-POR,3,396,5,4,true,false,-2,True,-7,-1
H1W02759,0042500154,SAS-POR,3,384,5,-1,false,true,-3,True,-4,0
H1W02760,0042500154,SAS-POR,3,370,3,-1,false,true,-1,True,-2,0
H1W02761,0042500154,SAS-POR,3,356,3,-5,false,true,-3,True,0,0
H1W02762,0042500154,SAS-POR,3,347,3,-5,false,true,-3,True,0,0
H1W02763,0042500154,SAS-POR,3,326,3,-5,false,true,-5,True,0,0
H1W02764,0042500154,SAS-POR,3,317,2,-2,false,true,-1,True,-1,0
H1W02765,0042500154,SAS-POR,3,294,2,-3,false,true,-1,True,1,0
H1W02766,0042500154,SAS-POR,3,278,0,-1,false,true,3,True,1,0
H1W02767,0042500154,SAS-POR,3,259,0,-3,false,true,3,True,1,0
H1W02768,0042500154,SAS-POR,3,245,-2,-3,false,true,5,True,1,0
H1W02769,0042500154,SAS-POR,3,231,1,-5,false,true,0,True,0,0
H1W02770,0042500154,SAS-POR,3,200,1,-1,false,true,2,True,-2,0
H1W02771,0042500154,SAS-POR,3,72,1,-2,false,true,-1,False,,0
H1W02772,0042500154,SAS-POR,4,604,-2,-4,false,true,-3,True,-8,-1
H1W02773,0042500154,SAS-POR,4,582,-2,-2,false,true,-3,True,-11,-2
H1W02774,0042500154,SAS-POR,4,568,-2,-2,false,true,-5,True,-9,-1
H1W02775,0042500154,SAS-POR,4,561,-4,0,false,true,-3,True,-7,-1
H1W02776,0042500154,SAS-POR,4,537,-3,-2,false,true,-7,True,-6,-1
H1W02777,0042500154,SAS-POR,4,519,-5,1,false,true,-5,True,-6,-2
H1W02778,0042500154,SAS-POR,4,510,-5,-3,false,true,-8,True,-6,-1
H1W02779,0042500154,SAS-POR,4,496,-7,-3,false,true,-4,True,-6,-1
H1W02780,0042500154,SAS-POR,4,478,-7,-5,false,true,-4,True,-6,0
H1W02781,0042500154,SAS-POR,4,467,-10,-3,false,true,1,True,-5,0
H1W02782,0042500154,SAS-POR,4,336,-13,-2,false,true,-7,True,-3,-1
H1W02783,0042500154,SAS-POR,4,325,-15,-2,false,true,-3,True,-1,-1
H1W02784,0042500154,SAS-POR,4,305,-15,-6,false,true,-3,True,1,0
H1W02785,0042500154,SAS-POR,4,288,-18,-4,false,true,3,True,4,0
H1W02786,0042500154,SAS-POR,4,192,-16,4,true,false,4,True,-3,0
H1W02787,0042500154,SAS-POR,4,184,-14,2,true,false,-1,True,-4,0
H1W02788,0042500154,SAS-POR,4,162,-14,4,true,false,-1,True,-7,0
H1W02789,0042500154,SAS-POR,4,158,-14,1,true,false,-3,True,-5,1
H1W02790,0042500155,SAS-POR,1,623,5,0,true,false,3,True,6,0
H1W02791,0042500155,SAS-POR,1,592,5,3,true,false,6,True,4,0
H1W02792,0042500155,SAS-POR,1,577,8,3,true,false,3,True,3,0
H1W02793,0042500155,SAS-POR,1,552,8,8,true,false,5,True,1,0
H1W02794,0042500155,SAS-POR,1,546,10,6,true,false,1,True,-1,0
H1W02795,0042500155,SAS-POR,1,530,8,8,true,false,3,True,-2,0
H1W02796,0042500155,SAS-POR,1,510,11,3,true,false,-2,True,-3,0
H1W02797,0042500155,SAS-POR,1,493,11,6,true,false,0,True,-3,0
H1W02798,0042500155,SAS-POR,1,486,13,3,true,false,-4,True,-3,0
H1W02799,0042500155,SAS-POR,1,464,11,5,true,false,-2,True,-3,0
H1W02800,0042500155,SAS-POR,1,444,11,1,true,false,-5,True,0,0
H1W02801,0042500155,SAS-POR,1,440,9,3,false,true,-1,True,0,0
H1W02802,0042500155,SAS-POR,1,430,11,-2,false,true,-3,True,0,0
H1W02803,0042500155,SAS-POR,1,247,11,3,true,false,2,True,2,0
H1W02804,0042500155,SAS-POR,1,231,13,1,true,false,0,True,0,0
H1W02805,0042500155,SAS-POR,1,205,11,5,true,false,2,True,2,0
H1W02806,0042500155,SAS-POR,1,183,13,0,true,false,0,True,0,0
H1W02807,0042500155,SAS-POR,1,174,11,4,true,false,2,True,2,-1
H1W02808,0042500155,SAS-POR,1,157,13,0,true,false,0,True,2,-1
H1W02809,0042500155,SAS-POR,1,143,13,2,true,false,0,True,-1,-1
H1W02810,0042500155,SAS-POR,1,133,13,0,true,false,0,False,,-1
H1W02811,0042500155,SAS-POR,1,109,13,2,true,false,0,False,,-2
H1W02812,0042500155,SAS-POR,1,105,13,0,true,false,0,False,,0
H1W02813,0042500155,SAS-POR,1,97,13,2,true,false,2,False,,0
H1W02814,0042500155,SAS-POR,1,81,13,0,true,false,-1,False,,0
H1W02815,0042500155,SAS-POR,2,635,15,1,true,false,2,True,5,0
H1W02816,0042500155,SAS-POR,2,621,15,5,true,false,4,True,5,0
H1W02817,0042500155,SAS-POR,2,596,17,5,true,false,2,True,6,0
H1W02818,0042500155,SAS-POR,2,568,17,7,true,false,3,True,6,0
H1W02819,0042500155,SAS-POR,2,565,19,4,true,false,1,True,7,0
H1W02820,0042500155,SAS-POR,2,553,17,6,true,false,3,True,6,-1
H1W02821,0042500155,SAS-POR,2,534,19,2,true,false,1,True,4,0
H1W02822,0042500155,SAS-POR,2,513,19,4,true,false,4,True,2,0
H1W02823,0042500155,SAS-POR,2,505,20,2,true,false,3,True,1,0
H1W02824,0042500155,SAS-POR,2,478,20,3,true,false,6,True,1,0
H1W02825,0042500155,SAS-POR,2,456,20,1,true,false,3,True,1,1
H1W02826,0042500155,SAS-POR,2,328,21,-2,false,true,-4,True,3,-2
H1W02827,0042500155,SAS-POR,2,319,21,-2,false,true,-1,True,3,-2
H1W02828,0042500155,SAS-POR,2,307,21,-5,false,true,-1,True,6,-1
H1W02829,0042500155,SAS-POR,2,273,19,-2,false,true,3,True,8,-1
H1W02830,0042500155,SAS-POR,2,154,24,7,true,false,3,True,-4,0
H1W02831,0042500155,SAS-POR,3,609,21,1,false,true,3,True,3,0
H1W02832,0042500155,SAS-POR,3,594,21,3,false,true,3,True,0,0
H1W02833,0042500155,SAS-POR,3,579,24,3,false,true,0,True,-3,1
H1W02834,0042500155,SAS-POR,3,553,24,6,false,true,2,True,-3,1
H1W02835,0042500155,SAS-POR,3,546,24,3,false,true,0,True,-3,1
H1W02836,0042500155,SAS-POR,3,531,24,3,false,true,0,True,-6,1
H1W02837,0042500155,SAS-POR,3,524,24,3,false,true,-3,True,-3,1
H1W02838,0042500155,SAS-POR,3,513,24,3,false,true,-3,True,-3,0
H1W02839,0042500155,SAS-POR,3,497,26,0,false,true,-5,True,-5,0
H1W02840,0042500155,SAS-POR,3,470,21,0,false,true,0,True,-1,0
H1W02841,0042500155,SAS-POR,3,447,21,-3,false,true,0,True,-1,0
H1W02842,0042500155,SAS-POR,3,436,21,-3,false,true,0,True,-1,0
H1W02843,0042500155,SAS-POR,3,427,21,-5,false,true,-2,True,-1,0
H1W02844,0042500155,SAS-POR,3,417,18,-3,false,true,2,True,0,0
H1W02845,0042500155,SAS-POR,3,390,21,-6,false,true,-1,True,-1,1
H1W02846,0042500155,SAS-POR,3,368,21,0,false,true,-1,True,-1,1
H1W02847,0042500155,SAS-POR,3,350,21,0,false,true,-1,True,1,1
H1W02848,0042500155,SAS-POR,3,309,19,0,false,true,1,True,1,1
H1W02849,0042500155,SAS-POR,3,286,20,-2,false,true,-2,True,3,1
H1W02850,0042500155,SAS-POR,3,268,20,2,false,true,0,True,1,0
H1W02851,0042500155,SAS-POR,3,246,20,-1,false,true,0,True,1,0
H1W02852,0042500155,SAS-POR,3,222,20,-1,false,true,2,True,1,0
H1W02853,0042500155,SAS-POR,3,215,20,-1,false,true,0,True,3,0
H1W02854,0042500155,SAS-POR,3,204,18,1,false,false,5,True,5,0
H1W02855,0042500155,SAS-POR,3,200,20,-2,false,false,1,True,3,0
H1W02856,0042500155,SAS-POR,3,137,23,0,true,false,0,True,-2,0
H1W02857,0042500155,SAS-POR,3,122,21,5,true,false,2,False,,-1
H1W02858,0042500155,SAS-POR,3,96,21,1,true,false,0,False,,-1
H1W02859,0042500155,SAS-POR,3,87,21,1,true,false,0,False,,-2
H1W02860,0042500155,SAS-POR,3,87,23,-1,true,false,-2,False,,-2
H1W02861,0042500155,SAS-POR,3,58,23,3,true,false,-2,False,,-2
H1W02862,0042500155,SAS-POR,4,631,17,-1,false,true,0,True,-9,0
H1W02863,0042500155,SAS-POR,4,608,19,-4,false,true,-5,True,-9,0
H1W02864,0042500155,SAS-POR,4,599,16,1,false,true,-3,True,-7,0
H1W02865,0042500155,SAS-POR,4,591,16,-1,false,true,-6,True,-5,1
H1W02866,0042500155,SAS-POR,4,585,16,-1,false,true,-6,True,-5,0
H1W02867,0042500155,SAS-POR,4,579,16,-3,false,true,-9,True,-5,0
H1W02868,0042500155,SAS-POR,4,522,10,-3,false,true,1,True,-3,0
H1W02869,0042500155,SAS-POR,4,493,10,-6,false,true,1,True,0,0
H1W02870,0042500155,SAS-POR,4,482,7,-6,false,true,4,True,3,0
H1W02871,0042500155,SAS-POR,4,456,9,-9,false,true,-1,True,3,0
H1W02872,0042500155,SAS-POR,4,438,9,-4,false,true,1,True,0,0
H1W02873,0042500155,SAS-POR,4,432,11,-4,false,true,-4,True,0,0
H1W02874,0042500155,SAS-POR,4,416,11,1,false,true,-1,True,0,0
H1W02875,0042500155,SAS-POR,4,394,11,1,false,true,-1,True,2,0
H1W02876,0042500155,SAS-POR,4,377,8,4,false,true,4,True,4,0
H1W02877,0042500155,SAS-POR,4,358,10,-1,false,true,-1,True,4,0
H1W02878,0042500155,SAS-POR,4,346,7,1,false,false,4,True,7,0
H1W02879,0042500155,SAS-POR,4,294,12,-1,true,false,0,True,4,0
H1W02880,0042500155,SAS-POR,4,276,9,4,true,false,5,True,7,0
H1W02881,0042500155,SAS-POR,4,251,11,-1,true,false,3,True,6,1
H1W02882,0042500155,SAS-POR,4,237,11,4,true,false,3,True,4,1
H1W02883,0042500155,SAS-POR,4,214,13,1,true,false,1,True,5,1
H1W02884,0042500155,SAS-POR,4,199,12,3,true,false,4,True,5,1
H1W02885,0042500155,SAS-POR,4,179,14,0,true,false,2,True,3,1
H1W02886,0042500155,SAS-POR,4,174,14,5,true,false,3,True,3,0
H1W02887,0042500155,SAS-POR,4,150,14,3,true,false,1,True,3,0
H1W02888,0042500155,SAS-POR,4,139,14,3,true,false,4,True,3,0
H1W02889,0042500155,SAS-POR,4,123,16,1,true,false,1,True,1,0
H1W02890,0042500155,SAS-POR,4,115,16,4,true,false,1,False,,0
H1W02891,0042500155,SAS-POR,4,101,17,2,true,false,0,False,,0
H1W02892,0042500155,SAS-POR,4,93,15,3,true,false,2,False,,0
H1W02893,0042500155,SAS-POR,4,75,18,1,true,false,-1,False,,0
H1W02894,0042500155,SAS-POR,4,71,17,4,true,false,0,False,,-1
H1W02895,0042500172,LAL-HOU,1,587,1,3,true,false,-4,True,0,0
H1W02896,0042500172,LAL-HOU,1,561,-1,4,true,false,1,True,-1,0
H1W02897,0042500172,LAL-HOU,1,550,-1,0,true,false,1,True,-1,1
H1W02898,0042500172,LAL-HOU,1,536,-1,2,true,false,4,True,-1,0
H1W02899,0042500172,LAL-HOU,1,527,-1,-1,true,false,2,True,-1,0
H1W02900,0042500172,LAL-HOU,1,522,-3,-1,true,false,4,True,-1,0
H1W02901,0042500172,LAL-HOU,1,503,0,-4,true,false,-2,True,-1,0
H1W02902,0042500172,LAL-HOU,1,477,0,1,true,false,-2,True,-3,0
H1W02903,0042500172,LAL-HOU,1,469,3,1,true,false,-5,True,-4,0
H1W02904,0042500172,LAL-HOU,1,444,1,4,true,false,-3,True,-4,-1
H1W02905,0042500172,LAL-HOU,1,420,1,2,true,false,-5,True,-2,-1
H1W02906,0042500172,LAL-HOU,1,416,-2,4,false,true,1,True,1,-1
H1W02907,0042500172,LAL-HOU,1,398,-2,-2,false,true,-1,True,1,-1
H1W02908,0042500172,LAL-HOU,1,387,-2,-2,false,true,1,True,-1,-1
H1W02909,0042500172,LAL-HOU,1,370,-2,-5,false,true,-1,True,1,0
H1W02910,0042500172,LAL-HOU,1,354,-4,-3,false,true,3,True,1,0
H1W02911,0042500172,LAL-HOU,1,332,-1,-5,false,true,0,True,1,0
H1W02912,0042500172,LAL-HOU,1,310,-3,1,false,true,2,True,1,-1
H1W02913,0042500172,LAL-HOU,1,286,-1,-1,false,true,-2,True,-1,-1
H1W02914,0042500172,LAL-HOU,1,276,-3,1,false,true,2,True,1,-1
H1W02915,0042500172,LAL-HOU,1,254,-1,-1,false,true,-2,True,2,-1
H1W02916,0042500172,LAL-HOU,1,234,-1,3,false,false,1,True,2,-1
H1W02917,0042500172,LAL-HOU,1,188,-3,2,false,true,4,True,7,-1
H1W02918,0042500172,LAL-HOU,1,177,0,-2,false,true,1,True,7,0
H1W02919,0042500172,LAL-HOU,1,141,-2,1,false,true,4,True,9,0
H1W02920,0042500172,LAL-HOU,1,115,-2,-1,false,true,4,False,,1
H1W02921,0042500172,LAL-HOU,1,96,-2,1,false,true,6,False,,1
H1W02922,0042500172,LAL-HOU,1,93,1,-1,false,true,3,False,,1
H1W02923,0042500172,LAL-HOU,1,65,1,4,true,false,6,False,,0
H1W02924,0042500172,LAL-HOU,1,58,2,1,true,false,5,False,,0
H1W02925,0042500172,LAL-HOU,2,606,10,3,true,false,-2,True,1,0
H1W02926,0042500172,LAL-HOU,2,599,10,3,true,false,-2,True,1,0
H1W02927,0042500172,LAL-HOU,2,578,10,0,false,true,-2,True,1,0
H1W02928,0042500172,LAL-HOU,2,576,10,0,false,true,-2,True,1,0
H1W02929,0042500172,LAL-HOU,2,554,10,-3,false,true,-2,True,3,0
H1W02930,0042500172,LAL-HOU,2,541,8,0,false,true,3,True,5,0
H1W02931,0042500172,LAL-HOU,2,513,8,-2,false,true,3,True,7,0
H1W02932,0042500172,LAL-HOU,2,483,8,-2,false,true,3,True,4,0
H1W02933,0042500172,LAL-HOU,2,472,8,-2,false,true,3,True,7,0
H1W02934,0042500172,LAL-HOU,2,454,8,-2,false,true,5,True,5,0
H1W02935,0042500172,LAL-HOU,2,435,11,-2,false,true,2,True,2,0
H1W02936,0042500172,LAL-HOU,2,418,11,3,true,false,4,True,0,0
H1W02937,0042500172,LAL-HOU,2,401,11,3,true,false,1,True,0,0
H1W02938,0042500172,LAL-HOU,2,378,11,3,true,false,4,True,-2,0
H1W02939,0042500172,LAL-HOU,2,373,13,3,true,false,0,True,-4,0
H1W02940,0042500172,LAL-HOU,2,341,13,5,true,false,0,True,-4,-1
H1W02941,0042500172,LAL-HOU,2,334,15,2,true,false,-4,True,-6,-1
H1W02942,0042500172,LAL-HOU,2,326,12,4,true,false,-1,True,-6,-1
H1W02943,0042500172,LAL-HOU,2,304,15,1,true,false,-6,True,-9,-1
H1W02944,0042500172,LAL-HOU,2,292,13,4,true,false,-4,True,-10,-2
H1W02945,0042500172,LAL-HOU,2,273,13,0,false,true,-4,True,-10,-1
H1W02946,0042500172,LAL-HOU,2,267,11,0,false,true,-2,True,-10,-2
H1W02947,0042500172,LAL-HOU,2,247,11,-4,false,true,-5,True,-7,-2
H1W02948,0042500172,LAL-HOU,2,240,9,-1,false,true,-3,True,-5,-2
H1W02949,0042500172,LAL-HOU,2,222,9,-6,false,true,-6,True,-3,-1
H1W02950,0042500172,LAL-HOU,2,210,9,-4,false,true,-6,True,-5,-1
H1W02951,0042500172,LAL-HOU,2,207,9,-4,false,true,-8,True,-5,0
H1W02952,0042500172,LAL-HOU,2,193,6,-2,false,true,-2,True,-3,0
H1W02953,0042500172,LAL-HOU,2,180,6,-5,false,true,-2,True,-3,0
H1W02954,0042500172,LAL-HOU,2,171,3,-3,false,true,3,True,0,0
H1W02955,0042500172,LAL-HOU,2,142,3,-6,false,true,1,True,0,0
H1W02956,0042500172,LAL-HOU,2,139,1,-6,false,true,3,False,,0
H1W02957,0042500172,LAL-HOU,2,113,4,-8,false,true,-1,False,,0
H1W02958,0042500172,LAL-HOU,2,89,4,-2,false,true,-1,False,,0
H1W02959,0042500172,LAL-HOU,2,75,6,-2,false,true,-3,False,,1
H1W02960,0042500172,LAL-HOU,3,600,-1,-4,false,true,5,True,6,0
H1W02961,0042500172,LAL-HOU,3,593,-1,-2,false,true,6,True,6,0
H1W02962,0042500172,LAL-HOU,3,590,2,-2,false,true,1,True,6,0
H1W02963,0042500172,LAL-HOU,3,557,2,1,false,true,3,True,5,0
H1W02964,0042500172,LAL-HOU,3,545,4,1,true,false,-1,True,3,0
H1W02965,0042500172,LAL-HOU,3,520,4,5,true,false,1,True,3,0
H1W02966,0042500172,LAL-HOU,3,507,5,5,true,false,0,True,2,0
H1W02967,0042500172,LAL-HOU,3,497,3,6,true,false,5,True,2,0
H1W02968,0042500172,LAL-HOU,3,477,5,1,true,false,2,True,0,0
H1W02969,0042500172,LAL-HOU,3,467,3,3,true,false,4,True,2,-1
H1W02970,0042500172,LAL-HOU,3,446,5,-1,true,false,2,True,2,0
H1W02971,0042500172,LAL-HOU,3,423,5,1,true,false,2,True,2,0
H1W02972,0042500172,LAL-HOU,3,407,8,0,true,false,-3,True,1,0
H1W02973,0042500172,LAL-HOU,3,390,7,5,true,false,-2,True,0,0
H1W02974,0042500172,LAL-HOU,3,384,7,2,true,false,-2,True,0,1
H1W02975,0042500172,LAL-HOU,3,369,7,4,true,false,0,True,0,0
H1W02976,0042500172,LAL-HOU,3,323,7,2,true,false,0,True,0,1
H1W02977,0042500172,LAL-HOU,3,318,5,2,true,false,4,True,2,1
H1W02978,0042500172,LAL-HOU,3,294,5,-3,false,false,2,True,2,1
H1W02979,0042500172,LAL-HOU,3,237,7,0,true,false,0,True,-2,-1
H1W02980,0042500172,LAL-HOU,3,233,9,0,true,false,-2,True,-2,0
H1W02981,0042500172,LAL-HOU,3,212,7,4,true,false,0,True,0,-1
H1W02982,0042500172,LAL-HOU,3,197,7,2,true,false,-2,True,0,0
H1W02983,0042500172,LAL-HOU,3,178,7,2,true,false,0,True,0,0
H1W02984,0042500172,LAL-HOU,3,165,7,0,true,false,-2,True,0,0
H1W02985,0042500172,LAL-HOU,3,160,7,0,true,false,0,True,0,-1
H1W02986,0042500172,LAL-HOU,3,154,7,-2,false,true,0,False,,0
H1W02987,0042500172,LAL-HOU,3,151,5,0,false,true,2,False,,0
H1W02988,0042500172,LAL-HOU,3,130,7,-2,false,true,0,False,,0
H1W02989,0042500172,LAL-HOU,3,115,5,0,false,true,2,False,,0
H1W02990,0042500172,LAL-HOU,3,96,7,-2,false,true,0,False,,0
H1W02991,0042500172,LAL-HOU,4,523,8,0,true,false,-4,True,-3,1
H1W02992,0042500172,LAL-HOU,4,506,8,3,true,false,-2,True,-3,0
H1W02993,0042500172,LAL-HOU,4,498,8,1,true,false,-2,True,-3,1
H1W02994,0042500172,LAL-HOU,4,473,6,3,true,false,0,True,-1,1
H1W02995,0042500172,LAL-HOU,4,446,6,-1,true,false,-3,True,1,1
H1W02996,0042500172,LAL-HOU,4,439,4,-1,true,false,1,True,0,1
H1W02997,0042500172,LAL-HOU,4,429,6,-4,true,false,-1,True,-2,1
H1W02998,0042500172,LAL-HOU,4,408,6,-2,true,false,-1,True,-2,0
H1W02999,0042500172,LAL-HOU,4,401,6,-2,true,false,-1,True,0,1
H1W03000,0042500172,LAL-HOU,4,398,3,0,true,false,4,True,3,1
H1W03001,0042500172,LAL-HOU,4,316,5,-1,true,false,1,True,0,0
H1W03002,0042500172,LAL-HOU,4,305,7,-1,true,false,-1,True,0,0
H1W03003,0042500172,LAL-HOU,4,277,4,4,true,false,3,True,1,0
H1W03004,0042500172,LAL-HOU,4,269,4,-1,true,false,1,True,1,1
H1W03005,0042500172,LAL-HOU,4,238,4,-1,true,false,4,True,1,0
H1W03006,0042500172,LAL-HOU,4,221,6,-1,true,false,-1,True,1,0
H1W03007,0042500172,LAL-HOU,4,183,6,1,true,false,1,True,-1,0
H1W03008,0042500172,LAL-HOU,4,180,7,-1,true,false,-2,True,0,0
H1W03009,0042500172,LAL-HOU,4,171,5,3,true,false,0,True,2,0
H1W03010,0042500172,LAL-HOU,4,143,8,1,true,false,-3,False,,1
H1W03011,0042500172,LAL-HOU,4,121,5,4,true,false,2,False,,1
H1W03012,0042500172,LAL-HOU,4,116,7,-1,true,false,-2,False,,1
H1W03013,0042500172,LAL-HOU,4,101,5,1,true,false,2,False,,1
H1W03014,0042500172,LAL-HOU,4,77,5,-2,true,false,2,False,,1
H1W03015,0042500173,LAL-HOU,1,603,1,-1,false,false,-3,True,-5,1
H1W03016,0042500173,LAL-HOU,1,566,-1,4,false,false,-1,True,-3,1
H1W03017,0042500173,LAL-HOU,1,547,1,-1,false,false,-6,True,-4,1
H1W03018,0042500173,LAL-HOU,1,533,-2,4,false,false,0,True,-1,1
H1W03019,0042500173,LAL-HOU,1,516,-2,-2,false,false,-2,True,1,1
H1W03020,0042500173,LAL-HOU,1,514,-2,-1,false,false,-2,True,1,0
H1W03021,0042500173,LAL-HOU,1,492,-2,-3,false,false,-2,True,4,0
H1W03022,0042500173,LAL-HOU,1,481,-5,-1,false,false,2,True,5,0
H1W03023,0042500173,LAL-HOU,1,461,-2,-6,false,false,-1,True,2,1
H1W03024,0042500173,LAL-HOU,1,448,-4,0,false,false,3,True,2,1
H1W03025,0042500173,LAL-HOU,1,430,-4,-2,false,false,3,True,4,1
H1W03026,0042500173,LAL-HOU,1,416,-4,-2,false,false,6,True,2,1
H1W03027,0042500173,LAL-HOU,1,413,-3,-2,false,false,3,True,3,1
H1W03028,0042500173,LAL-HOU,1,395,-3,2,false,false,3,True,0,0
H1W03029,0042500173,LAL-HOU,1,354,2,3,true,false,-4,True,-8,0
H1W03030,0042500173,LAL-HOU,1,333,0,6,true,false,0,True,-6,0
H1W03031,0042500173,LAL-HOU,1,317,0,3,true,false,-3,True,-6,0
H1W03032,0042500173,LAL-HOU,1,300,-2,3,false,true,-1,True,-7,-1
H1W03033,0042500173,LAL-HOU,1,283,0,-1,false,true,-6,True,-9,-1
H1W03034,0042500173,LAL-HOU,1,263,-2,1,false,true,-4,True,-9,-1
H1W03035,0042500173,LAL-HOU,1,256,0,-4,false,true,-6,True,-7,0
H1W03036,0042500173,LAL-HOU,1,243,-3,0,false,true,-3,True,-4,0
H1W03037,0042500173,LAL-HOU,1,226,-3,-3,false,true,-6,True,-2,1
H1W03038,0042500173,LAL-HOU,1,220,-6,-1,false,true,-3,True,1,0
H1W03039,0042500173,LAL-HOU,1,207,-6,-6,false,true,-5,True,1,0
H1W03040,0042500173,LAL-HOU,1,192,-6,-4,false,true,-1,True,-1,-1
H1W03041,0042500173,LAL-HOU,1,182,-6,-6,false,true,-1,True,2,0
H1W03042,0042500173,LAL-HOU,1,96,-5,4,true,false,-1,False,,-1
H1W03043,0042500173,LAL-HOU,1,90,-5,4,true,false,-1,False,,-1
H1W03044,0042500173,LAL-HOU,1,84,-7,6,true,false,1,False,,-2
H1W03045,0042500173,LAL-HOU,1,73,-4,0,true,false,-3,False,,-2
H1W03046,0042500173,LAL-HOU,2,596,-5,2,false,true,-2,True,-7,0
H1W03047,0042500173,LAL-HOU,2,585,-5,-1,false,true,-5,True,-7,0
H1W03048,0042500173,LAL-HOU,2,574,-7,1,false,true,-3,True,-7,0
H1W03049,0042500173,LAL-HOU,2,546,-5,-1,false,true,-7,True,-8,0
H1W03050,0042500173,LAL-HOU,2,437,-10,-5,false,true,-4,True,-3,0
H1W03051,0042500173,LAL-HOU,2,431,-12,-3,false,true,-1,True,-1,0
H1W03052,0042500173,LAL-HOU,2,410,-9,-7,false,true,-6,True,-4,0
H1W03053,0042500173,LAL-HOU,2,392,-12,-2,false,true,-3,True,-1,0
H1W03054,0042500173,LAL-HOU,2,376,-12,-5,false,true,-3,True,1,1
H1W03055,0042500173,LAL-HOU,2,366,-14,-2,false,true,1,True,3,1
H1W03056,0042500173,LAL-HOU,2,348,-13,-4,false,true,0,True,2,1
H1W03057,0042500173,LAL-HOU,2,337,-15,-1,false,true,2,True,4,0
H1W03058,0042500173,LAL-HOU,2,321,-15,-6,false,true,2,True,4,0
H1W03059,0042500173,LAL-HOU,2,310,-15,-3,false,true,4,True,2,-1
H1W03060,0042500173,LAL-HOU,2,294,-13,-3,false,true,2,True,2,-1
H1W03061,0042500173,LAL-HOU,2,270,-13,1,false,true,2,True,2,-1
H1W03062,0042500173,LAL-HOU,2,260,-13,0,false,true,2,True,2,0
H1W03063,0042500173,LAL-HOU,2,237,-13,2,false,true,2,True,2,0
H1W03064,0042500173,LAL-HOU,2,218,-11,2,true,false,-2,True,0,0
H1W03065,0042500173,LAL-HOU,2,199,-11,4,true,false,0,True,0,0
H1W03066,0042500173,LAL-HOU,2,188,-11,2,true,false,0,True,2,1
H1W03067,0042500173,LAL-HOU,2,162,-11,2,true,false,0,True,0,0
H1W03068,0042500173,LAL-HOU,2,137,-11,2,true,false,0,True,0,1
H1W03069,0042500173,LAL-HOU,2,117,-13,2,true,false,2,False,,1
H1W03070,0042500173,LAL-HOU,2,68,-11,0,true,false,0,False,,1
H1W03071,0042500173,LAL-HOU,3,557,-10,-1,true,false,4,True,5,1
H1W03072,0042500173,LAL-HOU,3,551,-8,-1,true,false,0,True,5,1
H1W03073,0042500173,LAL-HOU,3,522,-8,3,true,false,0,True,5,0
H1W03074,0042500173,LAL-HOU,3,504,-8,3,true,false,0,True,5,0
H1W03075,0042500173,LAL-HOU,3,488,-8,3,true,false,3,True,4,0
H1W03076,0042500173,LAL-HOU,3,482,-6,2,true,false,1,True,2,0
H1W03077,0042500173,LAL-HOU,3,464,-8,4,true,false,5,True,4,0
H1W03078,0042500173,LAL-HOU,3,446,-8,0,true,false,5,True,4,0
H1W03079,0042500173,LAL-HOU,3,408,-3,1,true,false,-1,True,-1,-2
H1W03080,0042500173,LAL-HOU,3,387,-3,5,true,false,-1,True,-1,-2
H1W03081,0042500173,LAL-HOU,3,379,-3,5,true,false,-3,True,-1,-1
H1W03082,0042500173,LAL-HOU,3,376,-4,5,true,false,0,True,0,-1
H1W03083,0042500173,LAL-HOU,3,358,-4,1,false,true,0,True,0,0
H1W03084,0042500173,LAL-HOU,3,352,-4,1,false,true,0,True,0,0
H1W03085,0042500173,LAL-HOU,3,234,-4,2,true,false,0,True,1,1
H1W03086,0042500173,LAL-HOU,3,225,-4,0,true,false,-1,True,1,1
H1W03087,0042500173,LAL-HOU,3,225,-4,0,true,false,1,True,0,0
H1W03088,0042500173,LAL-HOU,3,210,-1,0,true,false,-2,True,-3,1
H1W03089,0042500173,LAL-HOU,3,190,-4,3,true,false,1,True,-3,0
H1W03090,0042500173,LAL-HOU,3,172,-4,0,true,false,1,True,-1,1
H1W03091,0042500173,LAL-HOU,3,161,-5,0,true,false,2,True,-2,1
H1W03092,0042500173,LAL-HOU,3,143,-3,-1,true,false,-1,True,-2,1
H1W03093,0042500173,LAL-HOU,3,119,-3,1,true,false,-1,True,-2,0
H1W03094,0042500173,LAL-HOU,3,116,-3,-2,true,false,-4,False,,1
H1W03095,0042500173,LAL-HOU,3,113,-3,1,true,false,-2,False,,0
H1W03096,0042500173,LAL-HOU,3,96,-3,1,true,false,-4,False,,0
H1W03097,0042500173,LAL-HOU,3,92,-4,2,true,false,-1,False,,0
H1W03098,0042500173,LAL-HOU,3,74,-4,-1,true,false,-1,False,,0
H1W03099,0042500173,LAL-HOU,4,550,-4,0,true,false,0,True,4,0
H1W03100,0042500173,LAL-HOU,4,526,-4,4,true,false,2,True,2,0
H1W03101,0042500173,LAL-HOU,4,489,-2,1,true,false,0,True,3,0
H1W03102,0042500173,LAL-HOU,4,452,-2,3,true,false,2,True,3,-1
H1W03103,0042500173,LAL-HOU,4,448,-2,3,true,false,0,True,4,0
H1W03104,0042500173,LAL-HOU,4,430,-4,5,true,false,4,True,6,0
H1W03105,0042500173,LAL-HOU,4,405,-2,0,true,false,0,True,6,0
H1W03106,0042500173,LAL-HOU,4,382,-2,2,true,false,3,True,6,0
H1W03107,0042500173,LAL-HOU,4,381,0,0,true,false,1,True,4,0
H1W03108,0042500173,LAL-HOU,4,364,-2,2,true,false,4,True,4,0
H1W03109,0042500173,LAL-HOU,4,337,0,0,true,false,2,True,4,0
H1W03110,0042500173,LAL-HOU,4,315,-2,4,true,false,6,True,4,0
H1W03111,0042500173,LAL-HOU,4,299,1,0,true,false,3,True,1,0
H1W03112,0042500173,LAL-HOU,4,276,1,3,true,false,3,True,1,0
H1W03113,0042500173,LAL-HOU,4,271,2,1,true,false,0,True,0,0
H1W03114,0042500173,LAL-HOU,4,251,2,4,true,false,2,True,0,0
H1W03115,0042500173,LAL-HOU,4,227,4,2,true,false,-2,True,0,0
H1W03116,0042500173,LAL-HOU,4,201,4,6,true,false,-2,True,0,0
H1W03117,0042500173,LAL-HOU,4,175,4,3,true,false,-2,True,2,0
H1W03118,0042500173,LAL-HOU,4,167,2,3,true,false,0,True,4,0
H1W03119,0042500173,LAL-HOU,4,143,4,0,true,false,-2,True,2,1
H1W03120,0042500173,LAL-HOU,4,131,2,2,false,true,2,True,1,1
H1W03121,0042500173,LAL-HOU,4,105,2,-2,false,true,2,True,1,2
H1W03122,0042500173,LAL-HOU,4,101,2,-2,false,true,4,True,-2,2
H1W03123,0042500173,LAL-HOU,4,75,2,-2,false,true,4,True,-2,2
H1W03124,0042500173,LAL-HOU,4,59,2,0,false,true,4,True,-2,0
H1W03125,0042500173,LAL-HOU,4,49,4,-2,true,false,-1,False,,0
H1W03126,0042500173,LAL-HOU,4,43,4,2,true,false,-1,False,,-2
H1W03127,0042500174,LAL-HOU,1,604,-2,-2,false,false,-3,True,-1,0
H1W03128,0042500174,LAL-HOU,1,595,-4,0,false,false,-1,True,-1,0
H1W03129,0042500174,LAL-HOU,1,568,-4,-4,false,false,-1,True,1,1
H1W03130,0042500174,LAL-HOU,1,554,-4,-4,false,false,1,True,1,1
H1W03131,0042500174,LAL-HOU,1,538,-4,-4,false,false,1,True,3,2
H1W03132,0042500174,LAL-HOU,1,518,-5,-2,false,false,2,True,2,1
H1W03133,0042500174,LAL-HOU,1,504,-5,-3,false,false,0,True,5,1
H1W03134,0042500174,LAL-HOU,1,473,-3,1,true,false,2,True,-1,0
H1W03135,0042500174,LAL-HOU,1,464,-3,1,true,false,0,True,1,1
H1W03136,0042500174,LAL-HOU,1,453,-5,2,true,false,5,True,3,1
H1W03137,0042500174,LAL-HOU,1,433,-3,0,true,false,1,True,1,1
H1W03138,0042500174,LAL-HOU,1,412,-3,2,true,false,1,True,-1,0
H1W03139,0042500174,LAL-HOU,1,408,-1,0,true,false,-3,True,-2,0
H1W03140,0042500174,LAL-HOU,1,389,-3,2,true,false,1,True,0,0
H1W03141,0042500174,LAL-HOU,1,379,0,0,true,false,-2,True,-1,1
H1W03142,0042500174,LAL-HOU,1,359,-2,5,true,false,0,True,1,1
H1W03143,0042500174,LAL-HOU,1,334,-2,1,true,false,-2,True,3,1
H1W03144,0042500174,LAL-HOU,1,323,-4,1,true,false,1,True,5,1
H1W03145,0042500174,LAL-HOU,1,308,-2,-3,true,false,-1,True,3,1
H1W03146,0042500174,LAL-HOU,1,296,-2,1,true,false,1,True,1,0
H1W03147,0042500174,LAL-HOU,1,288,-2,-2,true,false,1,True,2,0
H1W03148,0042500174,LAL-HOU,1,286,-4,0,true,false,5,True,4,0
H1W03149,0042500174,LAL-HOU,1,204,-1,1,true,false,1,True,4,-1
H1W03150,0042500174,LAL-HOU,1,199,1,1,true,false,-1,True,2,0
H1W03151,0042500174,LAL-HOU,1,177,1,5,true,false,1,True,2,0
H1W03152,0042500174,LAL-HOU,1,171,1,4,true,false,1,True,2,1
H1W03153,0042500174,LAL-HOU,1,163,-1,4,true,false,6,True,4,1
H1W03154,0042500174,LAL-HOU,1,140,0,0,true,false,3,True,5,1
H1W03155,0042500174,LAL-HOU,1,115,0,1,true,false,3,True,5,-1
H1W03156,0042500174,LAL-HOU,1,72,5,1,true,false,-2,False,,0
H1W03157,0042500174,LAL-HOU,1,56,3,6,true,false,2,False,,0
H1W03158,0042500174,LAL-HOU,1,43,3,3,true,false,2,False,,2
H1W03159,0042500174,LAL-HOU,1,27,3,3,true,false,2,False,,2
H1W03160,0042500174,LAL-HOU,2,395,10,-1,true,false,-4,True,-5,1
H1W03161,0042500174,LAL-HOU,2,375,10,5,true,false,-4,True,-7,0
H1W03162,0042500174,LAL-HOU,2,356,10,3,true,false,-6,True,-7,0
H1W03163,0042500174,LAL-HOU,2,347,8,3,true,false,-1,True,-5,0
H1W03164,0042500174,LAL-HOU,2,316,8,1,true,false,-3,True,-3,0
H1W03165,0042500174,LAL-HOU,2,314,6,1,true,false,-1,True,-3,0
H1W03166,0042500174,LAL-HOU,2,296,6,-4,true,false,-3,True,0,0
H1W03167,0042500174,LAL-HOU,2,280,4,-4,false,true,-1,True,2,0
H1W03168,0042500174,LAL-HOU,2,264,7,-6,false,true,-4,True,1,1
H1W03169,0042500174,LAL-HOU,2,245,5,-1,false,true,0,True,1,1
H1W03170,0042500174,LAL-HOU,2,224,5,-3,false,true,-2,True,4,1
H1W03171,0042500174,LAL-HOU,2,219,3,-1,false,true,3,True,6,1
H1W03172,0042500174,LAL-HOU,2,208,3,-3,false,true,3,True,8,1
H1W03173,0042500174,LAL-HOU,2,192,3,-1,false,true,5,True,5,0
H1W03174,0042500174,LAL-HOU,2,189,5,-4,false,true,1,True,4,0
H1W03175,0042500174,LAL-HOU,2,174,3,0,false,true,6,True,4,0
H1W03176,0042500174,LAL-HOU,2,162,6,-2,true,false,3,True,3,1
H1W03177,0042500174,LAL-HOU,2,140,6,3,true,false,5,False,,1
H1W03178,0042500174,LAL-HOU,2,117,8,3,true,false,0,False,,1
H1W03179,0042500174,LAL-HOU,2,85,6,5,true,false,3,False,,1
H1W03180,0042500174,LAL-HOU,2,72,9,1,true,false,-2,False,,1
H1W03181,0042500174,LAL-HOU,2,56,9,6,true,false,0,False,,0
H1W03182,0042500174,LAL-HOU,3,553,15,1,false,true,0,True,0,-1
H1W03183,0042500174,LAL-HOU,3,548,15,1,false,true,2,True,0,-1
H1W03184,0042500174,LAL-HOU,3,543,15,1,false,true,0,True,3,0
H1W03185,0042500174,LAL-HOU,3,538,13,3,false,true,4,True,5,0
H1W03186,0042500174,LAL-HOU,3,527,15,-2,false,true,0,True,6,0
H1W03187,0042500174,LAL-HOU,3,510,15,0,false,true,0,True,4,0
H1W03188,0042500174,LAL-HOU,3,501,17,0,false,true,-2,True,3,1
H1W03189,0042500174,LAL-HOU,3,479,15,2,false,true,3,True,5,1
H1W03190,0042500174,LAL-HOU,3,459,17,0,false,true,1,True,3,2
H1W03191,0042500174,LAL-HOU,3,439,15,4,false,true,6,True,3,2
H1W03192,0042500174,LAL-HOU,3,419,15,0,false,true,4,True,3,2
H1W03193,0042500174,LAL-HOU,3,416,15,0,false,true,5,True,3,1
H1W03194,0042500174,LAL-HOU,3,396,18,-2,false,true,2,True,1,2
H1W03195,0042500174,LAL-HOU,3,384,18,3,true,false,2,True,1,1
H1W03196,0042500174,LAL-HOU,3,380,21,1,true,false,-3,True,-2,1
H1W03197,0042500174,LAL-HOU,3,357,19,6,true,false,-1,True,0,1
H1W03198,0042500174,LAL-HOU,3,328,20,4,true,false,-2,True,1,1
H1W03199,0042500174,LAL-HOU,3,322,20,5,true,false,-1,True,-2,0
H1W03200,0042500174,LAL-HOU,3,306,20,2,true,false,-1,True,1,0
H1W03201,0042500174,LAL-HOU,3,285,18,2,true,false,1,True,3,0
H1W03202,0042500174,LAL-HOU,3,257,18,-3,true,false,1,True,3,1
H1W03203,0042500174,LAL-HOU,3,239,18,-1,true,false,3,True,3,1
H1W03204,0042500174,LAL-HOU,3,233,19,-2,true,false,-1,True,4,1
H1W03205,0042500174,LAL-HOU,3,219,19,-1,true,false,2,True,4,1
H1W03206,0042500174,LAL-HOU,3,203,19,-1,true,false,2,True,6,1
H1W03207,0042500174,LAL-HOU,3,193,18,1,true,false,2,True,3,-1
H1W03208,0042500174,LAL-HOU,3,190,20,1,true,false,0,True,3,-1
H1W03209,0042500174,LAL-HOU,3,172,17,3,true,false,5,True,6,-1
H1W03210,0042500174,LAL-HOU,3,155,20,-1,true,false,2,True,3,-1
H1W03211,0042500174,LAL-HOU,3,132,20,2,true,false,4,True,3,-1
H1W03212,0042500174,LAL-HOU,3,117,20,2,true,false,1,False,,0
H1W03213,0042500174,LAL-HOU,3,96,20,2,true,false,3,False,,0
H1W03214,0042500174,LAL-HOU,3,81,22,0,true,false,1,False,,1
H1W03215,0042500174,LAL-HOU,3,62,22,5,true,false,1,False,,1
H1W03216,0042500174,LAL-HOU,3,51,24,2,true,false,-1,False,,1
H1W03217,0042500174,LAL-HOU,4,608,26,0,false,false,-4,True,-5,1
H1W03218,0042500174,LAL-HOU,4,593,24,3,false,false,-2,True,-6,0
H1W03219,0042500174,LAL-HOU,4,516,22,1,false,true,-1,True,-5,-1
H1W03220,0042500174,LAL-HOU,4,502,22,-4,false,true,-4,True,-3,0
H1W03221,0042500174,LAL-HOU,4,482,20,-2,false,true,-2,True,-1,0
H1W03222,0042500174,LAL-HOU,4,459,23,-4,false,true,-8,True,-2,0
H1W03223,0042500174,LAL-HOU,4,444,21,-1,false,true,-4,True,0,0
H1W03224,0042500174,LAL-HOU,4,411,21,-3,false,true,-4,True,2,1
H1W03225,0042500174,LAL-HOU,4,409,18,-1,false,true,1,False,,1
H1W03226,0042500174,LAL-HOU,4,388,18,-4,false,true,1,False,,1
H1W03227,0042500174,LAL-HOU,4,383,15,-2,false,true,6,False,,1
H1W03228,0042500174,LAL-HOU,4,364,17,-8,false,true,4,False,,2
H1W03229,0042500174,LAL-HOU,4,351,17,-4,false,true,6,False,,1
H1W03230,0042500175,LAL-HOU,1,594,-1,-4,false,true,0,True,5,0
H1W03231,0042500175,LAL-HOU,1,581,-1,-2,false,true,0,True,2,-1
H1W03232,0042500175,LAL-HOU,1,573,1,-2,false,true,-2,True,0,0
H1W03233,0042500175,LAL-HOU,1,548,1,0,false,true,0,True,0,0
H1W03234,0042500175,LAL-HOU,1,528,1,0,false,true,0,True,2,0
H1W03235,0042500175,LAL-HOU,1,511,-1,2,false,true,5,True,4,0
H1W03236,0042500175,LAL-HOU,1,497,-1,0,false,true,2,True,6,1
H1W03237,0042500175,LAL-HOU,1,482,-1,0,false,true,2,True,4,0
H1W03238,0042500175,LAL-HOU,1,478,1,-2,false,true,0,True,4,0
H1W03239,0042500175,LAL-HOU,1,467,1,0,false,true,2,True,4,0
H1W03240,0042500175,LAL-HOU,1,455,4,0,true,false,-1,True,1,0
H1W03241,0042500175,LAL-HOU,1,439,1,5,true,false,4,True,4,0
H1W03242,0042500175,LAL-HOU,1,412,1,2,true,false,2,True,4,0
H1W03243,0042500175,LAL-HOU,1,386,1,2,true,false,4,True,2,0
H1W03244,0042500175,LAL-HOU,1,339,5,-1,true,false,0,True,-1,1
H1W03245,0042500175,LAL-HOU,1,328,3,4,true,false,2,True,1,1
H1W03246,0042500175,LAL-HOU,1,298,5,2,true,false,-2,True,-1,1
H1W03247,0042500175,LAL-HOU,1,282,5,4,true,false,1,True,-1,0
H1W03248,0042500175,LAL-HOU,1,275,5,2,true,false,-1,True,1,1
H1W03249,0042500175,LAL-HOU,1,269,5,2,true,false,-1,True,1,0
H1W03250,0042500175,LAL-HOU,1,263,5,0,true,false,-1,True,4,0
H1W03251,0042500175,LAL-HOU,1,255,3,2,true,false,1,True,6,-1
H1W03252,0042500175,LAL-HOU,1,239,6,-2,true,false,-2,True,5,-1
H1W03253,0042500175,LAL-HOU,1,221,4,1,true,false,2,True,4,-1
H1W03254,0042500175,LAL-HOU,1,193,4,-1,true,false,2,True,6,-1
H1W03255,0042500175,LAL-HOU,1,170,4,-1,true,false,5,True,3,-1
H1W03256,0042500175,LAL-HOU,1,156,4,-1,true,false,5,True,3,1
H1W03257,0042500175,LAL-HOU,1,146,4,1,true,false,7,False,,1
H1W03258,0042500175,LAL-HOU,1,129,6,-2,true,false,2,False,,1
H1W03259,0042500175,LAL-HOU,1,114,6,2,true,false,4,False,,1
H1W03260,0042500175,LAL-HOU,1,101,9,2,true,false,-2,False,,1
H1W03261,0042500175,LAL-HOU,1,86,9,5,true,false,-2,False,,0
H1W03262,0042500175,LAL-HOU,2,604,1,-6,false,true,2,True,1,0
H1W03263,0042500175,LAL-HOU,2,597,1,-6,false,true,4,True,-2,0
H1W03264,0042500175,LAL-HOU,2,580,1,-6,false,true,1,True,-2,0
H1W03265,0042500175,LAL-HOU,2,563,1,-3,false,true,1,True,-2,0
H1W03266,0042500175,LAL-HOU,2,561,3,-3,false,true,-3,True,-4,0
H1W03267,0042500175,LAL-HOU,2,539,3,2,false,true,-1,True,-6,0
H1W03268,0042500175,LAL-HOU,2,532,5,2,false,true,-6,True,-6,0
H1W03269,0042500175,LAL-HOU,2,465,0,1,false,true,-1,True,-4,-1
H1W03270,0042500175,LAL-HOU,2,445,2,-3,false,true,-5,True,-4,-1
H1W03271,0042500175,LAL-HOU,2,427,-1,-1,false,true,0,True,-3,-1
H1W03272,0042500175,LAL-HOU,2,396,-1,-6,false,true,0,True,0,-1
H1W03273,0042500175,LAL-HOU,2,385,-1,-3,false,true,0,True,0,-2
H1W03274,0042500175,LAL-HOU,2,383,-1,-3,false,true,-3,True,0,-1
H1W03275,0042500175,LAL-HOU,2,365,-3,-1,false,true,1,True,2,-1
H1W03276,0042500175,LAL-HOU,2,342,-1,-5,false,true,-3,True,0,-1
H1W03277,0042500175,LAL-HOU,2,318,-1,0,false,true,0,True,-2,-1
H1W03278,0042500175,LAL-HOU,2,300,-1,0,false,true,0,True,1,0
H1W03279,0042500175,LAL-HOU,2,291,-4,0,false,true,3,True,2,0
H1W03280,0042500175,LAL-HOU,2,276,-2,-3,false,true,1,True,0,0
H1W03281,0042500175,LAL-HOU,2,242,-4,1,false,true,3,True,2,-1
H1W03282,0042500175,LAL-HOU,2,223,-1,-3,false,true,-2,True,-1,-1
H1W03283,0042500175,LAL-HOU,2,201,-1,0,false,true,1,True,-3,-1
H1W03284,0042500175,LAL-HOU,2,195,-1,0,false,true,-1,True,-3,-1
H1W03285,0042500175,LAL-HOU,2,182,-1,3,false,true,-1,True,-3,-1
H1W03286,0042500175,LAL-HOU,2,164,-1,1,false,true,-1,True,0,0
H1W03287,0042500175,LAL-HOU,2,161,-3,3,false,true,1,True,-1,-1
H1W03288,0042500175,LAL-HOU,2,146,0,-2,false,true,-4,True,-4,-1
H1W03289,0042500175,LAL-HOU,2,124,-2,1,false,true,-2,False,,-2
H1W03290,0042500175,LAL-HOU,2,102,-2,-1,false,true,-2,False,,-2
H1W03291,0042500175,LAL-HOU,2,92,-2,-1,false,true,1,False,,-2
H1W03292,0042500175,LAL-HOU,2,87,-2,-1,false,true,-2,False,,-1
H1W03293,0042500175,LAL-HOU,2,82,-4,1,false,true,0,False,,-1
H1W03294,0042500175,LAL-HOU,3,588,-5,-1,false,true,-4,True,-3,1
H1W03295,0042500175,LAL-HOU,3,576,-8,-1,false,true,1,True,-3,1
H1W03296,0042500175,LAL-HOU,3,556,-8,-6,false,true,-1,True,-1,1
H1W03297,0042500175,LAL-HOU,3,540,-9,-3,false,true,0,True,0,0
H1W03298,0042500175,LAL-HOU,3,521,-9,-4,false,true,0,True,0,0
H1W03299,0042500175,LAL-HOU,3,519,-9,-4,false,true,1,True,0,-1
H1W03300,0042500175,LAL-HOU,3,508,-7,-4,false,true,-4,True,-1,-1
H1W03301,0042500175,LAL-HOU,3,490,-9,1,false,true,0,True,1,-1
H1W03302,0042500175,LAL-HOU,3,473,-9,-1,false,true,0,True,3,0
H1W03303,0042500175,LAL-HOU,3,466,-9,0,false,true,0,True,3,0
H1W03304,0042500175,LAL-HOU,3,449,-8,0,false,true,-1,True,3,0
H1W03305,0042500175,LAL-HOU,3,444,-11,1,false,true,3,True,4,0
H1W03306,0042500175,LAL-HOU,3,426,-9,-4,false,true,1,True,4,0
H1W03307,0042500175,LAL-HOU,3,407,-9,0,false,true,3,True,2,0
H1W03308,0042500175,LAL-HOU,3,393,-9,0,false,true,3,True,4,1
H1W03309,0042500175,LAL-HOU,3,379,-9,0,false,true,4,True,4,1
H1W03310,0042500175,LAL-HOU,3,373,-8,-1,true,false,1,True,3,1
H1W03311,0042500175,LAL-HOU,3,351,-8,3,true,false,3,True,0,1
H1W03312,0042500175,LAL-HOU,3,339,-6,1,true,false,-1,True,-2,1
H1W03313,0042500175,LAL-HOU,3,322,-6,3,true,false,1,True,-4,0
H1W03314,0042500175,LAL-HOU,3,319,-5,3,true,false,0,True,-5,0
H1W03315,0042500175,LAL-HOU,3,301,-7,4,true,false,2,True,-3,-1
H1W03316,0042500175,LAL-HOU,3,282,-5,1,true,false,-3,True,-4,-1
H1W03317,0042500175,LAL-HOU,3,254,-7,3,true,false,-1,True,-4,-2
H1W03318,0042500175,LAL-HOU,3,231,-5,-1,true,false,-5,True,-6,-2
H1W03319,0042500175,LAL-HOU,3,205,-5,1,true,false,-5,True,-6,-2
H1W03320,0042500175,LAL-HOU,3,191,-5,0,true,false,-5,True,-4,-1
H1W03321,0042500175,LAL-HOU,3,172,-8,2,false,true,-1,True,-1,-1
H1W03322,0042500175,LAL-HOU,3,158,-8,-3,false,true,-3,False,,0
H1W03323,0042500175,LAL-HOU,3,132,-10,-1,false,true,-1,False,,0
H1W03324,0042500175,LAL-HOU,3,104,-10,-5,false,true,-1,False,,1
H1W03325,0042500175,LAL-HOU,3,90,-10,-5,false,true,1,False,,1
H1W03326,0042500175,LAL-HOU,3,70,-9,-5,false,true,0,False,,1
H1W03327,0042500175,LAL-HOU,4,481,-9,0,true,false,-2,True,0,0
H1W03328,0042500175,LAL-HOU,4,455,-9,4,true,false,-2,True,0,-1
H1W03329,0042500175,LAL-HOU,4,444,-9,2,true,false,-4,True,3,-1
H1W03330,0042500175,LAL-HOU,4,429,-11,3,true,false,0,True,4,-1
H1W03331,0042500175,LAL-HOU,4,409,-11,-1,true,false,0,True,4,-1
H1W03332,0042500175,LAL-HOU,4,389,-11,-1,true,false,2,True,4,-1
H1W03333,0042500175,LAL-HOU,4,374,-11,-2,true,false,2,True,6,0
H1W03334,0042500175,LAL-HOU,4,355,-13,-2,true,false,7,True,8,0
H1W03335,0042500175,LAL-HOU,4,338,-11,-4,false,false,4,True,8,0
H1W03336,0042500175,LAL-HOU,4,309,-11,0,false,false,4,True,6,0
H1W03337,0042500175,LAL-HOU,4,284,-6,2,true,false,1,True,1,0
H1W03338,0042500175,LAL-HOU,4,266,-7,7,true,false,4,True,0,0
H1W03339,0042500175,LAL-HOU,4,243,-7,4,true,false,2,True,0,0
H1W03340,0042500175,LAL-HOU,4,102,-7,0,false,true,2,True,1,0
H1W03341,0042500175,LAL-HOU,4,92,-7,-4,false,true,2,True,1,0
H1W03342,0042500175,LAL-HOU,4,92,-9,-2,false,true,6,False,,0
H1W03343,0042500175,LAL-HOU,4,83,-7,-4,false,true,3,False,,0
H1W03344,0042500175,LAL-HOU,4,60,-7,0,false,true,3,False,,0
H1W03345,0042500175,LAL-HOU,4,60,-5,-2,false,true,-1,False,,0
H1W03346,0042500175,LAL-HOU,4,33,-5,2,false,true,-1,False,,0
H1W03347,0042500176,LAL-HOU,1,623,-1,1,false,false,4,True,3,0
H1W03348,0042500176,LAL-HOU,1,609,1,-4,false,false,0,True,1,0
H1W03349,0042500176,LAL-HOU,1,595,1,0,false,false,3,True,0,0
H1W03350,0042500176,LAL-HOU,1,590,3,0,false,false,-1,True,-2,0
H1W03351,0042500176,LAL-HOU,1,557,3,2,false,false,-1,True,-2,0
H1W03352,0042500176,LAL-HOU,1,544,3,2,false,false,-1,True,-2,0
H1W03353,0042500176,LAL-HOU,1,534,1,4,false,false,1,True,-2,0
H1W03354,0042500176,LAL-HOU,1,521,4,0,false,false,-3,True,-3,0
H1W03355,0042500176,LAL-HOU,1,505,2,3,false,false,-1,True,-1,0
H1W03356,0042500176,LAL-HOU,1,490,2,-1,false,false,-1,True,1,0
H1W03357,0042500176,LAL-HOU,1,480,2,-1,false,false,-1,True,1,0
H1W03358,0042500176,LAL-HOU,1,471,2,-1,false,false,-3,True,1,0
H1W03359,0042500176,LAL-HOU,1,449,1,1,false,false,0,True,2,0
H1W03360,0042500176,LAL-HOU,1,433,1,-3,false,false,0,True,4,0
H1W03361,0042500176,LAL-HOU,1,424,1,-1,false,false,2,True,1,0
H1W03362,0042500176,LAL-HOU,1,419,1,-1,false,false,2,True,1,0
H1W03363,0042500176,LAL-HOU,1,413,-1,-1,false,false,4,True,0,0
H1W03364,0042500176,LAL-HOU,1,389,1,-3,false,false,2,True,-2,0
H1W03365,0042500176,LAL-HOU,1,375,1,0,false,false,4,True,-5,0
H1W03366,0042500176,LAL-HOU,1,372,3,0,false,false,-1,True,-7,0
H1W03367,0042500176,LAL-HOU,1,357,3,2,false,false,-1,True,-7,0
H1W03368,0042500176,LAL-HOU,1,342,3,2,false,false,-4,True,-7,0
H1W03369,0042500176,LAL-HOU,1,332,3,4,false,false,-4,True,-10,0
H1W03370,0042500176,LAL-HOU,1,313,5,2,false,false,-9,True,-10,0
H1W03371,0042500176,LAL-HOU,1,263,-1,-1,false,true,-3,True,-4,0
H1W03372,0042500176,LAL-HOU,1,232,-1,-4,false,true,-6,True,-4,0
H1W03373,0042500176,LAL-HOU,1,211,-4,-4,false,true,-1,True,-1,0
H1W03374,0042500176,LAL-HOU,1,184,-4,-9,false,true,-1,True,-1,0
H1W03375,0042500176,LAL-HOU,1,176,-4,-6,false,true,-1,True,-1,-2
H1W03376,0042500176,LAL-HOU,1,170,-4,-6,false,true,-1,False,,-1
H1W03377,0042500176,LAL-HOU,1,154,-7,-3,false,true,2,False,,-2
H1W03378,0042500176,LAL-HOU,1,99,-5,-1,false,true,0,False,,-1
H1W03379,0042500176,LAL-HOU,2,630,-9,-4,false,true,-5,True,-9,1
H1W03380,0042500176,LAL-HOU,2,619,-12,-4,false,true,-2,True,-8,1
H1W03381,0042500176,LAL-HOU,2,597,-12,-7,false,true,-4,True,-8,1
H1W03382,0042500176,LAL-HOU,2,588,-12,-5,false,true,-4,True,-8,0
H1W03383,0042500176,LAL-HOU,2,574,-12,-5,false,true,-6,True,-8,0
H1W03384,0042500176,LAL-HOU,2,566,-14,-3,false,true,-4,True,-6,0
H1W03385,0042500176,LAL-HOU,2,542,-13,-5,false,true,-6,True,-4,0
H1W03386,0042500176,LAL-HOU,2,539,-15,-2,false,true,-4,True,-2,0
H1W03387,0042500176,LAL-HOU,2,511,-15,-4,false,true,-4,True,0,1
H1W03388,0042500176,LAL-HOU,2,498,-17,-4,false,true,-2,True,2,1
H1W03389,0042500176,LAL-HOU,2,487,-17,-6,false,true,-2,True,4,2
H1W03390,0042500176,LAL-HOU,2,482,-19,-4,false,true,2,True,4,2
H1W03391,0042500176,LAL-HOU,2,458,-19,-6,false,true,2,True,4,2
H1W03392,0042500176,LAL-HOU,2,451,-19,-4,false,true,4,True,4,1
H1W03393,0042500176,LAL-HOU,2,440,-19,-4,false,true,4,True,4,1
H1W03394,0042500176,LAL-HOU,2,434,-19,-2,true,false,6,True,4,0
H1W03395,0042500176,LAL-HOU,2,415,-17,-2,true,false,2,True,4,0
H1W03396,0042500176,LAL-HOU,2,405,-17,2,true,false,2,True,2,-1
H1W03397,0042500176,LAL-HOU,2,388,-15,2,true,false,0,True,2,-1
H1W03398,0042500176,LAL-HOU,2,223,-13,-2,false,true,2,True,-2,0
H1W03399,0042500176,LAL-HOU,2,205,-15,2,false,true,4,True,-3,-1
H1W03400,0042500176,LAL-HOU,2,191,-13,0,false,true,1,True,-5,-1
H1W03401,0042500176,LAL-HOU,2,166,-13,2,false,true,1,True,-5,-1
H1W03402,0042500176,LAL-HOU,2,157,-11,2,false,true,-4,True,-7,-1
H1W03403,0042500176,LAL-HOU,2,134,-11,4,false,true,-4,False,,-1
H1W03404,0042500176,LAL-HOU,2,75,-15,1,false,true,-3,False,,0
H1W03405,0042500176,LAL-HOU,3,623,-18,0,false,false,-1,True,-5,0
H1W03406,0042500176,LAL-HOU,3,615,-21,2,false,false,2,True,-2,0
H1W03407,0042500176,LAL-HOU,3,590,-18,-3,false,false,-3,True,-5,0
H1W03408,0042500176,LAL-HOU,3,567,-20,0,false,false,-1,True,-3,0
H1W03409,0042500176,LAL-HOU,3,555,-19,-2,false,false,-4,True,-3,0
H1W03410,0042500176,LAL-HOU,3,537,-19,-1,false,false,-4,True,-6,0
H1W03411,0042500176,LAL-HOU,3,526,-19,-1,false,false,-4,True,-6,0
H1W03412,0042500176,LAL-HOU,3,511,-21,2,false,false,-2,True,-4,0
H1W03413,0042500176,LAL-HOU,3,490,-21,-3,false,false,-2,True,-2,0
H1W03414,0042500176,LAL-HOU,3,486,-23,-1,false,false,1,True,-2,0
H1W03415,0042500176,LAL-HOU,3,465,-23,-4,false,false,-2,True,0,0
H1W03416,0042500176,LAL-HOU,3,450,-23,-4,false,false,-2,True,0,0
H1W03417,0042500176,LAL-HOU,3,430,-23,-4,false,false,-2,True,2,1
H1W03418,0042500176,LAL-HOU,3,417,-23,-2,false,false,0,True,2,1
H1W03419,0042500176,LAL-HOU,3,404,-22,-2,false,false,-3,True,2,1
H1W03420,0042500176,LAL-HOU,3,386,-25,1,false,false,2,True,4,1
H1W03421,0042500176,LAL-HOU,3,366,-25,-2,false,false,2,True,6,1
H1W03422,0042500176,LAL-HOU,3,331,-23,-3,true,false,2,True,3,0
H1W03423,0042500176,LAL-HOU,3,307,-23,2,true,false,4,True,1,0
H1W03424,0042500176,LAL-HOU,3,173,-22,1,false,true,4,True,6,0
H1W03425,0042500176,LAL-HOU,3,147,-20,-2,false,true,2,False,,0
H1W03426,0042500176,LAL-HOU,3,123,-22,1,false,true,6,False,,0
H1W03427,0042500176,LAL-HOU,3,103,-20,-3,false,true,4,False,,1
H1W03428,0042500176,LAL-HOU,3,87,-20,0,false,true,4,False,,0
H1W03429,0042500176,LAL-HOU,3,66,-18,0,false,true,2,False,,0
H1W03430,0042500176,LAL-HOU,4,619,-19,-3,false,false,-1,True,-4,0
H1W03431,0042500176,LAL-HOU,4,545,-21,0,false,true,0,True,0,-1
H1W03432,0042500176,LAL-HOU,4,526,-20,-2,false,true,-3,True,-1,-1
H1W03433,0042500176,LAL-HOU,4,501,-20,-1,false,true,-1,True,-4,-1
H1W03434,0042500176,LAL-HOU,4,491,-20,-1,false,true,-1,True,-4,0
H1W03435,0042500201,DET-CLE,1,574,0,-3,false,true,-1,True,4,0
H1W03436,0042500201,DET-CLE,1,558,-2,2,false,true,4,True,4,0
H1W03437,0042500201,DET-CLE,1,543,-1,0,false,true,3,True,5,0
H1W03438,0042500201,DET-CLE,1,532,-1,4,false,true,3,True,5,0
H1W03439,0042500201,DET-CLE,1,519,-1,2,false,true,3,True,7,0
H1W03440,0042500201,DET-CLE,1,512,-1,2,false,false,5,True,5,0
H1W03441,0042500201,DET-CLE,1,503,2,-1,false,false,0,True,4,0
H1W03442,0042500201,DET-CLE,1,456,4,3,true,false,0,True,6,1
H1W03443,0042500201,DET-CLE,1,440,2,5,true,false,4,True,5,1
H1W03444,0042500201,DET-CLE,1,421,4,0,true,false,2,True,3,2
H1W03445,0042500201,DET-CLE,1,407,4,2,true,false,4,True,3,1
H1W03446,0042500201,DET-CLE,1,401,6,2,true,false,2,True,3,1
H1W03447,0042500201,DET-CLE,1,385,4,4,true,false,6,True,5,1
H1W03448,0042500201,DET-CLE,1,362,6,0,true,false,1,True,5,1
H1W03449,0042500201,DET-CLE,1,342,6,4,true,false,1,True,5,0
H1W03450,0042500201,DET-CLE,1,339,8,2,true,false,-1,True,6,1
H1W03451,0042500201,DET-CLE,1,321,8,4,true,false,1,True,6,1
H1W03452,0042500201,DET-CLE,1,311,10,2,true,false,-1,True,6,1
H1W03453,0042500201,DET-CLE,1,291,7,6,true,false,4,True,9,1
H1W03454,0042500201,DET-CLE,1,268,7,1,true,false,4,True,9,2
H1W03455,0042500201,DET-CLE,1,266,7,1,true,false,7,True,9,1
H1W03456,0042500201,DET-CLE,1,257,9,-1,true,false,5,True,7,1
H1W03457,0042500201,DET-CLE,1,242,9,1,true,false,7,True,7,1
H1W03458,0042500201,DET-CLE,1,234,11,-1,true,false,5,True,7,1
H1W03459,0042500201,DET-CLE,1,223,11,4,true,false,5,True,7,0
H1W03460,0042500201,DET-CLE,1,205,14,4,true,false,2,True,4,1
H1W03461,0042500201,DET-CLE,1,190,14,7,true,false,2,True,1,1
H1W03462,0042500201,DET-CLE,1,183,16,5,true,false,0,True,1,1
H1W03463,0042500201,DET-CLE,1,165,16,7,true,false,2,True,-1,1
H1W03464,0042500201,DET-CLE,1,145,16,5,true,false,2,True,-1,1
H1W03465,0042500201,DET-CLE,1,138,16,5,true,false,2,True,-3,0
H1W03466,0042500201,DET-CLE,1,129,16,2,true,false,-1,True,0,0
H1W03467,0042500201,DET-CLE,1,115,16,2,true,false,1,False,,0
H1W03468,0042500201,DET-CLE,1,101,18,0,true,false,-3,False,,0
H1W03469,0042500201,DET-CLE,1,89,18,2,true,false,-3,False,,0
H1W03470,0042500201,DET-CLE,1,80,18,2,true,false,-5,False,,0
H1W03471,0042500201,DET-CLE,1,57,15,2,true,false,1,False,,0
H1W03472,0042500201,DET-CLE,2,508,14,-3,false,true,-5,True,1,0
H1W03473,0042500201,DET-CLE,2,305,14,5,true,false,1,True,-5,1
H1W03474,0042500201,DET-CLE,2,182,9,-2,false,true,3,True,1,2
H1W03475,0042500201,DET-CLE,2,150,9,-6,false,true,3,True,1,2
H1W03476,0042500201,DET-CLE,2,143,9,-3,false,true,3,True,1,0
H1W03477,0042500201,DET-CLE,2,140,10,-3,false,true,0,True,3,0
H1W03478,0042500201,DET-CLE,2,122,10,-2,true,false,0,True,3,-2
H1W03479,0042500201,DET-CLE,3,580,12,0,false,true,-2,True,-3,-1
H1W03480,0042500201,DET-CLE,3,555,12,-2,false,true,-2,True,-3,0
H1W03481,0042500201,DET-CLE,3,543,10,-2,false,true,2,True,-1,0
H1W03482,0042500201,DET-CLE,3,533,12,-7,false,true,-2,True,-1,0
H1W03483,0042500201,DET-CLE,3,521,10,-2,false,true,2,True,1,0
H1W03484,0042500201,DET-CLE,3,504,10,-4,false,true,-1,True,1,1
H1W03485,0042500201,DET-CLE,3,480,10,-2,false,true,-1,True,1,0
H1W03486,0042500201,DET-CLE,3,478,12,-2,false,true,-3,True,-1,1
H1W03487,0042500201,DET-CLE,3,460,10,2,false,true,1,True,-1,1
H1W03488,0042500201,DET-CLE,3,444,12,-2,true,false,-1,True,-1,2
H1W03489,0042500201,DET-CLE,3,423,9,2,true,false,2,True,2,2
H1W03490,0042500201,DET-CLE,3,385,9,-1,true,false,2,True,2,3
H1W03491,0042500201,DET-CLE,3,349,11,1,true,false,0,True,-5,1
H1W03492,0042500201,DET-CLE,3,339,11,-1,true,false,0,True,-5,1
H1W03493,0042500201,DET-CLE,3,328,11,2,true,false,0,True,-7,0
H1W03494,0042500201,DET-CLE,3,301,11,2,true,false,-3,True,-5,0
H1W03495,0042500201,DET-CLE,3,296,9,2,true,false,-1,True,-6,0
H1W03496,0042500201,DET-CLE,3,259,11,-2,true,false,-5,True,-8,0
H1W03497,0042500201,DET-CLE,3,229,11,0,true,false,-5,True,-8,-1
H1W03498,0042500201,DET-CLE,3,223,11,0,true,false,-7,True,-5,-1
H1W03499,0042500201,DET-CLE,3,215,8,0,true,false,-2,True,-2,-1
H1W03500,0042500201,DET-CLE,3,175,8,-3,true,false,-5,True,-2,-1
H1W03501,0042500201,DET-CLE,3,160,6,-1,false,true,-3,True,-2,-1
H1W03502,0042500201,DET-CLE,3,151,6,-5,false,true,-3,True,1,1
H1W03503,0042500201,DET-CLE,3,145,4,-5,false,true,2,False,,1
H1W03504,0042500201,DET-CLE,3,129,6,-7,false,true,0,False,,1
H1W03505,0042500201,DET-CLE,3,112,3,-2,false,true,3,False,,1
H1W03506,0042500201,DET-CLE,3,89,3,-5,false,true,1,False,,1
H1W03507,0042500201,DET-CLE,3,70,3,-3,false,true,4,False,,0
H1W03508,0042500201,DET-CLE,4,588,9,-1,true,false,0,True,-4,2
H1W03509,0042500201,DET-CLE,4,572,9,6,true,false,0,True,-6,0
H1W03510,0042500201,DET-CLE,4,552,11,4,true,false,-4,True,-8,0
H1W03511,0042500201,DET-CLE,4,379,5,-6,false,true,-5,True,1,0
H1W03512,0042500201,DET-CLE,4,360,3,-4,false,true,-1,True,1,0
H1W03513,0042500201,DET-CLE,4,336,3,-6,false,true,-1,True,3,0
H1W03514,0042500201,DET-CLE,4,328,0,-4,false,true,4,True,5,0
H1W03515,0042500201,DET-CLE,4,312,0,-7,false,true,4,True,7,0
H1W03516,0042500201,DET-CLE,4,298,0,-5,false,true,6,True,7,0
H1W03517,0042500201,DET-CLE,4,290,2,-5,false,true,2,True,7,0
H1W03518,0042500201,DET-CLE,4,267,2,-1,false,true,4,True,5,0
H1W03519,0042500201,DET-CLE,4,253,4,-1,false,true,1,True,3,0
H1W03520,0042500201,DET-CLE,4,239,4,4,false,true,3,True,3,0
H1W03521,0042500201,DET-CLE,4,234,6,4,true,false,1,True,3,0
H1W03522,0042500201,DET-CLE,4,220,4,6,true,false,5,True,2,0
H1W03523,0042500201,DET-CLE,4,203,6,2,true,false,1,True,2,0
H1W03524,0042500201,DET-CLE,4,185,5,4,true,false,2,True,3,0
H1W03525,0042500201,DET-CLE,4,165,7,1,true,false,0,True,3,1
H1W03526,0042500201,DET-CLE,4,152,7,3,true,false,2,True,3,1
H1W03527,0042500201,DET-CLE,4,124,9,1,false,false,-3,False,,1
H1W03528,0042500201,DET-CLE,4,106,7,5,false,false,1,False,,1
H1W03529,0042500201,DET-CLE,4,80,7,1,false,false,1,False,,1
H1W03530,0042500202,DET-CLE,1,616,2,0,true,false,3,True,5,3
H1W03531,0042500202,DET-CLE,1,598,2,5,true,false,5,True,5,2
H1W03532,0042500202,DET-CLE,1,586,2,2,true,false,5,True,5,2
H1W03533,0042500202,DET-CLE,1,585,2,2,true,false,7,True,3,1
H1W03534,0042500202,DET-CLE,1,582,5,0,true,false,2,True,0,1
H1W03535,0042500202,DET-CLE,1,562,5,5,true,false,2,True,-2,0
H1W03536,0042500202,DET-CLE,1,558,7,3,true,false,0,True,-2,1
H1W03537,0042500202,DET-CLE,1,438,5,-4,false,true,0,True,2,1
H1W03538,0042500202,DET-CLE,1,415,3,-2,false,true,2,True,4,1
H1W03539,0042500202,DET-CLE,1,156,9,2,false,false,0,False,,0
H1W03540,0042500202,DET-CLE,1,140,6,2,false,false,3,False,,-1
H1W03541,0042500202,DET-CLE,2,622,6,1,false,true,5,True,1,0
H1W03542,0042500202,DET-CLE,2,612,8,-1,false,true,1,True,1,0
H1W03543,0042500202,DET-CLE,2,591,8,3,false,true,2,True,1,0
H1W03544,0042500202,DET-CLE,2,574,11,3,true,false,-4,True,-2,0
H1W03545,0042500202,DET-CLE,2,563,11,6,true,false,-4,True,-4,0
H1W03546,0042500202,DET-CLE,2,548,11,3,true,false,-4,True,-1,1
H1W03547,0042500202,DET-CLE,2,534,9,5,true,false,0,True,-1,1
H1W03548,0042500202,DET-CLE,2,515,10,1,true,false,-1,True,-2,1
H1W03549,0042500202,DET-CLE,2,497,7,2,true,false,2,True,1,1
H1W03550,0042500202,DET-CLE,2,481,7,-4,true,false,0,True,1,1
H1W03551,0042500202,DET-CLE,2,427,9,0,true,false,-1,True,-2,-1
H1W03552,0042500202,DET-CLE,2,409,9,-1,true,false,-1,True,0,0
H1W03553,0042500202,DET-CLE,2,403,7,2,true,false,1,True,0,0
H1W03554,0042500202,DET-CLE,2,381,10,0,true,false,-4,True,-3,0
H1W03555,0042500202,DET-CLE,2,369,8,3,true,false,0,True,-1,0
H1W03556,0042500202,DET-CLE,2,352,8,-1,false,true,-1,True,1,1
H1W03557,0042500202,DET-CLE,2,340,8,-1,false,true,1,True,1,0
H1W03558,0042500202,DET-CLE,2,328,8,-1,false,true,-1,True,1,0
H1W03559,0042500202,DET-CLE,2,318,6,1,false,true,1,True,3,0
H1W03560,0042500202,DET-CLE,2,308,8,-4,false,true,-1,True,3,0
H1W03561,0042500202,DET-CLE,2,288,7,0,false,true,2,True,4,0
H1W03562,0042500202,DET-CLE,2,271,9,-1,false,true,0,True,2,0
H1W03563,0042500202,DET-CLE,2,259,7,1,false,true,2,True,4,0
H1W03564,0042500202,DET-CLE,2,241,7,-1,false,true,2,True,6,1
H1W03565,0042500202,DET-CLE,2,235,7,1,false,true,4,True,4,1
H1W03566,0042500202,DET-CLE,2,229,9,-1,false,true,2,True,5,1
H1W03567,0042500202,DET-CLE,2,210,9,2,false,true,2,True,2,0
H1W03568,0042500202,DET-CLE,2,198,9,0,false,true,2,True,2,0
H1W03569,0042500202,DET-CLE,2,190,9,2,true,false,4,True,2,-1
H1W03570,0042500202,DET-CLE,2,166,11,2,true,false,0,True,2,-1
H1W03571,0042500202,DET-CLE,2,147,11,4,true,false,3,True,0,-1
H1W03572,0042500202,DET-CLE,2,139,11,2,true,false,0,False,,0
H1W03573,0042500202,DET-CLE,2,126,11,2,true,false,0,False,,-1
H1W03574,0042500202,DET-CLE,2,117,13,2,true,false,-2,False,,-1
H1W03575,0042500202,DET-CLE,2,103,11,4,true,false,2,False,,-1
H1W03576,0042500202,DET-CLE,2,81,14,0,true,false,-3,False,,-1
H1W03577,0042500202,DET-CLE,3,604,7,-1,false,true,-1,True,-1,0
H1W03578,0042500202,DET-CLE,3,580,9,-2,false,true,-3,True,-1,0
H1W03579,0042500202,DET-CLE,3,573,7,0,false,true,-1,True,-1,-1
H1W03580,0042500202,DET-CLE,3,554,9,-2,false,true,-3,True,-2,-1
H1W03581,0042500202,DET-CLE,3,539,6,1,false,true,2,True,-2,-1
H1W03582,0042500202,DET-CLE,3,517,6,-2,false,true,0,True,1,-1
H1W03583,0042500202,DET-CLE,3,509,6,-1,false,true,2,True,-2,-1
H1W03584,0042500202,DET-CLE,3,508,6,-3,false,true,0,True,-2,0
H1W03585,0042500202,DET-CLE,3,489,6,-1,false,true,1,True,-2,0
H1W03586,0042500202,DET-CLE,3,480,8,-3,false,true,-4,True,-4,0
H1W03587,0042500202,DET-CLE,3,458,6,2,false,true,1,True,-4,0
H1W03588,0042500202,DET-CLE,3,442,8,0,false,true,-4,True,-3,0
H1W03589,0042500202,DET-CLE,3,430,6,2,false,true,-2,True,-1,0
H1W03590,0042500202,DET-CLE,3,408,7,0,false,false,-3,True,-2,0
H1W03591,0042500202,DET-CLE,3,336,4,-4,false,true,1,True,0,0
H1W03592,0042500202,DET-CLE,3,315,4,-2,false,true,1,True,-3,0
H1W03593,0042500202,DET-CLE,3,295,4,-3,false,true,-1,True,-1,0
H1W03594,0042500202,DET-CLE,3,287,2,0,false,true,4,True,1,0
H1W03595,0042500202,DET-CLE,3,264,5,-5,false,true,-1,True,-2,0
H1W03596,0042500202,DET-CLE,3,237,5,1,false,true,-1,True,-2,0
H1W03597,0042500202,DET-CLE,3,220,5,1,false,true,-4,True,0,0
H1W03598,0042500202,DET-CLE,3,211,3,1,false,true,0,True,0,0
H1W03599,0042500202,DET-CLE,3,194,6,-1,false,true,-3,True,-3,0
H1W03600,0042500202,DET-CLE,3,126,1,-1,false,true,4,False,,0
H1W03601,0042500202,DET-CLE,3,102,3,-4,false,true,0,False,,0
H1W03602,0042500202,DET-CLE,3,86,3,0,false,true,0,False,,0
H1W03603,0042500202,DET-CLE,3,76,3,-3,false,true,-2,False,,0
H1W03604,0042500202,DET-CLE,3,58,3,-1,false,true,1,False,,0
H1W03605,0042500202,DET-CLE,4,334,3,2,false,true,2,True,3,0
H1W03606,0042500202,DET-CLE,4,315,5,-3,false,true,0,True,4,0
H1W03607,0042500202,DET-CLE,4,299,3,1,false,true,4,True,3,0
H1W03608,0042500202,DET-CLE,4,271,3,-1,false,true,3,True,5,0
H1W03609,0042500202,DET-CLE,4,257,3,1,false,true,3,True,3,-1
H1W03610,0042500202,DET-CLE,4,233,5,-2,true,false,1,True,1,-1
H1W03611,0042500202,DET-CLE,4,210,5,2,true,false,4,True,1,-1
H1W03612,0042500202,DET-CLE,4,193,7,0,true,false,-1,True,1,-1
H1W03613,0042500202,DET-CLE,4,181,6,4,true,false,2,True,2,-1
H1W03614,0042500202,DET-CLE,4,163,6,3,true,false,0,True,4,0
H1W03615,0042500202,DET-CLE,4,146,6,3,true,false,0,True,4,0
H1W03616,0042500202,DET-CLE,4,132,9,1,true,false,-3,False,,1
H1W03617,0042500202,DET-CLE,4,106,6,4,true,false,2,False,,1
H1W03618,0042500202,DET-CLE,4,82,8,-1,true,false,0,False,,1
H1W03619,0042500202,DET-CLE,4,76,6,2,true,false,4,False,,1
H1W03620,0042500202,DET-CLE,4,52,6,0,true,false,4,False,,1
H1W03621,0042500204,DET-CLE,1,568,0,0,false,true,5,True,9,1
H1W03622,0042500204,DET-CLE,1,562,0,0,false,true,5,True,9,0
H1W03623,0042500204,DET-CLE,1,556,3,-2,false,true,2,True,8,1
H1W03624,0042500204,DET-CLE,1,540,3,4,true,false,5,True,6,1
H1W03625,0042500204,DET-CLE,1,530,5,1,true,false,3,True,4,2
H1W03626,0042500204,DET-CLE,1,513,5,5,true,false,4,True,1,2
H1W03627,0042500204,DET-CLE,1,493,5,5,true,false,4,True,3,3
H1W03628,0042500204,DET-CLE,1,479,5,5,true,false,6,True,1,2
H1W03629,0042500204,DET-CLE,1,466,8,2,true,false,1,True,-2,2
H1W03630,0042500204,DET-CLE,1,449,8,5,true,false,1,True,-5,1
H1W03631,0042500204,DET-CLE,1,444,9,3,true,false,-3,True,-6,1
H1W03632,0042500204,DET-CLE,1,319,3,-3,false,true,-4,True,-4,-1
H1W03633,0042500204,DET-CLE,1,295,3,-6,false,true,-4,True,-4,-1
H1W03634,0042500204,DET-CLE,1,270,1,-3,false,true,-2,True,-2,-1
H1W03635,0042500204,DET-CLE,1,252,1,-7,false,true,-2,True,0,-1
H1W03636,0042500204,DET-CLE,1,245,-1,-5,false,true,0,True,-1,-1
H1W03637,0042500204,DET-CLE,1,223,-1,-7,false,true,0,True,0,1
H1W03638,0042500204,DET-CLE,1,205,-1,-4,false,true,0,True,-2,1
H1W03639,0042500204,DET-CLE,1,190,-1,-4,false,true,0,True,-2,1
H1W03640,0042500204,DET-CLE,1,177,-1,-2,false,true,2,True,-2,1
H1W03641,0042500204,DET-CLE,1,151,-1,-2,false,true,-1,True,-2,1
H1W03642,0042500204,DET-CLE,1,148,-1,0,false,true,0,False,,0
H1W03643,0042500204,DET-CLE,1,126,-1,0,false,false,-2,False,,0
H1W03644,0042500204,DET-CLE,2,615,-2,-2,false,true,-2,True,4,0
H1W03645,0042500204,DET-CLE,2,597,-4,3,false,true,2,True,6,0
H1W03646,0042500204,DET-CLE,2,579,-4,1,false,true,2,True,6,0
H1W03647,0042500204,DET-CLE,2,572,-4,3,false,true,5,True,4,0
H1W03648,0042500204,DET-CLE,2,563,-4,0,false,true,3,True,4,1
H1W03649,0042500204,DET-CLE,2,559,-4,1,false,true,6,True,4,0
H1W03650,0042500204,DET-CLE,2,556,-2,-2,true,false,4,True,2,0
H1W03651,0042500204,DET-CLE,2,537,-2,2,true,false,4,True,-1,0
H1W03652,0042500204,DET-CLE,2,529,1,2,true,false,-1,True,-1,0
H1W03653,0042500204,DET-CLE,2,515,-1,5,true,false,1,True,1,0
H1W03654,0042500204,DET-CLE,2,484,2,3,true,false,-2,True,-2,1
H1W03655,0042500204,DET-CLE,2,463,2,6,true,false,-2,True,-4,1
H1W03656,0042500204,DET-CLE,2,452,2,4,true,false,-5,True,-4,1
H1W03657,0042500204,DET-CLE,2,447,0,4,true,false,0,True,-4,1
H1W03658,0042500204,DET-CLE,2,431,0,-1,true,false,0,True,-2,2
H1W03659,0042500204,DET-CLE,2,423,0,1,true,false,0,True,-2,0
H1W03660,0042500204,DET-CLE,2,407,0,-2,true,false,-2,True,-1,0
H1W03661,0042500204,DET-CLE,2,139,-3,0,false,false,-1,False,,-1
H1W03662,0042500204,DET-CLE,2,127,-1,-2,false,false,-5,False,,-1
H1W03663,0042500204,DET-CLE,3,628,4,5,true,false,2,True,10,1
H1W03664,0042500204,DET-CLE,3,605,4,8,true,false,5,True,10,1
H1W03665,0042500204,DET-CLE,3,593,6,6,true,false,3,True,10,2
H1W03666,0042500204,DET-CLE,3,580,6,8,true,false,6,True,10,1
H1W03667,0042500204,DET-CLE,3,556,6,5,true,false,6,True,12,2
H1W03668,0042500204,DET-CLE,3,538,6,5,true,false,8,True,10,2
H1W03669,0042500204,DET-CLE,3,523,9,2,true,false,5,True,9,2
H1W03670,0042500204,DET-CLE,3,510,9,5,true,false,7,True,6,1
H1W03671,0042500204,DET-CLE,3,496,12,3,true,false,4,True,5,1
H1W03672,0042500204,DET-CLE,3,487,12,6,true,false,6,True,2,0
H1W03673,0042500204,DET-CLE,3,477,14,6,true,false,2,True,2,0
H1W03674,0042500204,DET-CLE,3,447,14,8,true,false,4,True,0,0
H1W03675,0042500204,DET-CLE,3,413,16,5,true,false,-1,True,-2,0
H1W03676,0042500204,DET-CLE,3,389,16,7,true,false,1,True,-4,0
H1W03677,0042500204,DET-CLE,3,374,18,4,true,false,-4,True,-6,0
H1W03678,0042500204,DET-CLE,3,357,16,6,true,false,0,True,-4,0
H1W03679,0042500204,DET-CLE,3,344,18,2,true,false,-4,True,-6,0
H1W03680,0042500204,DET-CLE,3,333,15,4,true,false,-1,True,-5,0
H1W03681,0042500204,DET-CLE,3,321,17,-1,true,false,-5,True,-5,0
H1W03682,0042500204,DET-CLE,3,309,14,1,true,false,-2,True,-2,0
H1W03683,0042500204,DET-CLE,3,285,16,-4,true,false,-4,True,-4,0
H1W03684,0042500204,DET-CLE,3,253,14,0,true,false,-2,True,-5,-1
H1W03685,0042500204,DET-CLE,3,230,14,-4,true,false,-4,True,-2,-1
H1W03686,0042500204,DET-CLE,3,223,12,-1,false,true,0,True,0,-1
H1W03687,0042500204,DET-CLE,3,198,12,-5,false,true,0,True,2,0
H1W03688,0042500204,DET-CLE,3,189,12,-2,false,true,0,True,0,0
H1W03689,0042500204,DET-CLE,3,167,12,-4,false,true,-3,True,3,1
H1W03690,0042500204,DET-CLE,3,160,10,-2,false,true,2,True,3,1
H1W03691,0042500204,DET-CLE,3,141,12,-4,false,true,0,False,,1
H1W03692,0042500204,DET-CLE,3,132,12,0,false,true,2,False,,0
H1W03693,0042500204,DET-CLE,3,117,12,0,false,true,0,False,,0
H1W03694,0042500204,DET-CLE,3,102,9,0,false,true,6,False,,0
H1W03695,0042500204,DET-CLE,3,91,12,-3,false,true,1,False,,0
H1W03696,0042500204,DET-CLE,4,598,19,4,true,false,0,True,-2,1
H1W03697,0042500204,DET-CLE,4,585,19,6,true,false,2,True,-5,0
H1W03698,0042500204,DET-CLE,4,566,19,4,true,false,0,True,-5,0
H1W03699,0042500204,DET-CLE,4,546,19,4,true,false,0,True,-5,0
H1W03700,0042500204,DET-CLE,4,538,21,2,true,false,-4,True,-5,0
H1W03701,0042500204,DET-CLE,4,527,19,4,true,false,-2,True,-3,0
H1W03702,0042500204,DET-CLE,4,518,21,0,true,false,-7,True,-2,0
H1W03703,0042500204,DET-CLE,4,500,19,2,true,false,-5,True,-2,0
H1W03704,0042500204,DET-CLE,4,475,19,0,true,false,-5,True,0,1
H1W03705,0042500204,DET-CLE,4,459,17,0,true,false,-1,True,0,1
H1W03706,0042500204,DET-CLE,4,422,17,-4,true,false,-1,True,0,1
H1W03707,0042500204,DET-CLE,4,416,14,-2,false,true,5,True,3,1
H1W03708,0042500204,DET-CLE,4,392,14,-7,false,true,3,True,3,1
H1W03709,0042500204,DET-CLE,4,376,14,-5,false,true,5,True,1,0
H1W03710,0042500204,DET-CLE,4,353,16,-5,false,true,1,True,1,0
H1W03711,0042500204,DET-CLE,4,329,16,-1,false,true,1,True,-1,0
H1W03712,0042500204,DET-CLE,4,319,19,-1,true,false,-2,True,-4,0
H1W03713,0042500204,DET-CLE,4,304,17,5,true,false,0,True,-5,0
H1W03714,0042500204,DET-CLE,4,283,19,3,true,false,-4,True,-7,0
H1W03715,0042500204,DET-CLE,4,262,17,5,true,false,0,True,-5,0
H1W03716,0042500204,DET-CLE,4,246,17,1,true,false,-2,True,-5,0
H1W03717,0042500204,DET-CLE,4,220,17,1,true,false,-2,True,-5,0
H1W03718,0042500204,DET-CLE,4,187,17,-2,true,false,-5,True,-5,0
H1W03719,0042500204,DET-CLE,4,175,15,0,false,true,-3,True,-5,0
H1W03720,0042500204,DET-CLE,4,168,17,-4,false,true,-5,True,-7,0
H1W03721,0042500204,DET-CLE,4,162,15,0,false,true,-3,True,-7,0
H1W03722,0042500204,DET-CLE,4,132,15,-2,false,true,-3,True,-5,1
H1W03723,0042500204,DET-CLE,4,127,12,-2,false,true,0,True,-2,0
H1W03724,0042500204,DET-CLE,4,105,12,-5,false,true,-2,True,-1,0
H1W03725,0042500204,DET-CLE,4,93,12,-3,false,true,-2,True,-3,-1
H1W03726,0042500204,DET-CLE,4,72,12,-5,false,true,-4,True,-3,-1
H1W03727,0042500204,DET-CLE,4,69,12,-3,false,true,-2,True,-3,-2
H1W03728,0042500204,DET-CLE,4,60,12,-3,false,true,-2,False,,0
H1W03729,0042500204,DET-CLE,4,59,10,0,false,true,1,False,,0
H1W03730,0042500204,DET-CLE,4,51,10,-2,false,true,-1,False,,1
H1W03731,0042500204,DET-CLE,4,49,8,-2,false,true,1,False,,0
H1W03732,0042500204,DET-CLE,4,42,10,-4,false,true,-1,False,,0
H1W03733,0042500205,DET-CLE,1,446,5,2,true,false,-4,True,-6,0
H1W03734,0042500205,DET-CLE,1,433,5,0,true,false,-4,True,-6,0
H1W03735,0042500205,DET-CLE,1,427,3,2,true,false,0,True,-4,0
H1W03736,0042500205,DET-CLE,1,400,3,0,true,false,-3,True,-1,0
H1W03737,0042500205,DET-CLE,1,400,1,0,true,false,1,True,-1,0
H1W03738,0042500205,DET-CLE,1,365,1,-4,true,false,-2,True,2,0
H1W03739,0042500205,DET-CLE,1,349,1,-4,true,false,-2,True,-1,-1
H1W03740,0042500205,DET-CLE,1,335,3,-4,true,false,-4,True,-3,0
H1W03741,0042500205,DET-CLE,1,323,0,0,true,false,2,True,-3,0
H1W03742,0042500205,DET-CLE,1,305,2,-3,true,false,-2,True,-5,0
H1W03743,0042500205,DET-CLE,1,297,-1,1,true,false,4,True,-2,0
H1W03744,0042500205,DET-CLE,1,278,-1,-2,false,true,1,True,0,1
H1W03745,0042500205,DET-CLE,1,272,-1,-2,false,true,1,True,0,0
H1W03746,0042500205,DET-CLE,1,262,2,-4,false,true,-5,True,-1,0
H1W03747,0042500205,DET-CLE,1,238,0,2,false,true,-3,True,-2,-1
H1W03748,0042500205,DET-CLE,1,219,3,-2,true,false,-6,True,-2,-1
H1W03749,0042500205,DET-CLE,1,203,0,4,true,false,-1,True,1,-1
H1W03750,0042500205,DET-CLE,1,177,0,1,true,false,-1,True,4,0
H1W03751,0042500205,DET-CLE,1,124,1,-1,true,false,3,False,,0
H1W03752,0042500205,DET-CLE,1,113,-2,4,true,false,6,False,,0
H1W03753,0042500205,DET-CLE,1,98,1,1,true,false,1,False,,0
H1W03754,0042500205,DET-CLE,1,80,1,4,true,false,1,False,,0
H1W03755,0042500205,DET-CLE,2,624,6,2,true,false,2,True,6,1
H1W03756,0042500205,DET-CLE,2,612,4,6,true,false,6,True,8,1
H1W03757,0042500205,DET-CLE,2,596,6,2,true,false,4,True,8,1
H1W03758,0042500205,DET-CLE,2,584,6,5,true,false,4,True,5,-1
H1W03759,0042500205,DET-CLE,2,563,8,2,true,false,2,True,3,-1
H1W03760,0042500205,DET-CLE,2,535,8,4,true,false,4,True,3,-1
H1W03761,0042500205,DET-CLE,2,514,10,2,true,false,2,True,1,0
H1W03762,0042500205,DET-CLE,2,497,10,6,true,false,4,True,-1,0
H1W03763,0042500205,DET-CLE,2,476,10,4,true,false,1,True,-1,1
H1W03764,0042500205,DET-CLE,2,240,7,-2,false,true,1,True,1,0
H1W03765,0042500205,DET-CLE,2,217,7,-3,false,true,1,True,3,1
H1W03766,0042500205,DET-CLE,2,206,7,-1,false,true,4,True,1,1
H1W03767,0042500205,DET-CLE,2,191,9,-1,false,true,-1,True,1,1
H1W03768,0042500205,DET-CLE,2,174,6,3,false,true,2,True,1,1
H1W03769,0042500205,DET-CLE,2,158,8,-2,true,false,0,True,-1,2
H1W03770,0042500205,DET-CLE,2,139,8,1,true,false,2,False,,1
H1W03771,0042500205,DET-CLE,2,136,11,1,true,false,-3,False,,1
H1W03772,0042500205,DET-CLE,2,118,8,4,true,false,2,False,,1
H1W03773,0042500205,DET-CLE,2,93,8,-1,true,false,-1,False,,1
H1W03774,0042500205,DET-CLE,2,90,8,2,true,false,-1,False,,0
H1W03775,0042500205,DET-CLE,3,601,5,-4,false,true,-1,True,-1,0
H1W03776,0042500205,DET-CLE,3,590,5,-2,false,true,1,True,-4,-1
H1W03777,0042500205,DET-CLE,3,572,5,-2,false,true,-1,True,-2,0
H1W03778,0042500205,DET-CLE,3,562,2,0,false,true,2,True,-1,-1
H1W03779,0042500205,DET-CLE,3,545,4,-3,false,true,0,True,-3,-1
H1W03780,0042500205,DET-CLE,3,521,4,1,false,true,0,True,-5,-1
H1W03781,0042500205,DET-CLE,3,506,6,-1,false,true,-5,True,-4,-1
H1W03782,0042500205,DET-CLE,3,416,1,0,false,true,1,True,0,0
H1W03783,0042500205,DET-CLE,3,395,3,-5,false,true,-2,True,0,0
H1W03784,0042500205,DET-CLE,3,385,1,-1,false,true,2,True,2,0
H1W03785,0042500205,DET-CLE,3,362,1,-3,false,true,-1,True,2,0
H1W03786,0042500205,DET-CLE,3,351,-1,-3,false,true,3,True,1,0
H1W03787,0042500205,DET-CLE,3,325,2,-5,false,true,-1,True,-1,0
H1W03788,0042500205,DET-CLE,3,299,1,1,false,true,2,True,-3,0
H1W03789,0042500205,DET-CLE,3,269,3,-2,false,true,0,True,-5,0
H1W03790,0042500205,DET-CLE,3,247,0,2,false,true,3,True,-4,-1
H1W03791,0042500205,DET-CLE,3,228,2,-1,false,true,-2,True,-4,-1
H1W03792,0042500205,DET-CLE,3,207,1,3,false,true,0,True,-6,-1
H1W03793,0042500205,DET-CLE,3,194,3,-1,false,true,-5,True,-8,-1
H1W03794,0042500205,DET-CLE,3,173,3,2,false,false,-5,True,-8,-1
H1W03795,0042500205,DET-CLE,3,120,-2,0,false,true,-3,False,,0
H1W03796,0042500205,DET-CLE,3,90,-2,-5,false,true,-3,False,,0
H1W03797,0042500205,DET-CLE,3,78,-4,-5,false,true,-1,False,,0
H1W03798,0042500205,DET-CLE,4,620,-2,5,false,false,-1,True,1,0
H1W03799,0042500205,DET-CLE,4,596,-2,0,false,false,-1,True,4,0
H1W03800,0042500205,DET-CLE,4,580,-5,0,false,false,2,True,7,0
H1W03801,0042500205,DET-CLE,4,557,-3,-3,false,false,0,True,5,1
H1W03802,0042500205,DET-CLE,4,526,-3,-1,false,false,2,True,5,1
H1W03803,0042500205,DET-CLE,4,517,-3,-3,false,false,2,True,8,2
H1W03804,0042500205,DET-CLE,4,445,-1,0,true,false,3,True,6,1
H1W03805,0042500205,DET-CLE,4,424,-1,2,true,false,6,True,6,0
H1W03806,0042500205,DET-CLE,4,401,2,2,true,false,3,True,6,0
H1W03807,0042500205,DET-CLE,4,368,2,5,true,false,5,True,3,0
H1W03808,0042500205,DET-CLE,4,346,2,5,true,false,3,True,6,0
H1W03809,0042500205,DET-CLE,4,328,2,5,true,false,3,True,4,0
H1W03810,0042500205,DET-CLE,4,325,5,3,true,false,0,True,1,0
H1W03811,0042500205,DET-CLE,4,308,5,6,true,false,3,True,-1,0
H1W03812,0042500205,DET-CLE,4,304,7,3,true,false,-2,True,-3,0
H1W03813,0042500205,DET-CLE,4,276,5,5,true,false,3,True,-4,0
H1W03814,0042500205,DET-CLE,4,248,5,3,true,false,1,True,-4,0
H1W03815,0042500205,DET-CLE,4,180,8,-2,true,false,-7,False,,0
H1W03816,0042500205,DET-CLE,4,156,6,3,true,false,-5,False,,0
H1W03817,0042500205,DET-CLE,4,125,6,1,true,false,-7,False,,0
H1W03818,0042500205,DET-CLE,4,118,4,1,true,false,-5,False,,0
H1W03819,0042500205,DET-CLE,4,94,4,-4,true,false,-5,False,,0
H1W03820,0042500206,DET-CLE,1,616,0,2,false,true,-1,True,-1,0
H1W03821,0042500206,DET-CLE,1,609,2,0,false,true,-6,True,0,0
H1W03822,0042500206,DET-CLE,1,581,2,2,false,true,-4,True,-2,0
H1W03823,0042500206,DET-CLE,1,569,2,0,false,true,-6,True,-2,0
H1W03824,0042500206,DET-CLE,1,420,2,0,true,false,-2,True,0,1
H1W03825,0042500206,DET-CLE,1,214,4,-3,true,false,2,True,0,-1
H1W03826,0042500206,DET-CLE,1,190,4,2,true,false,2,True,-3,-2
H1W03827,0042500206,DET-CLE,1,184,6,2,true,false,-2,True,-5,-2
H1W03828,0042500206,DET-CLE,1,159,6,7,true,false,-2,True,-5,-3
H1W03829,0042500206,DET-CLE,1,153,6,5,true,false,-2,True,-3,-2
H1W03830,0042500206,DET-CLE,1,147,6,5,true,false,-2,True,-6,-3
H1W03831,0042500206,DET-CLE,1,147,6,2,false,true,-5,True,-6,-2
H1W03832,0042500206,DET-CLE,1,127,4,2,false,true,-3,True,-6,-2
H1W03833,0042500206,DET-CLE,1,118,4,-2,false,true,-3,False,,0
H1W03834,0042500206,DET-CLE,1,103,4,-2,false,true,-1,False,,0
H1W03835,0042500206,DET-CLE,1,98,4,-2,false,true,-4,False,,1
H1W03836,0042500206,DET-CLE,1,85,1,-2,false,true,-1,False,,0
H1W03837,0042500206,DET-CLE,1,59,1,-5,false,true,-3,False,,0
H1W03838,0042500206,DET-CLE,2,643,-8,-6,false,true,0,True,-2,0
H1W03839,0042500206,DET-CLE,2,621,-10,-4,false,true,2,True,0,-1
H1W03840,0042500206,DET-CLE,2,605,-8,-6,false,true,-3,True,-2,-1
H1W03841,0042500206,DET-CLE,2,592,-8,-2,false,true,-3,True,-4,-2
H1W03842,0042500206,DET-CLE,2,583,-8,-2,false,true,-4,True,-2,-1
H1W03843,0042500206,DET-CLE,2,574,-8,0,false,true,-2,True,-2,-1
H1W03844,0042500206,DET-CLE,2,572,-8,0,false,true,-2,True,-2,1
H1W03845,0042500206,DET-CLE,2,570,-11,2,false,true,1,True,1,1
H1W03846,0042500206,DET-CLE,2,551,-11,-3,false,true,-1,True,4,1
H1W03847,0042500206,DET-CLE,2,549,-12,-3,false,true,2,True,3,1
H1W03848,0042500206,DET-CLE,2,528,-10,-4,false,true,0,True,1,2
H1W03849,0042500206,DET-CLE,2,508,-10,-2,false,true,0,True,-1,1
H1W03850,0042500206,DET-CLE,2,498,-10,-2,false,true,0,True,2,1
H1W03851,0042500206,DET-CLE,2,494,-12,1,false,true,5,True,3,1
H1W03852,0042500206,DET-CLE,2,469,-10,-1,false,true,1,True,1,1
H1W03853,0042500206,DET-CLE,2,466,-10,2,true,false,1,True,1,0
H1W03854,0042500206,DET-CLE,2,433,-10,0,true,false,-1,True,1,0
H1W03855,0042500206,DET-CLE,2,405,-10,0,true,false,2,True,-2,0
H1W03856,0042500206,DET-CLE,2,398,-7,0,true,false,-2,True,-3,0
H1W03857,0042500206,DET-CLE,2,370,-9,5,true,false,0,True,-1,0
H1W03858,0042500206,DET-CLE,2,352,-9,1,true,false,0,True,-1,0
H1W03859,0042500206,DET-CLE,2,342,-11,1,true,false,2,True,1,-1
H1W03860,0042500206,DET-CLE,2,326,-8,-1,true,false,-4,True,1,-1
H1W03861,0042500206,DET-CLE,2,314,-9,2,false,true,-1,True,-1,-1
H1W03862,0042500206,DET-CLE,2,286,-9,-2,false,true,-1,True,1,0
H1W03863,0042500206,DET-CLE,2,274,-9,0,false,true,-1,True,1,0
H1W03864,0042500206,DET-CLE,2,271,-9,0,false,true,-1,True,1,2
H1W03865,0042500206,DET-CLE,2,258,-12,2,false,true,5,True,2,2
H1W03866,0042500206,DET-CLE,2,241,-10,-4,false,true,0,True,2,2
H1W03867,0042500206,DET-CLE,2,231,-10,-1,false,true,2,True,2,1
H1W03868,0042500206,DET-CLE,2,221,-10,-1,false,true,2,True,4,1
H1W03869,0042500206,DET-CLE,2,220,-10,-1,true,false,2,True,4,0
H1W03870,0042500206,DET-CLE,2,205,-7,-1,true,false,-3,True,4,0
H1W03871,0042500206,DET-CLE,2,180,-10,5,true,false,2,True,7,0
H1W03872,0042500206,DET-CLE,2,165,-8,0,true,false,0,True,5,1
H1W03873,0042500206,DET-CLE,2,146,-8,2,true,false,2,True,5,1
H1W03874,0042500206,DET-CLE,2,134,-8,2,true,false,2,True,5,2
H1W03875,0042500206,DET-CLE,2,122,-10,2,true,false,7,False,,2
H1W03876,0042500206,DET-CLE,2,107,-8,-3,true,false,5,False,,2
H1W03877,0042500206,DET-CLE,2,94,-8,2,true,false,5,False,,0
H1W03878,0042500206,DET-CLE,2,91,-6,0,true,false,3,False,,0
H1W03879,0042500206,DET-CLE,2,80,-6,2,true,false,3,False,,-1
H1W03880,0042500206,DET-CLE,3,609,-10,-7,false,true,-3,True,-1,0
H1W03881,0042500206,DET-CLE,3,606,-12,-4,false,true,-1,True,1,0
H1W03882,0042500206,DET-CLE,3,587,-11,-6,false,true,-2,True,0,0
H1W03883,0042500206,DET-CLE,3,568,-13,-3,false,true,2,True,2,0
H1W03884,0042500206,DET-CLE,3,552,-11,-6,false,true,0,True,0,0
H1W03885,0042500206,DET-CLE,3,530,-13,-1,false,true,2,True,2,-1
H1W03886,0042500206,DET-CLE,3,514,-13,-3,false,true,2,True,2,-1
H1W03887,0042500206,DET-CLE,3,496,-13,-1,false,true,2,True,2,-1
H1W03888,0042500206,DET-CLE,3,486,-11,-2,false,true,0,True,2,0
H1W03889,0042500206,DET-CLE,3,458,-11,2,false,true,0,True,2,0
H1W03890,0042500206,DET-CLE,3,443,-11,0,false,true,0,True,4,1
H1W03891,0042500206,DET-CLE,3,426,-11,2,false,true,0,True,1,1
H1W03892,0042500206,DET-CLE,3,414,-11,2,false,true,0,True,3,1
H1W03893,0042500206,DET-CLE,3,413,-11,2,false,false,2,True,0,0
H1W03894,0042500206,DET-CLE,3,389,-11,0,false,false,2,True,3,0
H1W03895,0042500206,DET-CLE,3,373,-11,0,false,false,4,True,3,0
H1W03896,0042500206,DET-CLE,3,365,-11,0,false,false,1,True,5,0
H1W03897,0042500206,DET-CLE,3,324,-7,2,true,false,-1,True,-3,0
H1W03898,0042500206,DET-CLE,3,293,-10,4,true,false,4,True,-2,0
H1W03899,0042500206,DET-CLE,3,277,-8,1,true,false,1,True,-2,0
H1W03900,0042500206,DET-CLE,3,262,-11,3,true,false,4,True,1,0
H1W03901,0042500206,DET-CLE,3,206,-6,-1,true,false,-6,True,-6,0
H1W03902,0042500206,DET-CLE,3,185,-7,4,true,false,-3,True,-7,0
H1W03903,0042500206,DET-CLE,3,154,-7,1,true,false,-3,False,,0
H1W03904,0042500206,DET-CLE,3,127,-10,4,true,false,0,False,,0
H1W03905,0042500206,DET-CLE,3,114,-10,-2,true,false,-2,False,,0
H1W03906,0042500206,DET-CLE,3,97,-12,-2,true,false,0,False,,0
H1W03907,0042500206,DET-CLE,3,70,-10,-6,false,false,-4,False,,0
H1W03908,0042500206,DET-CLE,4,631,-12,0,true,false,0,True,0,0
H1W03909,0042500206,DET-CLE,4,620,-15,5,true,false,3,True,1,0
H1W03910,0042500206,DET-CLE,4,603,-13,-1,true,false,1,True,2,0
H1W03911,0042500206,DET-CLE,4,587,-15,1,true,false,3,True,2,0
H1W03912,0042500206,DET-CLE,4,577,-12,-1,true,false,-2,True,-1,0
H1W03913,0042500206,DET-CLE,4,536,-12,2,true,false,0,True,-3,0
H1W03914,0042500206,DET-CLE,4,527,-12,0,false,false,-2,True,-3,0
H1W03915,0042500206,DET-CLE,4,518,-12,3,false,false,1,True,-5,0
H1W03916,0042500206,DET-CLE,4,503,-12,1,false,false,-1,True,-4,0
H1W03917,0042500206,DET-CLE,4,488,-14,3,false,false,1,True,-4,0
H1W03918,0042500206,DET-CLE,4,466,-12,-2,false,false,-3,True,-3,0
H1W03919,0042500206,DET-CLE,4,453,-14,0,false,false,-1,True,-1,0
H1W03920,0042500206,DET-CLE,4,435,-11,-2,false,false,-6,True,-2,0
H1W03921,0042500206,DET-CLE,4,346,-15,-3,false,true,0,True,-3,0
H1W03922,0042500206,DET-CLE,4,329,-17,-1,false,true,4,True,-4,0
H1W03923,0042500206,DET-CLE,4,305,-16,-6,false,true,0,True,-3,0
H1W03924,0042500206,DET-CLE,4,282,-18,-3,false,true,2,True,-1,0
H1W03925,0042500206,DET-CLE,4,271,-15,-5,false,true,-3,True,-4,0
H1W03926,0042500206,DET-CLE,4,249,-15,0,false,true,-3,True,-7,0
H1W03927,0042500206,DET-CLE,4,236,-13,0,true,false,-8,True,-9,0
H1W03928,0042500206,DET-CLE,4,217,-16,4,true,false,-3,True,-6,0
H1W03929,0042500206,DET-CLE,4,197,-16,0,true,false,-3,True,-5,1
H1W03930,0042500206,DET-CLE,4,180,-18,2,false,true,-1,True,-3,0
H1W03931,0042500206,DET-CLE,4,161,-18,-3,false,true,-4,False,,0
H1W03932,0042500206,DET-CLE,4,142,-21,-3,false,true,-1,False,,0
H1W03933,0042500206,DET-CLE,4,120,-19,-8,false,true,-3,False,,1
H1W03934,0042500206,DET-CLE,4,105,-19,-3,false,true,-2,False,,0
H1W03935,0042500206,DET-CLE,4,102,-19,-3,false,true,-2,False,,2
H1W03936,0042500207,DET-CLE,1,629,-1,-1,false,false,-4,True,-1,0
H1W03937,0042500207,DET-CLE,1,611,-1,1,false,false,-4,True,-1,0
H1W03938,0042500207,DET-CLE,1,606,-1,-2,false,false,-4,True,0,0
H1W03939,0042500207,DET-CLE,1,597,-3,-2,false,false,1,True,2,0
H1W03940,0042500207,DET-CLE,1,569,-3,-4,false,false,1,True,2,0
H1W03941,0042500207,DET-CLE,1,563,-5,-2,false,false,3,True,4,0
H1W03942,0042500207,DET-CLE,1,536,-5,-4,false,false,3,True,4,0
H1W03943,0042500207,DET-CLE,1,523,-5,-4,false,false,4,True,4,0
H1W03944,0042500207,DET-CLE,1,514,-2,-4,false,false,1,True,1,0
H1W03945,0042500207,DET-CLE,1,444,-1,3,true,false,0,True,-1,0
H1W03946,0042500207,DET-CLE,1,426,-1,4,true,false,0,True,-1,0
H1W03947,0042500207,DET-CLE,1,425,-1,1,true,false,-3,True,1,1
H1W03948,0042500207,DET-CLE,1,410,-1,1,true,false,-1,True,-2,1
H1W03949,0042500207,DET-CLE,1,394,-1,1,true,false,-3,True,0,1
H1W03950,0042500207,DET-CLE,1,370,-1,1,true,false,-1,True,0,0
H1W03951,0042500207,DET-CLE,1,353,-1,0,true,false,-1,True,0,1
H1W03952,0042500207,DET-CLE,1,346,-4,0,true,false,4,True,1,1
H1W03953,0042500207,DET-CLE,1,277,-2,-1,true,false,1,True,-3,-1
H1W03954,0042500207,DET-CLE,1,273,0,-1,true,false,-3,True,-3,-1
H1W03955,0042500207,DET-CLE,1,254,-3,4,true,false,0,True,-3,-1
H1W03956,0042500207,DET-CLE,1,231,-1,-1,true,false,-5,True,-5,-1
H1W03957,0042500207,DET-CLE,1,222,-1,3,true,false,-3,True,-8,-1
H1W03958,0042500207,DET-CLE,1,217,-1,1,true,false,-4,True,-8,0
H1W03959,0042500207,DET-CLE,1,202,-3,1,true,false,0,True,-6,0
H1W03960,0042500207,DET-CLE,1,176,-3,-3,true,false,-3,True,-3,0
H1W03961,0042500207,DET-CLE,1,154,-6,0,false,true,0,True,-3,0
H1W03962,0042500207,DET-CLE,1,134,-4,-5,false,true,-5,False,,0
H1W03963,0042500207,DET-CLE,1,121,-5,-3,false,true,-4,False,,0
H1W03964,0042500207,DET-CLE,1,109,-3,-4,false,true,-6,False,,0
H1W03965,0042500207,DET-CLE,1,94,-6,0,false,true,0,False,,0
H1W03966,0042500207,DET-CLE,1,80,-6,-3,false,true,-3,False,,0
H1W03967,0042500207,DET-CLE,2,613,-8,-1,false,true,-4,True,-4,0
H1W03968,0042500207,DET-CLE,2,604,-10,-1,false,true,-2,True,-2,0
H1W03969,0042500207,DET-CLE,2,559,-10,-5,false,true,-2,True,-2,0
H1W03970,0042500207,DET-CLE,2,551,-11,-3,false,true,-1,True,-3,0
H1W03971,0042500207,DET-CLE,2,534,-11,-4,false,true,-4,True,-3,0
H1W03972,0042500207,DET-CLE,2,521,-12,-3,false,true,0,True,-4,0
H1W03973,0042500207,DET-CLE,2,500,-12,-4,false,true,0,True,-2,0
H1W03974,0042500207,DET-CLE,2,479,-12,-2,false,true,0,True,-3,-1
H1W03975,0042500207,DET-CLE,2,465,-12,-2,false,true,-2,True,-3,-1
H1W03976,0042500207,DET-CLE,2,450,-15,-1,false,true,1,True,0,-2
H1W03977,0042500207,DET-CLE,2,434,-12,-4,false,true,-4,True,-3,-2
H1W03978,0042500207,DET-CLE,2,421,-12,0,false,true,-2,True,-4,-2
H1W03979,0042500207,DET-CLE,2,389,-14,-2,false,true,-1,True,-2,0
H1W03980,0042500207,DET-CLE,2,378,-16,1,false,true,1,True,0,0
H1W03981,0042500207,DET-CLE,2,368,-14,-4,false,true,-2,True,-2,0
H1W03982,0042500207,DET-CLE,2,357,-15,-2,false,true,1,True,-3,0
H1W03983,0042500207,DET-CLE,2,343,-15,-3,false,true,-3,True,-3,1
H1W03984,0042500207,DET-CLE,2,333,-15,-1,false,true,-1,True,-5,0
H1W03985,0042500207,DET-CLE,2,325,-15,-1,false,true,-1,True,-3,0
H1W03986,0042500207,DET-CLE,2,306,-16,1,false,true,0,True,-2,0
H1W03987,0042500207,DET-CLE,2,292,-14,-2,false,true,-4,True,-1,0
H1W03988,0042500207,DET-CLE,2,281,-18,1,false,true,0,True,1,0
H1W03989,0042500207,DET-CLE,2,258,-16,-3,false,true,-4,True,-1,0
H1W03990,0042500207,DET-CLE,2,234,-16,-1,false,true,-2,True,-3,0
H1W03991,0042500207,DET-CLE,2,218,-16,-1,false,true,-2,True,-1,0
H1W03992,0042500207,DET-CLE,2,210,-18,0,false,true,3,True,-2,0
H1W03993,0042500207,DET-CLE,2,185,-18,-4,false,true,1,True,0,0
H1W03994,0042500207,DET-CLE,2,174,-20,0,false,true,3,True,0,0
H1W03995,0042500207,DET-CLE,2,155,-18,-4,false,true,-1,True,1,0
H1W03996,0042500207,DET-CLE,2,144,-18,-2,false,true,1,True,1,0
H1W03997,0042500207,DET-CLE,2,137,-15,-2,true,false,-5,False,,0
H1W03998,0042500207,DET-CLE,2,113,-17,3,true,false,-1,False,,0
H1W03999,0042500207,DET-CLE,2,99,-17,1,true,false,-3,False,,0
H1W04000,0042500207,DET-CLE,2,99,-19,3,true,false,2,False,,0
H1W04001,0042500207,DET-CLE,2,80,-17,-1,true,false,0,False,,0
H1W04002,0042500207,DET-CLE,3,641,-21,-2,false,true,2,True,0,0
H1W04003,0042500207,DET-CLE,3,434,-21,-2,false,false,2,True,2,-1
H1W04004,0042500207,DET-CLE,3,425,-18,-2,false,false,-2,True,1,-1
H1W04005,0042500207,DET-CLE,3,371,-19,2,false,true,0,True,0,0
H1W04006,0042500207,DET-CLE,3,364,-20,2,false,true,3,True,-1,0
H1W04007,0042500207,DET-CLE,3,348,-17,-2,false,true,-2,True,-4,0
H1W04008,0042500207,DET-CLE,3,332,-19,3,false,true,3,True,-4,0
H1W04009,0042500207,DET-CLE,3,307,-17,-2,false,true,-2,True,-6,0
H1W04010,0042500207,DET-CLE,3,285,-19,2,false,true,0,True,-5,0
H1W04011,0042500207,DET-CLE,3,269,-17,0,false,true,-4,True,-7,0
H1W04012,0042500207,DET-CLE,3,252,-19,3,false,true,-2,True,-7,0
H1W04013,0042500207,DET-CLE,3,235,-16,-2,false,true,-7,True,-7,0
H1W04014,0042500207,DET-CLE,3,177,-21,-4,false,true,-5,True,-3,-1
H1W04015,0042500207,DET-CLE,3,159,-23,-2,false,true,0,True,-3,-1
H1W04016,0042500207,DET-CLE,3,148,-23,-7,false,true,0,True,-3,0
H1W04017,0042500207,DET-CLE,4,626,-32,-6,false,true,0,True,-2,0
H1W04018,0042500207,DET-CLE,4,609,-32,-4,false,true,0,True,-2,-1
H1W04019,0042500207,DET-CLE,4,596,-30,-4,false,true,-2,True,-2,-1
H1W04020,0042500207,DET-CLE,4,576,-32,0,false,true,0,True,0,-1
H1W04021,0042500207,DET-CLE,4,565,-32,-2,false,true,-2,True,3,0
H1W04022,0042500207,DET-CLE,4,555,-32,0,false,true,-2,True,2,-1
H1W04023,0042500207,DET-CLE,4,542,-32,0,false,true,-2,True,2,-1
H1W04024,0042500207,DET-CLE,4,536,-32,0,false,true,0,True,-1,-1
H1W04025,0042500211,NYK-PHI,1,593,2,0,true,false,0,True,0,-1
H1W04026,0042500211,NYK-PHI,1,564,2,2,true,false,0,True,-2,-1
H1W04027,0042500211,NYK-PHI,1,559,5,2,true,false,-6,True,-5,-1
H1W04028,0042500211,NYK-PHI,1,543,5,5,true,false,-6,True,-8,-1
H1W04029,0042500211,NYK-PHI,1,530,5,3,true,false,-6,True,-6,0
H1W04030,0042500211,NYK-PHI,1,519,2,5,true,false,0,True,-3,0
H1W04031,0042500211,NYK-PHI,1,493,2,0,true,false,-2,True,-1,0
H1W04032,0042500211,NYK-PHI,1,481,-1,0,false,true,1,True,0,0
H1W04033,0042500211,NYK-PHI,1,450,-1,-6,false,true,-2,True,2,0
H1W04034,0042500211,NYK-PHI,1,439,-1,-6,false,true,0,True,0,0
H1W04035,0042500211,NYK-PHI,1,429,2,-6,false,true,-3,True,-1,0
H1W04036,0042500211,NYK-PHI,1,415,0,0,false,true,1,True,-1,0
H1W04037,0042500211,NYK-PHI,1,403,0,-2,false,true,-1,True,2,0
H1W04038,0042500211,NYK-PHI,1,395,-3,1,false,true,4,True,5,0
H1W04039,0042500211,NYK-PHI,1,380,-1,-2,false,true,0,True,6,0
H1W04040,0042500211,NYK-PHI,1,365,-1,0,false,true,2,True,6,0
H1W04041,0042500211,NYK-PHI,1,355,1,-3,false,true,-2,True,4,0
H1W04042,0042500211,NYK-PHI,1,333,-1,1,false,true,3,True,6,0
H1W04043,0042500211,NYK-PHI,1,319,1,-1,false,true,1,True,4,0
H1W04044,0042500211,NYK-PHI,1,297,-1,4,false,false,6,True,4,0
H1W04045,0042500211,NYK-PHI,1,272,1,0,false,false,4,True,5,0
H1W04046,0042500211,NYK-PHI,1,248,-1,2,false,false,6,True,7,0
H1W04047,0042500211,NYK-PHI,1,201,5,1,true,false,-2,True,-1,0
H1W04048,0042500211,NYK-PHI,1,178,5,6,true,false,1,True,-1,0
H1W04049,0042500211,NYK-PHI,1,173,5,4,true,false,1,True,1,1
H1W04050,0042500211,NYK-PHI,1,161,5,6,true,false,1,True,1,0
H1W04051,0042500211,NYK-PHI,1,157,5,3,true,false,-1,True,3,0
H1W04052,0042500211,NYK-PHI,1,150,3,3,true,false,1,True,5,0
H1W04053,0042500211,NYK-PHI,1,136,6,-2,true,false,-2,True,4,0
H1W04054,0042500211,NYK-PHI,1,124,6,1,true,false,0,True,2,-1
H1W04055,0042500211,NYK-PHI,1,123,6,1,true,false,0,True,2,1
H1W04056,0042500211,NYK-PHI,1,119,4,1,true,false,4,False,,1
H1W04057,0042500211,NYK-PHI,1,99,4,-1,true,false,4,False,,1
H1W04058,0042500211,NYK-PHI,1,90,4,1,true,false,6,False,,1
H1W04059,0042500211,NYK-PHI,2,553,9,-3,false,true,2,True,2,1
H1W04060,0042500211,NYK-PHI,2,539,9,0,false,true,2,True,0,0
H1W04061,0042500211,NYK-PHI,2,537,11,-2,false,true,-2,True,1,0
H1W04062,0042500211,NYK-PHI,2,523,8,2,false,true,3,True,2,0
H1W04063,0042500211,NYK-PHI,2,506,11,-1,false,true,0,True,-1,1
H1W04064,0042500211,NYK-PHI,2,489,11,2,false,true,0,True,-1,1
H1W04065,0042500211,NYK-PHI,2,479,11,2,false,true,-2,True,1,1
H1W04066,0042500211,NYK-PHI,2,472,9,2,false,true,3,True,3,1
H1W04067,0042500211,NYK-PHI,2,457,11,-2,false,true,-1,True,1,1
H1W04068,0042500211,NYK-PHI,2,443,11,3,false,true,-1,True,1,0
H1W04069,0042500211,NYK-PHI,2,378,10,3,false,true,2,True,6,1
H1W04070,0042500211,NYK-PHI,2,360,10,-1,false,true,2,True,8,1
H1W04071,0042500211,NYK-PHI,2,342,10,-1,false,true,4,True,5,1
H1W04072,0042500211,NYK-PHI,2,336,12,-1,false,true,2,True,5,1
H1W04073,0042500211,NYK-PHI,2,322,12,3,true,false,4,True,2,0
H1W04074,0042500211,NYK-PHI,2,315,12,0,true,false,4,True,5,0
H1W04075,0042500211,NYK-PHI,2,309,12,2,true,false,6,True,5,0
H1W04076,0042500211,NYK-PHI,2,294,14,2,true,false,1,True,4,0
H1W04077,0042500211,NYK-PHI,2,266,14,4,true,false,3,True,2,0
H1W04078,0042500211,NYK-PHI,2,242,16,2,true,false,-2,True,2,0
H1W04079,0042500211,NYK-PHI,2,226,16,4,true,false,1,True,0,0
H1W04080,0042500211,NYK-PHI,2,208,18,4,true,false,-1,True,1,0
H1W04081,0042500211,NYK-PHI,2,189,15,6,true,false,3,True,2,0
H1W04082,0042500211,NYK-PHI,2,175,17,1,true,false,-1,True,3,0
H1W04083,0042500211,NYK-PHI,2,160,14,3,true,false,4,True,6,0
H1W04084,0042500211,NYK-PHI,2,143,17,-2,true,false,-1,True,6,0
H1W04085,0042500211,NYK-PHI,2,122,17,1,true,false,2,False,,0
H1W04086,0042500211,NYK-PHI,2,119,18,-1,true,false,-1,False,,0
H1W04087,0042500211,NYK-PHI,2,109,16,3,true,false,4,False,,0
H1W04088,0042500211,NYK-PHI,2,97,18,-1,true,false,2,False,,0
H1W04089,0042500211,NYK-PHI,2,80,16,4,true,false,7,False,,0
H1W04090,0042500211,NYK-PHI,3,635,23,0,false,true,1,True,2,0
H1W04091,0042500211,NYK-PHI,3,520,25,4,true,false,5,True,3,0
H1W04092,0042500211,NYK-PHI,3,500,27,0,true,false,1,True,1,0
H1W04093,0042500211,NYK-PHI,3,479,25,5,true,false,3,True,3,0
H1W04094,0042500211,NYK-PHI,3,457,27,1,true,false,1,True,4,0
H1W04095,0042500211,NYK-PHI,3,438,27,3,true,false,4,True,1,0
H1W04096,0042500211,NYK-PHI,3,427,30,0,true,false,-2,True,-2,0
H1W04097,0042500211,NYK-PHI,3,417,28,5,true,false,0,True,0,0
H1W04098,0042500211,NYK-PHI,3,402,28,1,true,false,0,True,0,1
H1W04099,0042500211,NYK-PHI,3,389,28,3,true,false,3,True,0,1
H1W04100,0042500211,NYK-PHI,3,382,31,1,true,false,-3,True,-3,1
H1W04101,0042500211,NYK-PHI,3,363,28,4,true,false,0,True,-3,1
H1W04102,0042500211,NYK-PHI,3,346,28,-2,true,false,0,True,-3,1
H1W04103,0042500211,NYK-PHI,3,344,28,0,true,false,0,True,-3,0
H1W04104,0042500211,NYK-PHI,3,328,31,0,true,false,-3,True,-4,1
H1W04105,0042500211,NYK-PHI,3,310,28,3,true,false,0,True,-1,0
H1W04106,0042500211,NYK-PHI,3,286,28,-3,true,false,-3,True,1,0
H1W04107,0042500211,NYK-PHI,3,275,28,0,true,false,-3,True,-1,-1
H1W04108,0042500211,NYK-PHI,3,253,28,0,true,false,-3,True,1,-1
H1W04109,0042500211,NYK-PHI,3,248,28,0,true,false,-1,True,1,-2
H1W04110,0042500211,NYK-PHI,3,232,28,-3,true,false,-1,True,3,-1
H1W04111,0042500211,NYK-PHI,3,202,25,0,false,true,4,True,6,-1
H1W04112,0042500211,NYK-PHI,3,180,25,-3,false,true,2,True,8,0
H1W04113,0042500211,NYK-PHI,3,166,25,-3,false,true,4,True,6,0
H1W04114,0042500211,NYK-PHI,3,160,27,-3,false,true,2,True,7,1
H1W04115,0042500211,NYK-PHI,3,136,27,-1,false,true,4,True,4,1
H1W04116,0042500211,NYK-PHI,3,125,29,-1,false,true,2,False,,1
H1W04117,0042500211,NYK-PHI,3,113,27,4,false,true,6,False,,1
H1W04118,0042500211,NYK-PHI,3,98,29,2,false,true,2,False,,1
H1W04119,0042500211,NYK-PHI,3,85,29,4,false,true,5,False,,0
H1W04120,0042500211,NYK-PHI,3,67,31,2,false,true,0,False,,0
H1W04121,0042500211,NYK-PHI,4,604,31,0,true,false,1,True,-1,0
H1W04122,0042500211,NYK-PHI,4,599,34,0,true,false,-2,True,-4,0
H1W04123,0042500211,NYK-PHI,4,580,32,3,true,false,0,True,-4,0
H1W04124,0042500211,NYK-PHI,4,567,32,1,true,false,0,True,-2,0
H1W04125,0042500211,NYK-PHI,4,562,29,1,true,false,3,True,1,-1
H1W04126,0042500211,NYK-PHI,4,537,32,-2,true,false,-2,True,0,-1
H1W04127,0042500211,NYK-PHI,4,509,32,1,true,false,-2,True,0,-1
H1W04128,0042500211,NYK-PHI,4,494,32,-2,true,false,-4,True,0,-1
H1W04129,0042500211,NYK-PHI,4,480,32,0,true,false,-2,True,-1,-1
H1W04130,0042500211,NYK-PHI,4,475,32,0,true,false,-2,True,-1,1
H1W04131,0042500211,NYK-PHI,4,467,30,3,false,true,2,True,1,1
H1W04132,0042500211,NYK-PHI,4,452,30,-2,false,true,2,False,,2
H1W04133,0042500211,NYK-PHI,4,438,28,-2,false,true,4,False,,2
H1W04134,0042500211,NYK-PHI,4,426,30,-4,false,true,1,False,,2
H1W04135,0042500211,NYK-PHI,4,416,30,-2,false,true,1,False,,0
H1W04136,0042500211,NYK-PHI,4,406,32,-2,false,true,-1,False,,0
H1W04137,0042500212,NYK-PHI,1,612,-2,1,false,false,3,True,-3,1
H1W04138,0042500212,NYK-PHI,1,590,-2,-2,false,false,3,True,-3,3
H1W04139,0042500212,NYK-PHI,1,539,1,3,true,false,-3,True,-8,1
H1W04140,0042500212,NYK-PHI,1,523,1,0,true,false,-6,True,-6,1
H1W04141,0042500212,NYK-PHI,1,410,-3,0,true,false,2,True,2,0
H1W04142,0042500212,NYK-PHI,1,393,-3,4,true,false,4,True,-1,0
H1W04143,0042500212,NYK-PHI,1,389,-1,4,true,false,2,True,-1,0
H1W04144,0042500212,NYK-PHI,1,363,-3,6,true,false,4,True,-2,0
H1W04145,0042500212,NYK-PHI,1,354,-1,2,true,false,0,True,-2,0
H1W04146,0042500212,NYK-PHI,1,337,-1,4,true,false,0,True,-2,0
H1W04147,0042500212,NYK-PHI,1,327,1,2,true,false,-5,True,-4,0
H1W04148,0042500212,NYK-PHI,1,288,1,4,true,false,-3,True,-5,0
H1W04149,0042500212,NYK-PHI,1,278,1,2,true,false,-6,True,-3,0
H1W04150,0042500212,NYK-PHI,1,269,-1,4,true,false,-2,True,-2,0
H1W04151,0042500212,NYK-PHI,1,252,-1,0,true,false,-2,True,1,0
H1W04152,0042500212,NYK-PHI,1,238,-4,0,false,true,1,True,4,-1
H1W04153,0042500212,NYK-PHI,1,219,-2,-5,false,true,-2,True,4,-1
H1W04154,0042500212,NYK-PHI,1,205,-5,-3,false,true,3,True,6,-1
H1W04155,0042500212,NYK-PHI,1,185,-3,-6,false,true,0,True,4,-1
H1W04156,0042500212,NYK-PHI,1,167,-3,-2,false,true,3,True,2,-1
H1W04157,0042500212,NYK-PHI,1,83,2,3,true,false,-4,False,,0
H1W04158,0042500212,NYK-PHI,1,70,1,6,true,false,-3,False,,0
H1W04159,0042500212,NYK-PHI,2,620,-5,0,false,true,4,True,1,0
H1W04160,0042500212,NYK-PHI,2,608,-3,-3,false,true,0,True,-1,0
H1W04161,0042500212,NYK-PHI,2,599,-6,1,false,true,3,True,2,-1
H1W04162,0042500212,NYK-PHI,2,584,-4,-2,false,true,-1,True,0,-1
H1W04163,0042500212,NYK-PHI,2,568,-4,0,false,true,1,True,-2,-1
H1W04164,0042500212,NYK-PHI,2,563,-1,0,true,false,-3,True,-3,-1
H1W04165,0042500212,NYK-PHI,2,547,-3,4,true,false,-1,True,-3,-1
H1W04166,0042500212,NYK-PHI,2,532,-3,0,true,false,-1,True,-1,0
H1W04167,0042500212,NYK-PHI,2,514,-5,3,true,false,1,True,1,-1
H1W04168,0042500212,NYK-PHI,2,495,-3,-1,true,false,-3,True,-1,-1
H1W04169,0042500212,NYK-PHI,2,467,-4,1,false,true,0,True,-2,-1
H1W04170,0042500212,NYK-PHI,2,437,-4,-3,false,true,-2,True,0,-1
H1W04171,0042500212,NYK-PHI,2,428,-4,-1,false,true,0,True,0,-1
H1W04172,0042500212,NYK-PHI,2,287,-4,0,false,false,2,True,2,0
H1W04173,0042500212,NYK-PHI,2,287,-6,0,false,false,6,True,4,0
H1W04174,0042500212,NYK-PHI,2,213,0,2,true,false,-2,True,4,0
H1W04175,0042500212,NYK-PHI,2,186,-3,6,true,false,2,True,4,0
H1W04176,0042500212,NYK-PHI,2,175,-3,2,true,false,2,True,4,0
H1W04177,0042500212,NYK-PHI,2,157,-3,2,true,false,4,True,1,0
H1W04178,0042500212,NYK-PHI,2,139,-3,0,true,false,4,True,2,0
H1W04179,0042500212,NYK-PHI,2,112,-3,0,true,false,6,True,2,0
H1W04180,0042500212,NYK-PHI,2,42,3,4,true,false,-4,False,,0
H1W04181,0042500212,NYK-PHI,3,421,-1,-2,false,false,1,True,2,1
H1W04182,0042500212,NYK-PHI,3,407,-4,3,false,false,4,True,5,1
H1W04183,0042500212,NYK-PHI,3,391,-2,-3,false,false,2,True,3,1
H1W04184,0042500212,NYK-PHI,3,376,-2,1,false,false,3,True,3,0
H1W04185,0042500212,NYK-PHI,3,363,0,-1,false,false,-1,True,3,0
H1W04186,0042500212,NYK-PHI,3,293,1,2,true,false,0,True,-1,1
H1W04187,0042500212,NYK-PHI,3,271,-1,3,true,false,4,True,1,1
H1W04188,0042500212,NYK-PHI,3,264,1,-1,true,false,0,True,2,1
H1W04189,0042500212,NYK-PHI,3,241,1,1,true,false,0,True,0,0
H1W04190,0042500212,NYK-PHI,3,226,1,1,true,false,-3,True,0,1
H1W04191,0042500212,NYK-PHI,3,77,3,-3,true,false,-4,False,,-1
H1W04192,0042500212,NYK-PHI,4,614,-3,-2,false,true,3,True,5,-1
H1W04193,0042500212,NYK-PHI,4,609,-3,-2,false,true,1,True,5,0
H1W04194,0042500212,NYK-PHI,4,598,-3,-2,false,true,3,True,3,0
H1W04195,0042500212,NYK-PHI,4,589,0,-2,false,true,0,True,0,0
H1W04196,0042500212,NYK-PHI,4,558,0,3,false,true,2,True,-3,0
H1W04197,0042500212,NYK-PHI,4,534,0,3,false,true,2,True,0,0
H1W04198,0042500212,NYK-PHI,4,523,-2,3,false,true,4,True,2,-1
H1W04199,0042500212,NYK-PHI,4,510,0,1,false,true,0,True,0,-1
H1W04200,0042500212,NYK-PHI,4,485,0,3,false,true,0,True,0,-1
H1W04201,0042500212,NYK-PHI,4,477,2,0,false,true,-5,True,0,-1
H1W04202,0042500212,NYK-PHI,4,453,2,2,false,true,-2,True,0,-1
H1W04203,0042500212,NYK-PHI,4,176,6,2,true,false,-1,True,0,1
H1W04204,0042500212,NYK-PHI,4,159,6,4,true,false,1,True,0,0
H1W04205,0042500212,NYK-PHI,4,141,6,4,true,false,-1,False,,1
H1W04206,0042500212,NYK-PHI,4,128,6,4,true,false,-1,False,,0
H1W04207,0042500212,NYK-PHI,4,109,6,2,true,false,-1,False,,0
H1W04208,0042500212,NYK-PHI,4,91,5,2,true,false,1,False,,0
H1W04209,0042500212,NYK-PHI,4,66,7,-1,true,false,-1,False,,0
H1W04210,0042500213,NYK-PHI,1,649,7,7,true,false,0,True,-4,0
H1W04211,0042500213,NYK-PHI,1,643,7,5,true,false,0,True,-2,0
H1W04212,0042500213,NYK-PHI,1,627,7,5,true,false,0,True,-4,-1
H1W04213,0042500213,NYK-PHI,1,613,9,2,true,false,-4,True,-4,-1
H1W04214,0042500213,NYK-PHI,1,603,7,4,true,false,-2,True,-2,-1
H1W04215,0042500213,NYK-PHI,1,575,7,0,true,false,-4,True,0,-1
H1W04216,0042500213,NYK-PHI,1,552,7,0,true,false,-2,True,0,-1
H1W04217,0042500213,NYK-PHI,1,547,7,0,true,false,-4,True,2,0
H1W04218,0042500213,NYK-PHI,1,536,5,0,true,false,0,True,4,0
H1W04219,0042500213,NYK-PHI,1,518,5,-4,true,false,0,True,7,1
H1W04220,0042500213,NYK-PHI,1,445,7,0,true,false,3,True,4,1
H1W04221,0042500213,NYK-PHI,1,426,7,4,true,false,3,True,1,0
H1W04222,0042500213,NYK-PHI,1,413,9,2,true,false,1,True,1,1
H1W04223,0042500213,NYK-PHI,1,401,9,6,true,false,1,True,-2,0
H1W04224,0042500213,NYK-PHI,1,387,12,4,true,false,-4,True,-3,0
H1W04225,0042500213,NYK-PHI,1,357,10,7,true,false,1,True,-1,0
H1W04226,0042500213,NYK-PHI,1,342,10,3,true,false,-2,True,-1,1
H1W04227,0042500213,NYK-PHI,1,328,10,3,true,false,0,True,-3,0
H1W04228,0042500213,NYK-PHI,1,309,10,1,true,false,-3,True,-3,0
H1W04229,0042500213,NYK-PHI,1,305,8,1,true,false,1,True,-1,0
H1W04230,0042500213,NYK-PHI,1,284,11,-4,true,false,-2,True,-2,1
H1W04231,0042500213,NYK-PHI,1,267,8,1,true,false,1,True,-1,1
H1W04232,0042500213,NYK-PHI,1,256,10,-2,true,false,-3,True,-3,1
H1W04233,0042500213,NYK-PHI,1,243,7,0,true,false,0,True,-3,1
H1W04234,0042500213,NYK-PHI,1,219,9,-3,true,false,-2,True,-3,2
H1W04235,0042500213,NYK-PHI,1,196,9,1,true,false,0,True,-3,1
H1W04236,0042500213,NYK-PHI,1,174,9,-2,true,false,-2,True,-3,1
H1W04237,0042500213,NYK-PHI,1,153,7,1,true,false,0,True,-3,1
H1W04238,0042500213,NYK-PHI,1,137,7,-3,true,false,-3,True,-3,1
H1W04239,0042500213,NYK-PHI,2,601,2,-2,false,false,-2,True,-6,0
H1W04240,0042500213,NYK-PHI,2,597,0,0,false,false,0,True,-5,0
H1W04241,0042500213,NYK-PHI,2,572,0,-4,false,false,-3,True,-3,0
H1W04242,0042500213,NYK-PHI,2,558,0,-2,false,false,-3,True,-6,0
H1W04243,0042500213,NYK-PHI,2,556,2,-2,false,false,-7,True,-8,0
H1W04244,0042500213,NYK-PHI,2,500,-3,0,false,true,0,True,-3,0
H1W04245,0042500213,NYK-PHI,2,464,-3,-3,false,true,-3,True,-3,0
H1W04246,0042500213,NYK-PHI,2,441,-5,-3,false,true,-1,True,-4,0
H1W04247,0042500213,NYK-PHI,2,429,-4,-7,false,true,-2,True,-3,0
H1W04248,0042500213,NYK-PHI,2,413,-5,-4,false,true,1,True,-5,0
H1W04249,0042500213,NYK-PHI,2,400,-3,-5,false,true,-3,True,-7,0
H1W04250,0042500213,NYK-PHI,2,371,-6,0,false,true,0,True,-6,-1
H1W04251,0042500213,NYK-PHI,2,346,-6,-3,false,true,-3,True,-6,-1
H1W04252,0042500213,NYK-PHI,2,334,-6,-1,false,true,-1,True,-6,-1
H1W04253,0042500213,NYK-PHI,2,327,-4,-2,true,false,-6,True,-6,-1
H1W04254,0042500213,NYK-PHI,2,301,-6,1,true,false,-4,True,-4,-1
H1W04255,0042500213,NYK-PHI,2,285,-6,-3,true,false,-6,True,-3,0
H1W04256,0042500213,NYK-PHI,2,281,-9,0,false,true,-3,True,-2,-1
H1W04257,0042500213,NYK-PHI,2,270,-7,-3,false,true,-5,True,-2,0
H1W04258,0042500213,NYK-PHI,2,252,-10,-1,false,true,0,True,1,0
H1W04259,0042500213,NYK-PHI,2,236,-10,-6,false,true,0,True,1,0
H1W04260,0042500213,NYK-PHI,2,218,-12,-4,false,true,3,True,1,0
H1W04261,0042500213,NYK-PHI,2,207,-12,-6,false,true,1,True,1,1
H1W04262,0042500213,NYK-PHI,2,206,-12,-3,false,true,3,True,1,0
H1W04263,0042500213,NYK-PHI,2,200,-10,-5,false,true,1,True,1,0
H1W04264,0042500213,NYK-PHI,2,183,-10,0,false,true,1,True,-1,-1
H1W04265,0042500213,NYK-PHI,2,177,-9,0,false,true,-2,True,1,-1
H1W04266,0042500213,NYK-PHI,2,153,-11,3,false,true,0,False,,-2
H1W04267,0042500213,NYK-PHI,2,134,-9,1,false,true,-2,False,,-2
H1W04268,0042500213,NYK-PHI,2,112,-9,3,false,false,0,False,,-2
H1W04269,0042500213,NYK-PHI,3,441,-7,2,false,false,0,True,1,0
H1W04270,0042500213,NYK-PHI,3,431,-9,4,false,false,4,True,3,0
H1W04271,0042500213,NYK-PHI,3,415,-7,0,false,false,0,True,3,0
H1W04272,0042500213,NYK-PHI,3,400,-7,2,false,false,0,True,3,0
H1W04273,0042500213,NYK-PHI,3,379,-5,0,false,false,-4,True,1,0
H1W04274,0042500213,NYK-PHI,3,360,-7,2,false,false,1,True,2,0
H1W04275,0042500213,NYK-PHI,3,345,-5,0,false,false,-1,True,0,1
H1W04276,0042500213,NYK-PHI,3,329,-7,4,false,false,3,True,2,1
H1W04277,0042500213,NYK-PHI,3,309,-7,0,false,false,3,True,4,1
H1W04278,0042500213,NYK-PHI,3,295,-9,0,false,false,5,True,5,0
H1W04279,0042500213,NYK-PHI,3,187,-5,1,false,true,1,True,-1,0
H1W04280,0042500213,NYK-PHI,3,177,-3,-1,false,true,-1,True,-3,0
H1W04281,0042500213,NYK-PHI,3,173,-4,1,false,true,0,True,-5,0
H1W04282,0042500213,NYK-PHI,3,148,-2,0,false,true,-2,True,-7,0
H1W04283,0042500213,NYK-PHI,3,143,-4,3,false,true,0,False,,0
H1W04284,0042500213,NYK-PHI,3,127,-4,1,false,true,-2,False,,0
H1W04285,0042500213,NYK-PHI,3,111,-4,1,false,true,-2,False,,0
H1W04286,0042500213,NYK-PHI,3,95,-4,-1,false,true,-5,False,,0
H1W04287,0042500213,NYK-PHI,3,77,-4,0,false,true,-5,False,,0
H1W04288,0042500213,NYK-PHI,4,607,-9,0,false,true,5,True,1,0
H1W04289,0042500213,NYK-PHI,4,598,-7,0,false,true,1,True,1,0
H1W04290,0042500213,NYK-PHI,4,570,-7,4,true,false,1,True,-2,0
H1W04291,0042500213,NYK-PHI,4,557,-7,1,true,false,-1,True,-2,0
H1W04292,0042500213,NYK-PHI,4,541,-7,2,true,false,-1,True,-4,0
H1W04293,0042500213,NYK-PHI,4,534,-4,2,true,false,-4,True,-7,1
H1W04294,0042500213,NYK-PHI,4,519,-6,5,true,false,0,True,-7,1
H1W04295,0042500213,NYK-PHI,4,497,-6,1,true,false,-3,True,-7,1
H1W04296,0042500213,NYK-PHI,4,484,-8,1,true,false,-1,True,-5,1
H1W04297,0042500213,NYK-PHI,4,461,-8,-1,true,false,-3,True,-5,1
H1W04298,0042500213,NYK-PHI,4,451,-8,-1,true,false,-3,True,-7,-1
H1W04299,0042500213,NYK-PHI,4,447,-6,-4,true,false,-7,True,-6,-1
H1W04300,0042500213,NYK-PHI,4,423,-9,0,true,false,-4,True,-5,-2
H1W04301,0042500213,NYK-PHI,4,393,-9,-3,true,false,-4,True,-5,-2
H1W04302,0042500213,NYK-PHI,4,392,-11,-1,false,true,-2,True,-5,-2
H1W04303,0042500213,NYK-PHI,4,360,-11,-3,false,true,-4,True,-5,-1
H1W04304,0042500213,NYK-PHI,4,354,-13,-3,false,true,1,True,-3,-1
H1W04305,0042500213,NYK-PHI,4,340,-13,-7,false,true,-1,True,-1,0
H1W04306,0042500213,NYK-PHI,4,323,-13,-4,false,true,-1,True,-1,0
H1W04307,0042500213,NYK-PHI,4,308,-13,-4,false,true,-3,True,-1,0
H1W04308,0042500213,NYK-PHI,4,288,-15,-2,false,true,-1,True,-1,0
H1W04309,0042500213,NYK-PHI,4,260,-12,-4,false,true,-4,True,-3,0
H1W04310,0042500213,NYK-PHI,4,242,-14,1,false,true,0,True,-1,0
H1W04311,0042500213,NYK-PHI,4,230,-14,-1,false,true,0,True,1,0
H1W04312,0042500213,NYK-PHI,4,226,-16,-1,false,true,2,True,2,0
H1W04313,0042500213,NYK-PHI,4,211,-16,-3,false,true,0,True,2,0
H1W04314,0042500213,NYK-PHI,4,195,-16,-1,false,true,1,True,2,0
H1W04315,0042500213,NYK-PHI,4,186,-14,-4,false,true,-1,True,0,1
H1W04316,0042500213,NYK-PHI,4,155,-14,0,false,true,1,True,0,1
H1W04317,0042500213,NYK-PHI,4,142,-14,0,false,true,0,True,0,1
H1W04318,0042500213,NYK-PHI,4,125,-16,2,false,true,2,False,,1
H1W04319,0042500213,NYK-PHI,4,119,-15,0,false,true,1,False,,1
H1W04320,0042500213,NYK-PHI,4,102,-15,1,false,true,1,False,,0
H1W04321,0042500214,NYK-PHI,1,594,-3,-3,false,true,-1,True,-5,0
H1W04322,0042500214,NYK-PHI,1,587,-1,-5,false,true,-3,True,-7,0
H1W04323,0042500214,NYK-PHI,1,569,-4,-1,false,true,0,True,-7,0
H1W04324,0042500214,NYK-PHI,1,550,-4,-4,false,true,-3,True,-7,0
H1W04325,0042500214,NYK-PHI,1,544,-4,-1,false,true,-1,True,-10,0
H1W04326,0042500214,NYK-PHI,1,530,-4,-1,false,true,-4,True,-8,0
H1W04327,0042500214,NYK-PHI,1,516,-4,-1,false,false,-4,True,-10,-1
H1W04328,0042500214,NYK-PHI,1,505,-4,-3,false,false,-7,True,-7,-1
H1W04329,0042500214,NYK-PHI,1,456,-8,-4,false,true,-6,True,-6,0
H1W04330,0042500214,NYK-PHI,1,451,-11,-4,false,true,0,True,-3,0
H1W04331,0042500214,NYK-PHI,1,427,-11,-7,false,true,-3,True,0,0
H1W04332,0042500214,NYK-PHI,1,419,-14,-4,false,true,2,True,0,0
H1W04333,0042500214,NYK-PHI,1,406,-12,-9,false,true,-2,True,0,0
H1W04334,0042500214,NYK-PHI,1,393,-14,-4,false,true,0,True,0,0
H1W04335,0042500214,NYK-PHI,1,377,-11,-6,false,true,-3,True,-3,1
H1W04336,0042500214,NYK-PHI,1,366,-14,0,false,true,3,True,-3,1
H1W04337,0042500214,NYK-PHI,1,348,-12,-3,false,true,-2,True,-3,1
H1W04338,0042500214,NYK-PHI,1,327,-14,2,false,true,2,True,-3,1
H1W04339,0042500214,NYK-PHI,1,306,-14,-2,false,true,0,True,0,1
H1W04340,0042500214,NYK-PHI,1,285,-14,0,false,true,0,True,-3,0
H1W04341,0042500214,NYK-PHI,1,267,-11,-3,false,true,-6,True,-6,0
H1W04342,0042500214,NYK-PHI,1,185,-14,0,false,true,-3,True,-5,0
H1W04343,0042500214,NYK-PHI,1,169,-17,0,false,true,0,True,-2,0
H1W04344,0042500214,NYK-PHI,1,156,-15,-6,false,true,-5,False,,0
H1W04345,0042500214,NYK-PHI,1,126,-17,-1,false,true,-2,False,,0
H1W04346,0042500214,NYK-PHI,1,106,-14,-5,false,true,-5,False,,0
H1W04347,0042500214,NYK-PHI,1,79,-17,0,false,true,-2,False,,-1
H1W04348,0042500214,NYK-PHI,1,58,-17,-3,false,true,-2,False,,-1
H1W04349,0042500214,NYK-PHI,2,648,-17,2,false,false,-6,True,-7,-1
H1W04350,0042500214,NYK-PHI,2,612,-23,-1,false,true,2,True,-2,0
H1W04351,0042500214,NYK-PHI,2,592,-21,-6,false,true,-3,True,-2,0
H1W04352,0042500214,NYK-PHI,2,574,-23,-4,false,true,-1,True,0,-1
H1W04353,0042500214,NYK-PHI,2,563,-21,-6,false,true,-6,True,0,-1
H1W04354,0042500214,NYK-PHI,2,542,-21,-1,false,true,-4,True,-2,-1
H1W04355,0042500214,NYK-PHI,2,319,-25,0,false,true,5,True,1,1
H1W04356,0042500214,NYK-PHI,2,297,-23,-4,false,true,0,True,-1,1
H1W04357,0042500214,NYK-PHI,2,266,-23,0,false,true,2,True,-1,1
H1W04358,0042500214,NYK-PHI,2,260,-20,0,false,true,-4,True,-1,1
H1W04359,0042500214,NYK-PHI,2,239,-20,3,true,false,-2,True,-3,0
H1W04360,0042500214,NYK-PHI,2,224,-20,3,true,false,-4,True,-1,0
H1W04361,0042500214,NYK-PHI,2,206,-23,5,true,false,-1,True,0,0
H1W04362,0042500214,NYK-PHI,2,191,-21,0,true,false,-3,True,-2,0
H1W04363,0042500214,NYK-PHI,2,180,-24,2,true,false,3,True,-2,0
H1W04364,0042500214,NYK-PHI,2,173,-22,-4,true,false,-1,True,-2,0
H1W04365,0042500214,NYK-PHI,2,167,-24,-2,true,false,3,True,-3,0
H1W04366,0042500214,NYK-PHI,2,152,-24,-4,true,false,1,True,0,0
H1W04367,0042500214,NYK-PHI,2,120,-24,-1,true,false,1,False,,-1
H1W04368,0042500214,NYK-PHI,2,111,-21,-3,false,false,-5,False,,-1
H1W04369,0042500214,NYK-PHI,3,617,-24,-1,false,false,-3,True,0,0
H1W04370,0042500214,NYK-PHI,3,591,-24,2,false,false,-1,True,-2,0
H1W04371,0042500214,NYK-PHI,3,582,-24,-1,false,false,-3,True,-2,0
H1W04372,0042500214,NYK-PHI,3,569,-26,1,false,false,-1,True,-3,0
H1W04373,0042500214,NYK-PHI,3,555,-24,-3,false,false,-3,True,-5,0
H1W04374,0042500214,NYK-PHI,3,542,-27,1,false,false,3,True,-2,0
H1W04375,0042500214,NYK-PHI,3,523,-25,-3,false,false,-1,True,-1,0
H1W04376,0042500214,NYK-PHI,3,511,-27,-1,false,false,1,True,-2,-1
H1W04377,0042500214,NYK-PHI,3,491,-27,-3,false,false,-2,True,0,-1
H1W04378,0042500214,NYK-PHI,3,479,-27,-1,false,false,-2,True,-3,-1
H1W04379,0042500214,NYK-PHI,3,472,-24,-3,false,false,-5,True,-6,-1
H1W04380,0042500214,NYK-PHI,3,439,-29,1,false,true,2,True,-1,0
H1W04381,0042500214,NYK-PHI,3,422,-29,-2,false,true,-1,True,-1,0
H1W04382,0042500214,NYK-PHI,3,413,-29,-2,false,true,-1,True,-3,0
H1W04383,0042500214,NYK-PHI,3,404,-26,-5,false,true,-4,True,-6,1
H1W04384,0042500214,NYK-PHI,3,391,-29,0,false,true,-1,True,-5,1
H1W04385,0042500214,NYK-PHI,3,367,-27,-3,false,true,-3,True,-7,2
H1W04386,0042500214,NYK-PHI,3,345,-30,2,false,true,0,True,-5,1
H1W04387,0042500214,NYK-PHI,3,317,-30,-1,false,true,-2,True,-5,1
H1W04388,0042500214,NYK-PHI,3,300,-30,-1,false,true,-2,True,-5,0
H1W04389,0042500214,NYK-PHI,3,277,-30,-4,false,true,-4,True,-5,0
H1W04390,0042500214,NYK-PHI,3,124,-35,-3,false,true,-3,False,,0
H1W04391,0042500214,NYK-PHI,3,121,-37,-1,false,true,1,False,,0
H1W04392,0042500214,NYK-PHI,3,112,-35,-3,false,true,-3,False,,0
H1W04393,0042500214,NYK-PHI,3,91,-38,0,false,true,2,False,,0
H1W04394,0042500214,NYK-PHI,3,76,-36,-3,false,true,-2,False,,0
H1W04395,0042500214,NYK-PHI,4,613,-40,-2,false,true,-3,True,-1,0
H1W04396,0042500214,NYK-PHI,4,594,-40,-2,false,true,0,True,-3,0
H1W04397,0042500214,NYK-PHI,4,586,-40,-2,false,true,-2,True,-1,0
H1W04398,0042500214,NYK-PHI,4,583,-43,0,false,true,2,True,0,0
H1W04399,0042500214,NYK-PHI,4,567,-43,-3,false,true,2,True,2,0
H1W04400,0042500214,NYK-PHI,4,554,-43,-3,false,true,2,True,2,0
H1W04401,0042500214,NYK-PHI,4,535,-40,-3,false,true,-3,True,-1,0
H1W04402,0042500214,NYK-PHI,4,523,-42,0,false,true,1,True,1,0
H1W04403,0042500214,NYK-PHI,4,513,-41,-2,true,false,-2,True,2,0
H1W04404,0042500214,NYK-PHI,4,495,-41,2,true,false,0,False,,0
H1W04405,0042500214,NYK-PHI,4,485,-41,2,true,false,0,False,,0
H1W04406,0042500214,NYK-PHI,4,472,-43,2,true,false,2,False,,0
H1W04407,0042500214,NYK-PHI,4,455,-41,-3,true,false,0,False,,0
H1W04408,0042500214,NYK-PHI,4,439,-43,1,true,false,4,False,,0
H1W04409,0042500221,OKC-LAL,1,497,1,0,true,false,-1,True,-2,0
H1W04410,0042500221,OKC-LAL,1,472,-2,5,true,false,2,True,1,-1
H1W04411,0042500221,OKC-LAL,1,340,-2,0,false,true,1,True,1,1
H1W04412,0042500221,OKC-LAL,1,330,-1,-4,false,true,0,True,0,1
H1W04413,0042500221,OKC-LAL,1,318,-1,-1,false,true,0,True,0,0
H1W04414,0042500221,OKC-LAL,1,308,-1,-1,false,true,-2,True,0,1
H1W04415,0042500221,OKC-LAL,1,304,-1,-1,true,false,0,True,0,0
H1W04416,0042500221,OKC-LAL,1,288,-1,-1,true,false,0,True,0,0
H1W04417,0042500221,OKC-LAL,1,277,-1,1,true,false,0,True,-2,0
H1W04418,0042500221,OKC-LAL,1,267,-1,0,true,false,0,True,1,0
H1W04419,0042500221,OKC-LAL,1,265,-3,0,true,false,2,True,1,-1
H1W04420,0042500221,OKC-LAL,1,254,-1,-2,true,false,0,True,1,0
H1W04421,0042500221,OKC-LAL,1,231,-1,0,true,false,0,True,1,0
H1W04422,0042500221,OKC-LAL,1,217,-1,0,true,false,-2,True,3,0
H1W04423,0042500221,OKC-LAL,1,189,-1,0,true,false,1,True,3,0
H1W04424,0042500221,OKC-LAL,1,183,-1,0,true,false,-1,True,3,1
H1W04425,0042500221,OKC-LAL,1,178,-1,2,true,false,1,True,1,0
H1W04426,0042500221,OKC-LAL,1,168,-1,0,true,false,1,True,4,0
H1W04427,0042500221,OKC-LAL,1,157,-3,0,false,true,5,True,6,0
H1W04428,0042500221,OKC-LAL,1,138,0,-2,false,true,2,True,5,1
H1W04429,0042500221,OKC-LAL,1,118,-2,1,false,true,4,False,,0
H1W04430,0042500221,OKC-LAL,1,104,0,-1,false,true,0,False,,0
H1W04431,0042500221,OKC-LAL,1,81,0,1,true,false,3,False,,0
H1W04432,0042500221,OKC-LAL,1,76,2,1,true,false,1,False,,0
H1W04433,0042500221,OKC-LAL,1,62,2,5,true,false,3,False,,-1
H1W04434,0042500221,OKC-LAL,2,615,8,5,true,false,-2,True,-4,0
H1W04435,0042500221,OKC-LAL,2,593,8,3,true,false,-5,True,-2,0
H1W04436,0042500221,OKC-LAL,2,585,6,3,true,false,0,True,0,0
H1W04437,0042500221,OKC-LAL,2,571,8,-1,true,false,-2,True,1,1
H1W04438,0042500221,OKC-LAL,2,552,6,1,true,false,0,True,1,1
H1W04439,0042500221,OKC-LAL,2,535,6,-4,true,false,-2,True,1,1
H1W04440,0042500221,OKC-LAL,2,529,3,-2,false,true,3,True,4,1
H1W04441,0042500221,OKC-LAL,2,507,6,-5,false,true,0,True,3,1
H1W04442,0042500221,OKC-LAL,2,487,6,0,false,true,3,True,0,0
H1W04443,0042500221,OKC-LAL,2,471,6,-2,false,true,1,True,0,0
H1W04444,0042500221,OKC-LAL,2,466,4,0,false,true,3,True,2,-1
H1W04445,0042500221,OKC-LAL,2,447,6,-2,false,true,1,True,2,-1
H1W04446,0042500221,OKC-LAL,2,428,6,3,false,true,3,True,2,-1
H1W04447,0042500221,OKC-LAL,2,417,9,0,false,true,-3,True,1,-1
H1W04448,0042500221,OKC-LAL,2,393,7,3,false,true,-1,True,2,-1
H1W04449,0042500221,OKC-LAL,2,380,7,1,false,true,-1,True,2,0
H1W04450,0042500221,OKC-LAL,2,362,7,3,false,true,1,True,2,0
H1W04451,0042500221,OKC-LAL,2,357,9,1,false,true,-1,True,2,1
H1W04452,0042500221,OKC-LAL,2,323,6,3,false,true,4,True,5,1
H1W04453,0042500221,OKC-LAL,2,300,6,-3,false,true,3,True,7,1
H1W04454,0042500221,OKC-LAL,2,290,6,-1,false,true,3,True,4,0
H1W04455,0042500221,OKC-LAL,2,279,8,-1,false,true,1,True,4,0
H1W04456,0042500221,OKC-LAL,2,268,8,1,true,false,3,True,4,-1
H1W04457,0042500221,OKC-LAL,2,254,10,-1,true,false,1,True,2,-1
H1W04458,0042500221,OKC-LAL,2,240,9,4,true,false,4,True,0,-1
H1W04459,0042500221,OKC-LAL,2,225,9,3,true,false,1,True,0,0
H1W04460,0042500221,OKC-LAL,2,212,9,3,true,false,3,True,-2,0
H1W04461,0042500221,OKC-LAL,2,201,11,1,true,false,1,True,-4,0
H1W04462,0042500221,OKC-LAL,2,181,11,3,true,false,1,True,-6,-1
H1W04463,0042500221,OKC-LAL,2,175,13,1,true,false,-4,True,-5,-1
H1W04464,0042500221,OKC-LAL,2,152,10,4,true,false,-1,True,-2,-2
H1W04465,0042500221,OKC-LAL,2,134,12,1,true,false,-5,False,,-2
H1W04466,0042500221,OKC-LAL,2,113,12,3,true,false,-5,False,,-2
H1W04467,0042500221,OKC-LAL,2,110,12,1,true,false,-7,False,,-1
H1W04468,0042500221,OKC-LAL,2,98,9,1,true,false,-1,False,,-1
H1W04469,0042500221,OKC-LAL,2,82,9,-4,false,true,-1,False,,0
H1W04470,0042500221,OKC-LAL,3,585,10,0,true,false,0,True,-3,0
H1W04471,0042500221,OKC-LAL,3,569,10,-2,true,false,-3,True,-3,0
H1W04472,0042500221,OKC-LAL,3,560,8,-2,true,false,1,True,-4,0
H1W04473,0042500221,OKC-LAL,3,546,10,-4,true,false,-1,True,-4,0
H1W04474,0042500221,OKC-LAL,3,514,10,0,true,false,-1,True,-4,-1
H1W04475,0042500221,OKC-LAL,3,500,10,0,true,false,-3,True,-4,-1
H1W04476,0042500221,OKC-LAL,3,484,7,0,true,false,0,True,-1,-1
H1W04477,0042500221,OKC-LAL,3,473,9,-3,true,false,-5,True,-3,-1
H1W04478,0042500221,OKC-LAL,3,456,9,1,true,false,-3,True,-3,-1
H1W04479,0042500221,OKC-LAL,3,435,9,-1,true,false,-3,True,0,0
H1W04480,0042500221,OKC-LAL,3,429,7,-1,true,false,-1,True,2,0
H1W04481,0042500221,OKC-LAL,3,412,7,-3,false,true,-1,True,4,0
H1W04482,0042500221,OKC-LAL,3,400,4,0,false,true,2,True,5,-1
H1W04483,0042500221,OKC-LAL,3,380,6,-5,false,true,0,True,3,-1
H1W04484,0042500221,OKC-LAL,3,350,6,-3,false,true,3,True,3,-1
H1W04485,0042500221,OKC-LAL,3,333,6,-3,false,true,3,True,3,0
H1W04486,0042500221,OKC-LAL,3,325,6,-1,false,true,5,True,3,0
H1W04487,0042500221,OKC-LAL,3,322,6,-1,false,true,3,True,5,1
H1W04488,0042500221,OKC-LAL,3,303,6,2,false,true,3,True,5,0
H1W04489,0042500221,OKC-LAL,3,296,9,0,false,true,0,True,2,0
H1W04490,0042500221,OKC-LAL,3,279,9,3,true,false,0,True,0,-1
H1W04491,0042500221,OKC-LAL,3,275,11,3,true,false,-2,True,0,0
H1W04492,0042500221,OKC-LAL,3,256,9,5,true,false,2,True,0,0
H1W04493,0042500221,OKC-LAL,3,241,9,3,true,false,2,True,0,2
H1W04494,0042500221,OKC-LAL,3,220,9,3,true,false,2,True,0,1
H1W04495,0042500221,OKC-LAL,3,214,9,0,true,false,0,True,0,1
H1W04496,0042500221,OKC-LAL,4,536,19,1,true,false,-2,True,-3,0
H1W04497,0042500221,OKC-LAL,4,502,17,6,true,false,0,True,-1,0
H1W04498,0042500221,OKC-LAL,4,480,19,4,true,false,-2,True,0,0
H1W04499,0042500221,OKC-LAL,4,467,17,6,true,false,0,True,2,0
H1W04500,0042500221,OKC-LAL,4,448,17,1,true,false,-3,True,2,0
H1W04501,0042500221,OKC-LAL,4,432,17,1,true,false,-1,True,0,0
H1W04502,0042500221,OKC-LAL,4,410,17,-2,true,false,-1,True,0,0
H1W04503,0042500221,OKC-LAL,4,333,16,-1,true,false,1,True,-2,0
H1W04504,0042500221,OKC-LAL,4,316,19,-1,true,false,-2,True,-3,0
H1W04505,0042500221,OKC-LAL,4,294,19,2,true,false,-2,True,-3,0
H1W04506,0042500221,OKC-LAL,4,283,19,2,true,false,-2,True,-1,0
H1W04507,0042500221,OKC-LAL,4,264,17,5,true,false,0,True,1,0
H1W04508,0042500221,OKC-LAL,4,236,17,1,true,false,-3,True,1,0
H1W04509,0042500221,OKC-LAL,4,220,17,1,true,false,-1,True,1,0
H1W04510,0042500221,OKC-LAL,4,206,17,-2,true,false,-1,True,4,0
H1W04511,0042500221,OKC-LAL,4,194,17,-2,true,false,1,True,1,0
H1W04512,0042500221,OKC-LAL,4,170,17,-2,false,false,1,False,,0
H1W04513,0042500221,OKC-LAL,4,159,14,0,false,false,4,False,,0
H1W04514,0042500221,OKC-LAL,4,132,16,-3,false,false,2,False,,1
H1W04515,0042500221,OKC-LAL,4,109,16,-1,false,false,5,False,,1
H1W04516,0042500222,OKC-LAL,1,629,2,2,true,false,2,True,5,0
H1W04517,0042500222,OKC-LAL,1,612,2,2,true,false,5,True,5,0
H1W04518,0042500222,OKC-LAL,1,602,4,2,true,false,1,True,3,0
H1W04519,0042500222,OKC-LAL,1,583,4,4,true,false,3,True,3,0
H1W04520,0042500222,OKC-LAL,1,575,4,2,true,false,1,True,3,0
H1W04521,0042500222,OKC-LAL,1,555,4,2,true,false,3,True,3,0
H1W04522,0042500222,OKC-LAL,1,537,7,2,true,false,0,True,0,0
H1W04523,0042500222,OKC-LAL,1,517,5,5,true,false,2,True,-1,0
H1W04524,0042500222,OKC-LAL,1,495,7,1,true,false,0,True,-3,0
H1W04525,0042500222,OKC-LAL,1,489,5,3,true,false,2,True,-1,0
H1W04526,0042500222,OKC-LAL,1,474,7,1,true,false,0,True,0,0
H1W04527,0042500222,OKC-LAL,1,459,7,3,true,false,0,True,-2,0
H1W04528,0042500222,OKC-LAL,1,446,7,0,true,false,-3,True,0,0
H1W04529,0042500222,OKC-LAL,1,439,7,2,true,false,-3,True,-2,-1
H1W04530,0042500222,OKC-LAL,1,431,7,0,true,false,-3,True,-2,-1
H1W04531,0042500222,OKC-LAL,1,421,7,2,true,false,0,True,-4,-1
H1W04532,0042500222,OKC-LAL,1,413,7,0,true,false,-2,True,-4,-1
H1W04533,0042500222,OKC-LAL,1,406,4,0,true,false,3,True,-4,-1
H1W04534,0042500222,OKC-LAL,1,381,4,-3,false,true,1,True,-2,0
H1W04535,0042500222,OKC-LAL,1,371,4,-3,false,true,1,True,-2,0
H1W04536,0042500222,OKC-LAL,1,355,7,-3,false,true,-4,True,-5,0
H1W04537,0042500222,OKC-LAL,1,330,5,0,false,true,-2,True,-3,0
H1W04538,0042500222,OKC-LAL,1,319,7,-2,false,true,-7,True,-3,0
H1W04539,0042500222,OKC-LAL,1,292,5,3,false,true,-3,True,-1,0
H1W04540,0042500222,OKC-LAL,1,278,5,1,false,true,-3,True,0,1
H1W04541,0042500222,OKC-LAL,1,269,3,1,false,true,-1,True,2,1
H1W04542,0042500222,OKC-LAL,1,253,3,-4,false,true,-1,True,5,1
H1W04543,0042500222,OKC-LAL,1,243,0,-2,false,true,4,True,8,1
H1W04544,0042500222,OKC-LAL,1,230,2,-7,false,true,2,True,8,1
H1W04545,0042500222,OKC-LAL,1,213,2,-3,false,true,3,True,8,0
H1W04546,0042500222,OKC-LAL,1,202,2,-3,false,true,3,True,8,0
H1W04547,0042500222,OKC-LAL,1,186,2,-1,true,false,6,True,6,0
H1W04548,0042500222,OKC-LAL,1,173,4,-1,true,false,4,True,4,1
H1W04549,0042500222,OKC-LAL,1,154,4,4,true,false,6,True,2,1
H1W04550,0042500222,OKC-LAL,1,133,5,2,true,false,5,True,1,1
H1W04551,0042500222,OKC-LAL,1,108,5,3,true,false,5,True,-2,1
H1W04552,0042500222,OKC-LAL,1,103,8,3,true,false,0,False,,1
H1W04553,0042500222,OKC-LAL,1,90,8,6,true,false,0,False,,0
H1W04554,0042500222,OKC-LAL,1,86,10,4,true,false,-4,False,,0
H1W04555,0042500222,OKC-LAL,1,67,10,6,true,false,-4,False,,0
H1W04556,0042500222,OKC-LAL,1,58,10,5,true,false,-7,False,,0
H1W04557,0042500222,OKC-LAL,2,595,4,-1,false,true,-2,True,0,1
H1W04558,0042500222,OKC-LAL,2,591,2,-1,false,true,3,True,2,1
H1W04559,0042500222,OKC-LAL,2,570,2,-5,false,true,3,True,2,2
H1W04560,0042500222,OKC-LAL,2,566,2,-5,false,true,5,True,2,1
H1W04561,0042500222,OKC-LAL,2,560,5,-5,false,true,-1,True,1,1
H1W04562,0042500222,OKC-LAL,2,544,2,1,false,true,2,True,1,1
H1W04563,0042500222,OKC-LAL,2,525,5,-2,false,true,-1,True,0,1
H1W04564,0042500222,OKC-LAL,2,510,5,3,true,false,-1,True,-3,0
H1W04565,0042500222,OKC-LAL,2,501,7,3,true,false,-3,True,-5,0
H1W04566,0042500222,OKC-LAL,2,482,4,5,true,false,2,True,-4,0
H1W04567,0042500222,OKC-LAL,2,463,4,-1,true,false,-1,True,-2,0
H1W04568,0042500222,OKC-LAL,2,444,4,2,true,false,1,True,-4,0
H1W04569,0042500222,OKC-LAL,2,434,4,-1,true,false,-2,True,-4,0
H1W04570,0042500222,OKC-LAL,2,414,4,-1,true,false,-2,True,-6,-1
H1W04571,0042500222,OKC-LAL,2,402,6,-3,true,false,-6,True,-6,-1
H1W04572,0042500222,OKC-LAL,2,381,3,2,true,false,-1,True,-6,-1
H1W04573,0042500222,OKC-LAL,2,359,5,-1,true,false,-5,True,-6,-1
H1W04574,0042500222,OKC-LAL,2,341,2,1,true,false,-2,True,-6,-2
H1W04575,0042500222,OKC-LAL,2,328,2,-2,false,true,-4,True,-6,-1
H1W04576,0042500222,OKC-LAL,2,316,0,-2,false,true,0,True,-4,-1
H1W04577,0042500222,OKC-LAL,2,302,2,-6,false,true,-5,True,-5,-1
H1W04578,0042500222,OKC-LAL,2,285,0,-1,false,true,-1,True,-3,-1
H1W04579,0042500222,OKC-LAL,2,273,0,-5,false,true,-4,True,-1,0
H1W04580,0042500222,OKC-LAL,2,251,-2,-2,false,true,-2,True,-1,0
H1W04581,0042500222,OKC-LAL,2,237,0,-4,false,true,-4,True,0,0
H1W04582,0042500222,OKC-LAL,2,219,-3,0,false,true,0,True,1,0
H1W04583,0042500222,OKC-LAL,2,195,-1,-5,false,true,-2,True,1,0
H1W04584,0042500222,OKC-LAL,2,173,-4,-1,false,true,3,True,2,0
H1W04585,0042500222,OKC-LAL,2,160,-4,-4,false,true,1,True,2,0
H1W04586,0042500222,OKC-LAL,2,136,-4,-2,false,true,4,False,,0
H1W04587,0042500222,OKC-LAL,2,133,-3,-4,false,true,1,False,,0
H1W04588,0042500222,OKC-LAL,2,112,-3,0,true,false,3,False,,0
H1W04589,0042500222,OKC-LAL,2,104,-1,-2,true,false,-1,False,,0
H1W04590,0042500222,OKC-LAL,2,80,-3,3,true,false,1,False,,0
H1W04591,0042500222,OKC-LAL,3,617,-6,-1,false,true,3,True,4,1
H1W04592,0042500222,OKC-LAL,3,598,-3,-5,false,true,-3,True,3,1
H1W04593,0042500222,OKC-LAL,3,575,-3,1,false,true,-1,True,1,1
H1W04594,0042500222,OKC-LAL,3,559,-3,-1,false,true,-1,True,4,2
H1W04595,0042500222,OKC-LAL,3,547,-3,1,true,false,1,True,4,1
H1W04596,0042500222,OKC-LAL,3,529,-3,1,true,false,1,True,6,1
H1W04597,0042500222,OKC-LAL,3,515,-6,3,true,false,6,True,9,1
H1W04598,0042500222,OKC-LAL,3,495,-4,-3,true,false,2,True,7,1
H1W04599,0042500222,OKC-LAL,3,472,-4,-1,true,false,5,True,6,0
H1W04600,0042500222,OKC-LAL,3,465,-2,-1,true,false,3,True,4,1
H1W04601,0042500222,OKC-LAL,3,435,-2,1,true,false,5,True,4,1
H1W04602,0042500222,OKC-LAL,3,432,0,1,true,false,3,True,3,1
H1W04603,0042500222,OKC-LAL,3,415,-2,6,true,false,5,True,5,0
H1W04604,0042500222,OKC-LAL,3,244,6,4,true,false,4,True,4,1
H1W04605,0042500222,OKC-LAL,3,231,6,4,true,false,4,True,6,1
H1W04606,0042500222,OKC-LAL,3,218,4,4,true,false,7,True,8,1
H1W04607,0042500222,OKC-LAL,3,204,6,1,true,false,3,True,6,1
H1W04608,0042500222,OKC-LAL,3,179,6,3,true,false,6,True,4,0
H1W04609,0042500222,OKC-LAL,3,173,10,0,true,false,0,True,2,0
H1W04610,0042500222,OKC-LAL,3,146,10,4,true,false,2,True,2,0
H1W04611,0042500222,OKC-LAL,3,136,11,4,true,false,1,False,,0
H1W04612,0042500222,OKC-LAL,3,120,9,7,true,false,3,False,,-1
H1W04613,0042500222,OKC-LAL,3,111,12,3,true,false,-2,False,,-1
H1W04614,0042500222,OKC-LAL,3,92,10,6,true,false,2,False,,-1
H1W04615,0042500222,OKC-LAL,3,72,12,0,true,false,0,False,,-1
H1W04616,0042500222,OKC-LAL,4,616,12,-2,true,false,-7,True,-6,0
H1W04617,0042500222,OKC-LAL,4,597,10,0,true,false,-3,True,-6,0
H1W04618,0042500222,OKC-LAL,4,582,10,-2,true,false,-6,True,-3,0
H1W04619,0042500222,OKC-LAL,4,560,8,-2,true,false,-4,True,-1,0
H1W04620,0042500222,OKC-LAL,4,547,8,-4,true,false,-4,True,1,1
H1W04621,0042500222,OKC-LAL,4,538,5,-2,false,true,1,True,4,1
H1W04622,0042500222,OKC-LAL,4,522,7,-7,false,true,-3,True,2,1
H1W04623,0042500222,OKC-LAL,4,506,4,-3,false,true,3,True,5,1
H1W04624,0042500222,OKC-LAL,4,489,4,-6,false,true,3,True,8,2
H1W04625,0042500222,OKC-LAL,4,482,4,-4,false,true,5,True,7,1
H1W04626,0042500222,OKC-LAL,4,479,6,-4,false,true,3,True,6,1
H1W04627,0042500222,OKC-LAL,4,456,4,1,false,true,5,True,8,1
H1W04628,0042500222,OKC-LAL,4,434,7,-3,true,false,2,True,8,1
H1W04629,0042500222,OKC-LAL,4,421,7,3,true,false,5,True,6,0
H1W04630,0042500222,OKC-LAL,4,407,9,3,true,false,2,True,6,0
H1W04631,0042500222,OKC-LAL,4,392,9,5,true,false,3,True,4,0
H1W04632,0042500222,OKC-LAL,4,382,9,3,true,false,3,True,7,0
H1W04633,0042500222,OKC-LAL,4,366,9,5,true,false,6,True,5,0
H1W04634,0042500222,OKC-LAL,4,354,12,2,true,false,1,True,4,0
H1W04635,0042500222,OKC-LAL,4,335,11,5,true,false,4,True,3,0
H1W04636,0042500222,OKC-LAL,4,319,12,2,true,false,1,True,4,0
H1W04637,0042500222,OKC-LAL,4,296,12,3,true,false,4,True,4,0
H1W04638,0042500222,OKC-LAL,4,288,15,3,true,false,-1,True,1,0
H1W04639,0042500222,OKC-LAL,4,268,13,6,true,false,3,True,1,0
H1W04640,0042500222,OKC-LAL,4,244,15,1,true,false,-1,True,2,0
H1W04641,0042500222,OKC-LAL,4,225,13,4,true,false,3,True,4,0
H1W04642,0042500222,OKC-LAL,4,217,16,1,true,false,0,True,1,0
H1W04643,0042500222,OKC-LAL,4,200,14,4,true,false,2,True,3,-1
H1W04644,0042500222,OKC-LAL,4,141,16,3,true,false,1,True,1,-1
H1W04645,0042500222,OKC-LAL,4,134,16,0,true,false,1,False,,1
H1W04646,0042500222,OKC-LAL,4,129,14,2,true,false,5,False,,1
H1W04647,0042500223,OKC-LAL,1,611,-1,-1,false,true,-4,True,3,0
H1W04648,0042500223,OKC-LAL,1,597,-3,-1,false,true,1,True,2,0
H1W04649,0042500223,OKC-LAL,1,571,-1,-6,false,true,-1,True,0,0
H1W04650,0042500223,OKC-LAL,1,276,-2,-1,false,false,-5,True,-4,1
H1W04651,0042500223,OKC-LAL,1,239,-7,-2,false,true,1,True,-3,1
H1W04652,0042500223,OKC-LAL,1,206,-7,-5,false,true,-2,True,-2,1
H1W04653,0042500223,OKC-LAL,1,200,-7,-3,false,true,1,True,-2,0
H1W04654,0042500223,OKC-LAL,1,186,-6,-5,false,true,-1,True,-3,0
H1W04655,0042500223,OKC-LAL,1,91,-7,-1,false,true,-2,False,,-1
H1W04656,0042500223,OKC-LAL,1,88,-10,-1,false,true,4,False,,-1
H1W04657,0042500223,OKC-LAL,1,78,-9,-4,false,true,3,False,,-1
H1W04658,0042500223,OKC-LAL,1,58,-9,0,false,true,3,False,,-1
H1W04659,0042500223,OKC-LAL,2,599,-5,-2,false,true,-2,True,1,-1
H1W04660,0042500223,OKC-LAL,2,577,-7,0,false,true,0,True,1,-1
H1W04661,0042500223,OKC-LAL,2,563,-7,-5,false,true,0,True,4,1
H1W04662,0042500223,OKC-LAL,2,537,-9,-5,false,true,4,True,6,1
H1W04663,0042500223,OKC-LAL,2,519,-7,-7,false,true,0,True,4,1
H1W04664,0042500223,OKC-LAL,2,508,-7,-2,false,true,3,True,4,1
H1W04665,0042500223,OKC-LAL,2,491,-7,-2,false,true,1,True,7,1
H1W04666,0042500223,OKC-LAL,2,487,-7,0,false,true,4,True,4,0
H1W04667,0042500223,OKC-LAL,2,461,-5,0,false,true,2,True,2,0
H1W04668,0042500223,OKC-LAL,2,444,-7,4,false,true,4,True,4,-1
H1W04669,0042500223,OKC-LAL,2,423,-4,0,false,true,1,True,1,-1
H1W04670,0042500223,OKC-LAL,2,408,-6,3,false,true,6,True,3,-1
H1W04671,0042500223,OKC-LAL,2,392,-3,1,false,true,0,True,3,-1
H1W04672,0042500223,OKC-LAL,2,367,-3,4,false,true,0,True,3,-1
H1W04673,0042500223,OKC-LAL,2,293,-3,0,false,true,3,True,8,1
H1W04674,0042500223,OKC-LAL,2,290,-3,0,false,true,5,True,8,0
H1W04675,0042500223,OKC-LAL,2,282,-3,0,false,true,5,True,8,1
H1W04676,0042500223,OKC-LAL,2,261,-3,0,false,true,7,True,6,1
H1W04677,0042500223,OKC-LAL,2,247,0,-3,true,false,2,True,3,1
H1W04678,0042500223,OKC-LAL,2,233,0,3,true,false,5,True,1,1
H1W04679,0042500223,OKC-LAL,2,227,2,3,true,false,3,True,-1,1
H1W04680,0042500223,OKC-LAL,2,216,2,5,true,false,3,True,-1,0
H1W04681,0042500223,OKC-LAL,2,213,4,5,true,false,-1,True,-3,0
H1W04682,0042500223,OKC-LAL,2,198,2,7,true,false,1,True,-3,-1
H1W04683,0042500223,OKC-LAL,2,181,5,2,true,false,-4,True,-4,-1
H1W04684,0042500223,OKC-LAL,2,160,5,5,true,false,-4,True,-6,-2
H1W04685,0042500223,OKC-LAL,2,139,5,3,true,false,-4,True,-3,-2
H1W04686,0042500223,OKC-LAL,2,136,3,3,true,false,-2,True,-1,-2
H1W04687,0042500223,OKC-LAL,2,123,3,-1,false,true,-4,False,,-1
H1W04688,0042500223,OKC-LAL,2,121,1,1,false,true,0,False,,-1
H1W04689,0042500223,OKC-LAL,2,101,1,-4,false,true,-2,False,,0
H1W04690,0042500223,OKC-LAL,2,84,1,-4,false,true,1,False,,0
H1W04691,0042500223,OKC-LAL,2,65,1,-4,false,true,1,False,,0
H1W04692,0042500223,OKC-LAL,3,601,-2,-2,false,false,0,True,-5,1
H1W04693,0042500223,OKC-LAL,3,568,-2,-4,false,false,-2,True,-5,1
H1W04694,0042500223,OKC-LAL,3,558,-2,-1,false,false,0,True,-7,1
H1W04695,0042500223,OKC-LAL,3,558,-2,-3,false,false,-3,True,-7,1
H1W04696,0042500223,OKC-LAL,3,545,-2,0,false,false,-3,True,-7,-1
H1W04697,0042500223,OKC-LAL,3,536,-2,-2,false,false,-5,True,-7,-1
H1W04698,0042500223,OKC-LAL,3,481,-5,-3,false,true,-4,True,-6,-1
H1W04699,0042500223,OKC-LAL,3,464,-7,-3,false,true,-2,True,-6,-2
H1W04700,0042500223,OKC-LAL,3,449,-7,-5,false,true,-4,True,-4,-1
H1W04701,0042500223,OKC-LAL,3,445,-9,-3,false,true,-2,True,-4,-1
H1W04702,0042500223,OKC-LAL,3,418,-9,-7,false,true,-2,True,-2,-1
H1W04703,0042500223,OKC-LAL,3,412,-9,-4,false,true,-2,True,-4,-1
H1W04704,0042500223,OKC-LAL,3,398,-9,-4,false,true,-4,True,-1,0
H1W04705,0042500223,OKC-LAL,3,381,-11,-2,false,true,0,True,1,0
H1W04706,0042500223,OKC-LAL,3,361,-11,-4,false,true,-2,True,1,0
H1W04707,0042500223,OKC-LAL,3,350,-11,-2,false,true,0,True,-1,0
H1W04708,0042500223,OKC-LAL,3,343,-11,-2,false,true,-2,True,1,0
H1W04709,0042500223,OKC-LAL,3,337,-13,-2,false,true,3,True,3,0
H1W04710,0042500223,OKC-LAL,3,314,-11,-4,false,true,1,True,1,0
H1W04711,0042500223,OKC-LAL,3,295,-13,0,false,true,3,True,3,-1
H1W04712,0042500223,OKC-LAL,3,273,-11,-2,false,true,-1,True,4,-1
H1W04713,0042500223,OKC-LAL,3,191,-12,3,false,true,5,True,1,0
H1W04714,0042500223,OKC-LAL,3,163,-10,-1,false,true,3,True,-1,0
H1W04715,0042500223,OKC-LAL,3,146,-10,3,false,true,5,False,,0
H1W04716,0042500223,OKC-LAL,3,135,-10,0,false,true,2,False,,0
H1W04717,0042500223,OKC-LAL,4,635,-10,-1,false,false,-6,True,-5,-1
H1W04718,0042500223,OKC-LAL,4,585,-14,1,false,true,-1,True,-2,0
H1W04719,0042500223,OKC-LAL,4,569,-11,-2,false,true,-6,True,-5,0
H1W04720,0042500223,OKC-LAL,4,522,-16,1,false,true,1,True,-2,0
H1W04721,0042500223,OKC-LAL,4,499,-14,-6,false,true,-1,True,-4,0
H1W04722,0042500223,OKC-LAL,4,479,-17,-2,false,true,3,True,-4,0
H1W04723,0042500223,OKC-LAL,4,462,-15,-5,false,true,-1,True,-3,0
H1W04724,0042500223,OKC-LAL,4,443,-17,-1,false,true,1,True,-3,0
H1W04725,0042500223,OKC-LAL,4,429,-15,-6,false,true,-3,True,-5,0
H1W04726,0042500223,OKC-LAL,4,410,-15,1,false,true,-3,True,-8,0
H1W04727,0042500223,OKC-LAL,4,406,-14,-1,true,false,-7,True,-9,0
H1W04728,0042500223,OKC-LAL,4,389,-16,3,true,false,-2,True,-7,0
H1W04729,0042500223,OKC-LAL,4,372,-16,-1,true,false,-4,True,-7,0
H1W04730,0042500223,OKC-LAL,4,372,-18,1,true,false,-2,True,-8,0
H1W04731,0042500223,OKC-LAL,4,354,-18,-3,true,false,-5,False,,0
H1W04732,0042500223,OKC-LAL,4,337,-21,-3,false,true,-2,False,,0
H1W04733,0042500223,OKC-LAL,4,308,-18,-7,false,true,-5,False,,1
H1W04734,0042500223,OKC-LAL,4,284,-20,-2,false,true,-3,False,,1
H1W04735,0042500223,OKC-LAL,4,265,-20,-4,false,true,-6,False,,1
H1W04736,0042500224,OKC-LAL,1,631,-3,-3,false,true,0,True,1,0
H1W04737,0042500224,OKC-LAL,1,613,-3,-5,false,true,0,True,1,0
H1W04738,0042500224,OKC-LAL,1,597,-3,-2,false,true,2,True,-1,0
H1W04739,0042500224,OKC-LAL,1,588,-1,-2,false,true,0,True,-3,0
H1W04740,0042500224,OKC-LAL,1,561,-3,2,false,true,4,True,-1,0
H1W04741,0042500224,OKC-LAL,1,541,-3,0,false,false,1,True,-1,0
H1W04742,0042500224,OKC-LAL,1,528,-3,0,false,false,1,True,-3,0
H1W04743,0042500224,OKC-LAL,1,527,-1,0,false,false,-3,True,-2,0
H1W04744,0042500224,OKC-LAL,1,505,-1,2,false,false,-3,True,-2,0
H1W04745,0042500224,OKC-LAL,1,500,1,0,false,false,-5,True,-2,0
H1W04746,0042500224,OKC-LAL,1,456,-4,1,false,true,1,True,5,0
H1W04747,0042500224,OKC-LAL,1,437,-4,-3,false,true,1,True,7,0
H1W04748,0042500224,OKC-LAL,1,424,-4,-3,false,true,3,True,7,0
H1W04749,0042500224,OKC-LAL,1,411,-4,-5,false,true,3,True,7,0
H1W04750,0042500224,OKC-LAL,1,402,-6,-2,false,true,7,True,9,0
H1W04751,0042500224,OKC-LAL,1,389,-3,-4,false,true,4,True,6,0
H1W04752,0042500224,OKC-LAL,1,360,-3,1,false,true,6,True,4,0
H1W04753,0042500224,OKC-LAL,1,353,-1,1,true,false,4,True,2,0
H1W04754,0042500224,OKC-LAL,1,337,-1,3,true,false,4,True,2,0
H1W04755,0042500224,OKC-LAL,1,321,1,3,true,false,2,True,0,1
H1W04756,0042500224,OKC-LAL,1,301,1,7,true,false,2,True,0,1
H1W04757,0042500224,OKC-LAL,1,293,3,4,true,false,-2,True,0,1
H1W04758,0042500224,OKC-LAL,1,270,3,6,true,false,-2,True,-3,1
H1W04759,0042500224,OKC-LAL,1,255,3,4,true,false,-2,True,0,2
H1W04760,0042500224,OKC-LAL,1,251,3,4,true,false,-2,True,-2,1
H1W04761,0042500224,OKC-LAL,1,224,3,2,true,false,-2,True,-2,1
H1W04762,0042500224,OKC-LAL,1,194,1,-2,true,false,2,True,2,0
H1W04763,0042500224,OKC-LAL,1,174,1,-2,true,false,0,True,4,0
H1W04764,0042500224,OKC-LAL,1,161,1,-2,true,false,0,True,4,-1
H1W04765,0042500224,OKC-LAL,1,152,3,-2,true,false,-2,False,,-1
H1W04766,0042500224,OKC-LAL,1,131,0,2,true,false,3,False,,-1
H1W04767,0042500224,OKC-LAL,1,113,3,-1,true,false,0,False,,-1
H1W04768,0042500224,OKC-LAL,1,99,1,2,true,false,4,False,,-1
H1W04769,0042500224,OKC-LAL,1,77,1,0,true,false,4,False,,1
H1W04770,0042500224,OKC-LAL,2,631,-3,-8,false,true,-2,True,-5,-1
H1W04771,0042500224,OKC-LAL,2,619,-3,-5,false,true,-2,True,-5,-2
H1W04772,0042500224,OKC-LAL,2,599,-3,-5,false,true,-2,True,-5,-2
H1W04773,0042500224,OKC-LAL,2,591,-5,-2,false,true,0,True,-5,-3
H1W04774,0042500224,OKC-LAL,2,568,-5,-4,false,true,-3,True,-5,-2
H1W04775,0042500224,OKC-LAL,2,548,-5,-2,false,true,-3,True,-7,-2
H1W04776,0042500224,OKC-LAL,2,530,-5,-2,false,true,-3,True,-5,-1
H1W04777,0042500224,OKC-LAL,2,507,-5,-2,false,true,-3,True,-5,-1
H1W04778,0042500224,OKC-LAL,2,485,-5,-2,false,true,-5,True,-3,0
H1W04779,0042500224,OKC-LAL,2,468,-8,0,false,true,-2,True,-2,0
H1W04780,0042500224,OKC-LAL,2,449,-8,-3,false,true,-4,True,-2,0
H1W04781,0042500224,OKC-LAL,2,432,-8,-3,false,true,-2,True,-2,0
H1W04782,0042500224,OKC-LAL,2,409,-8,-3,false,true,-2,True,0,1
H1W04783,0042500224,OKC-LAL,2,395,-10,-3,false,true,2,True,0,1
H1W04784,0042500224,OKC-LAL,2,368,-10,-5,false,true,0,True,2,1
H1W04785,0042500224,OKC-LAL,2,361,-12,-2,false,true,2,True,4,0
H1W04786,0042500224,OKC-LAL,2,338,-10,-4,false,true,0,True,4,0
H1W04787,0042500224,OKC-LAL,2,329,-10,-2,false,true,2,True,4,-1
H1W04788,0042500224,OKC-LAL,2,315,-8,-2,false,true,-2,True,2,-1
H1W04789,0042500224,OKC-LAL,2,303,-10,2,false,true,2,True,2,-1
H1W04790,0042500224,OKC-LAL,2,288,-10,0,false,true,2,True,2,0
H1W04791,0042500224,OKC-LAL,2,274,-10,2,false,true,4,True,2,0
H1W04792,0042500224,OKC-LAL,2,257,-8,0,false,true,2,True,2,0
H1W04793,0042500224,OKC-LAL,2,244,-10,2,false,true,4,True,4,-1
H1W04794,0042500224,OKC-LAL,2,225,-8,-2,false,true,0,True,4,-1
H1W04795,0042500224,OKC-LAL,2,204,-8,2,false,true,0,True,2,-2
H1W04796,0042500224,OKC-LAL,2,195,-6,2,false,false,-2,True,1,-1
H1W04797,0042500224,OKC-LAL,2,178,-6,4,false,false,0,True,-1,-1
H1W04798,0042500224,OKC-LAL,2,155,-8,0,false,true,2,True,4,1
H1W04799,0042500224,OKC-LAL,2,144,-8,0,false,true,3,True,4,0
H1W04800,0042500224,OKC-LAL,2,135,-6,-2,false,true,-1,False,,0
H1W04801,0042500224,OKC-LAL,2,118,-6,0,false,true,1,False,,0
H1W04802,0042500224,OKC-LAL,2,97,-4,0,false,true,-2,False,,0
H1W04803,0042500224,OKC-LAL,2,86,-6,4,false,true,2,False,,0
H1W04804,0042500224,OKC-LAL,2,72,-5,2,false,true,1,False,,1
H1W04805,0042500224,OKC-LAL,3,638,-6,-4,false,true,-3,True,-3,-1
H1W04806,0042500224,OKC-LAL,3,616,-8,0,false,true,-1,True,-4,-2
H1W04807,0042500224,OKC-LAL,3,600,-5,-4,false,true,-6,True,-6,-2
H1W04808,0042500224,OKC-LAL,3,579,-7,1,false,true,-2,True,-4,-2
H1W04809,0042500224,OKC-LAL,3,560,-7,-1,false,true,-2,True,-4,-1
H1W04810,0042500224,OKC-LAL,3,546,-9,1,false,true,0,True,-2,-2
H1W04811,0042500224,OKC-LAL,3,533,-9,-3,false,true,-3,True,1,-1
H1W04812,0042500224,OKC-LAL,3,528,-11,-1,false,true,0,True,1,-1
H1W04813,0042500224,OKC-LAL,3,511,-9,-6,false,true,-2,True,2,-1
H1W04814,0042500224,OKC-LAL,3,489,-9,-2,false,true,-2,True,2,-1
H1W04815,0042500224,OKC-LAL,3,282,-8,4,false,true,4,True,7,0
H1W04816,0042500224,OKC-LAL,3,264,-5,-1,false,true,1,True,6,1
H1W04817,0042500224,OKC-LAL,3,249,-5,2,false,true,4,True,4,1
H1W04818,0042500224,OKC-LAL,3,227,-5,2,false,true,2,True,6,1
H1W04819,0042500224,OKC-LAL,3,220,-7,3,false,true,6,True,6,1
H1W04820,0042500224,OKC-LAL,3,204,-4,-1,false,true,3,True,5,1
H1W04821,0042500224,OKC-LAL,3,200,-4,4,false,true,5,True,5,0
H1W04822,0042500224,OKC-LAL,3,188,-1,1,true,false,0,True,4,0
H1W04823,0042500224,OKC-LAL,3,169,-3,4,true,false,4,True,5,0
H1W04824,0042500224,OKC-LAL,3,151,-1,2,true,false,0,True,5,0
H1W04825,0042500224,OKC-LAL,3,134,-1,6,true,false,2,False,,0
H1W04826,0042500224,OKC-LAL,3,123,1,3,true,false,0,False,,0
H1W04827,0042500224,OKC-LAL,3,104,-1,5,true,false,4,False,,0
H1W04828,0042500224,OKC-LAL,3,82,1,0,true,false,1,False,,0
H1W04829,0042500224,OKC-LAL,3,65,-1,4,true,false,5,False,,0
H1W04830,0042500224,OKC-LAL,4,606,3,-1,false,false,0,True,0,-1
H1W04831,0042500224,OKC-LAL,4,586,5,-1,false,false,-2,True,-2,-1
H1W04832,0042500224,OKC-LAL,4,529,3,0,false,true,0,True,-3,0
H1W04833,0042500224,OKC-LAL,4,523,3,0,false,true,0,True,-6,-1
H1W04834,0042500224,OKC-LAL,4,520,5,-2,false,true,-2,True,-8,-1
H1W04835,0042500224,OKC-LAL,4,446,3,0,false,true,-6,True,-4,-1
H1W04836,0042500224,OKC-LAL,4,439,3,0,false,true,-6,True,-6,-2
H1W04837,0042500224,OKC-LAL,4,424,3,-2,false,true,-6,True,-4,-2
H1W04838,0042500224,OKC-LAL,4,413,0,1,false,true,-1,True,-4,-2
H1W04839,0042500224,OKC-LAL,4,395,0,-5,false,true,-3,True,-2,-1
H1W04840,0042500224,OKC-LAL,4,374,-3,-3,false,true,2,True,-2,-1
H1W04841,0042500224,OKC-LAL,4,362,-3,-6,false,true,0,True,1,0
H1W04842,0042500224,OKC-LAL,4,349,-3,-6,false,true,2,True,1,0
H1W04843,0042500224,OKC-LAL,4,331,-1,-6,false,true,-3,True,-1,0
H1W04844,0042500224,OKC-LAL,4,310,-3,-1,false,true,1,True,-1,0
H1W04845,0042500224,OKC-LAL,4,296,-1,-3,false,true,-4,True,-3,0
H1W04846,0042500224,OKC-LAL,4,274,-3,2,false,true,1,True,-3,0
H1W04847,0042500224,OKC-LAL,4,259,-1,0,false,true,-1,True,-1,0
H1W04848,0042500224,OKC-LAL,4,237,-4,2,false,true,2,True,2,-1
H1W04849,0042500224,OKC-LAL,4,222,-2,-3,false,true,-2,True,0,-1
H1W04850,0042500224,OKC-LAL,4,205,-5,1,false,true,1,True,3,-1
H1W04851,0042500224,OKC-LAL,4,190,-2,-4,false,false,-4,True,3,-1
H1W04852,0042500224,OKC-LAL,4,171,-2,1,false,false,0,True,1,-1
H1W04853,0042500224,OKC-LAL,4,40,1,2,true,false,-6,False,,0
H1W04854,0042500224,OKC-LAL,4,32,-1,7,true,false,-4,False,,0
H1W04855,0042500231,SAS-MIN,1,645,0,0,false,false,0,True,0,-1
H1W04856,0042500231,SAS-MIN,1,628,0,0,false,false,3,True,0,-1
H1W04857,0042500231,SAS-MIN,1,614,2,0,false,false,-1,True,0,-1
H1W04858,0042500231,SAS-MIN,1,600,0,2,false,false,1,True,2,-1
H1W04859,0042500231,SAS-MIN,1,591,0,0,false,false,-1,True,5,0
H1W04860,0042500231,SAS-MIN,1,570,0,0,false,false,0,True,3,0
H1W04861,0042500231,SAS-MIN,1,565,3,0,false,false,-3,True,0,0
H1W04862,0042500231,SAS-MIN,1,553,1,3,false,false,1,True,2,0
H1W04863,0042500231,SAS-MIN,1,539,1,-1,false,false,1,True,2,0
H1W04864,0042500231,SAS-MIN,1,531,-1,1,false,false,6,True,4,0
H1W04865,0042500231,SAS-MIN,1,516,0,-1,false,false,3,True,3,0
H1W04866,0042500231,SAS-MIN,1,498,0,0,false,false,3,True,3,0
H1W04867,0042500231,SAS-MIN,1,455,5,1,true,false,-2,True,2,1
H1W04868,0042500231,SAS-MIN,1,338,3,0,true,false,2,True,0,0
H1W04869,0042500231,SAS-MIN,1,325,6,0,true,false,-3,True,-3,0
H1W04870,0042500231,SAS-MIN,1,306,4,3,true,false,-1,True,-4,0
H1W04871,0042500231,SAS-MIN,1,284,7,1,true,false,-4,True,-5,0
H1W04872,0042500231,SAS-MIN,1,266,5,4,true,false,-2,True,-5,-1
H1W04873,0042500231,SAS-MIN,1,241,5,2,true,false,-2,True,-5,0
H1W04874,0042500231,SAS-MIN,1,227,3,2,true,false,0,True,-6,0
H1W04875,0042500231,SAS-MIN,1,204,3,-3,true,false,-3,True,-4,0
H1W04876,0042500231,SAS-MIN,1,198,3,-1,true,false,-1,True,-4,0
H1W04877,0042500231,SAS-MIN,1,182,3,-4,false,true,-3,True,-2,1
H1W04878,0042500231,SAS-MIN,1,170,3,-2,false,true,-3,True,-2,0
H1W04879,0042500231,SAS-MIN,1,164,3,-2,false,true,-6,True,-2,0
H1W04880,0042500231,SAS-MIN,1,148,0,0,false,true,-1,True,1,0
H1W04881,0042500231,SAS-MIN,1,124,2,-3,false,true,-3,True,-1,0
H1W04882,0042500231,SAS-MIN,1,104,0,-1,false,true,1,True,-1,0
H1W04883,0042500231,SAS-MIN,1,91,0,-3,false,true,1,False,,0
H1W04884,0042500231,SAS-MIN,1,87,-3,-3,false,true,4,False,,0
H1W04885,0042500231,SAS-MIN,1,67,-1,-6,false,true,2,False,,0
H1W04886,0042500231,SAS-MIN,1,57,-1,-1,false,true,2,False,,0
H1W04887,0042500231,SAS-MIN,1,51,1,-3,false,true,-2,False,,0
H1W04888,0042500231,SAS-MIN,2,600,-6,-5,false,true,5,True,9,1
H1W04889,0042500231,SAS-MIN,2,589,-4,-5,false,true,3,True,7,2
H1W04890,0042500231,SAS-MIN,2,564,-4,-1,false,true,4,True,7,2
H1W04891,0042500231,SAS-MIN,2,561,-1,-1,true,false,1,True,7,2
H1W04892,0042500231,SAS-MIN,2,543,-1,5,true,false,4,True,4,1
H1W04893,0042500231,SAS-MIN,2,530,-1,5,true,false,4,True,4,1
H1W04894,0042500231,SAS-MIN,2,526,-1,5,true,false,4,True,4,0
H1W04895,0042500231,SAS-MIN,2,518,0,3,true,false,3,True,3,0
H1W04896,0042500231,SAS-MIN,2,482,0,4,true,false,6,True,1,0
H1W04897,0042500231,SAS-MIN,2,474,3,1,true,false,0,True,-2,0
H1W04898,0042500231,SAS-MIN,2,441,3,4,true,false,0,True,-4,-1
H1W04899,0042500231,SAS-MIN,2,414,3,4,true,false,0,True,-2,-1
H1W04900,0042500231,SAS-MIN,2,406,3,4,true,false,0,True,-5,-1
H1W04901,0042500231,SAS-MIN,2,398,6,3,true,false,-5,True,-8,-1
H1W04902,0042500231,SAS-MIN,2,367,3,6,true,false,-2,True,-5,-1
H1W04903,0042500231,SAS-MIN,2,345,3,0,true,false,-4,True,-3,0
H1W04904,0042500231,SAS-MIN,2,333,3,0,true,false,-2,True,-5,0
H1W04905,0042500231,SAS-MIN,2,306,3,0,true,false,-5,True,-3,0
H1W04906,0042500231,SAS-MIN,2,302,1,0,false,true,-3,True,-1,0
H1W04907,0042500231,SAS-MIN,2,283,1,-5,false,true,-3,True,1,0
H1W04908,0042500231,SAS-MIN,2,271,-1,-2,false,true,1,True,3,0
H1W04909,0042500231,SAS-MIN,2,264,1,-4,false,true,-3,True,3,0
H1W04910,0042500231,SAS-MIN,2,246,-2,-2,false,true,2,True,4,0
H1W04911,0042500231,SAS-MIN,2,218,-2,-5,false,true,2,True,4,1
H1W04912,0042500231,SAS-MIN,2,204,-2,-3,false,true,4,True,2,1
H1W04913,0042500231,SAS-MIN,2,201,0,-3,false,true,2,True,0,1
H1W04914,0042500231,SAS-MIN,2,179,-2,1,false,true,6,True,2,1
H1W04915,0042500231,SAS-MIN,2,159,0,-3,false,true,2,True,0,1
H1W04916,0042500231,SAS-MIN,3,625,2,2,false,false,-3,True,-1,0
H1W04917,0042500231,SAS-MIN,3,622,4,0,false,false,-7,True,-3,0
H1W04918,0042500231,SAS-MIN,3,574,-1,2,false,true,2,True,1,0
H1W04919,0042500231,SAS-MIN,3,561,-1,-3,false,true,2,True,1,1
H1W04920,0042500231,SAS-MIN,3,529,-3,-3,false,true,4,True,1,1
H1W04921,0042500231,SAS-MIN,3,504,-1,-7,false,true,1,True,1,1
H1W04922,0042500231,SAS-MIN,3,466,-1,-3,false,true,1,True,-1,1
H1W04923,0042500231,SAS-MIN,3,451,1,-3,false,true,-1,True,-1,1
H1W04924,0042500231,SAS-MIN,3,440,1,2,false,true,-1,True,-3,0
H1W04925,0042500231,SAS-MIN,3,420,1,2,false,true,-3,True,0,0
H1W04926,0042500231,SAS-MIN,3,415,0,4,false,true,0,True,-1,0
H1W04927,0042500231,SAS-MIN,3,393,0,1,false,true,-2,True,-1,0
H1W04928,0042500231,SAS-MIN,3,368,0,1,false,true,0,True,-1,0
H1W04929,0042500231,SAS-MIN,3,338,0,-1,false,true,-2,True,2,0
H1W04930,0042500231,SAS-MIN,3,335,-2,-1,false,true,3,True,3,0
H1W04931,0042500231,SAS-MIN,3,322,0,-3,false,true,-1,True,1,0
H1W04932,0042500231,SAS-MIN,3,301,-2,0,false,true,1,True,3,-1
H1W04933,0042500231,SAS-MIN,3,290,0,-2,false,true,-1,True,2,-1
H1W04934,0042500231,SAS-MIN,3,274,-2,0,false,true,4,True,3,-1
H1W04935,0042500231,SAS-MIN,3,256,1,-2,false,true,0,True,0,-1
H1W04936,0042500231,SAS-MIN,3,243,-1,3,false,false,2,True,2,-2
H1W04937,0042500231,SAS-MIN,3,237,-1,-1,false,false,2,True,2,-1
H1W04938,0042500231,SAS-MIN,3,223,-1,1,false,false,3,True,2,-1
H1W04939,0042500231,SAS-MIN,3,188,1,0,false,true,0,True,4,-1
H1W04940,0042500231,SAS-MIN,3,171,1,2,false,true,0,True,2,-1
H1W04941,0042500231,SAS-MIN,3,169,2,2,false,true,-1,True,1,0
H1W04942,0042500231,SAS-MIN,3,156,1,3,false,true,2,True,0,0
H1W04943,0042500231,SAS-MIN,4,608,0,-5,false,true,-2,True,0,1
H1W04944,0042500231,SAS-MIN,4,592,-2,0,false,true,3,True,0,1
H1W04945,0042500231,SAS-MIN,4,576,0,-5,false,true,1,True,-2,1
H1W04946,0042500231,SAS-MIN,4,560,-2,0,false,true,5,True,-2,1
H1W04947,0042500231,SAS-MIN,4,545,-2,-2,false,true,2,True,0,1
H1W04948,0042500231,SAS-MIN,4,540,-2,0,false,true,2,True,-2,0
H1W04949,0042500231,SAS-MIN,4,522,1,-2,false,true,-3,True,-5,0
H1W04950,0042500231,SAS-MIN,4,318,-6,0,false,true,-1,True,-1,-1
H1W04951,0042500231,SAS-MIN,4,303,-6,-4,false,true,-3,True,-1,0
H1W04952,0042500231,SAS-MIN,4,282,-9,-2,false,true,3,True,2,0
H1W04953,0042500231,SAS-MIN,4,264,-9,-5,false,true,1,True,4,0
H1W04954,0042500231,SAS-MIN,4,249,-9,-5,false,true,2,True,2,0
H1W04955,0042500231,SAS-MIN,4,244,-7,-5,false,true,0,True,2,0
H1W04956,0042500231,SAS-MIN,4,221,-9,-1,false,true,2,True,3,0
H1W04957,0042500231,SAS-MIN,4,211,-6,-3,false,true,-1,True,2,0
H1W04958,0042500231,SAS-MIN,4,200,-8,3,false,true,3,True,2,0
H1W04959,0042500231,SAS-MIN,4,180,-7,1,false,true,0,True,3,0
H1W04960,0042500231,SAS-MIN,4,163,-7,2,true,false,2,True,3,0
H1W04961,0042500231,SAS-MIN,4,151,-7,0,true,false,1,True,5,0
H1W04962,0042500231,SAS-MIN,4,127,-7,2,true,false,3,True,5,0
H1W04963,0042500231,SAS-MIN,4,122,-5,-1,true,false,-1,True,3,0
H1W04964,0042500231,SAS-MIN,4,104,-7,3,true,false,3,False,,0
H1W04965,0042500231,SAS-MIN,4,94,-5,0,true,false,1,False,,1
H1W04966,0042500231,SAS-MIN,4,79,-6,2,true,false,4,False,,1
H1W04967,0042500231,SAS-MIN,4,67,-4,1,true,false,2,False,,1
H1W04968,0042500231,SAS-MIN,4,49,-6,3,true,false,4,False,,1
H1W04969,0042500232,SAS-MIN,1,640,0,0,true,false,3,True,-1,0
H1W04970,0042500232,SAS-MIN,1,634,2,0,true,false,1,True,-1,0
H1W04971,0042500232,SAS-MIN,1,616,0,2,true,false,3,True,1,0
H1W04972,0042500232,SAS-MIN,1,600,2,0,true,false,-1,True,2,0
H1W04973,0042500232,SAS-MIN,1,579,1,2,true,false,0,True,1,-1
H1W04974,0042500232,SAS-MIN,1,565,3,1,true,false,-4,True,1,-1
H1W04975,0042500232,SAS-MIN,1,547,3,3,true,false,-2,True,-1,-1
H1W04976,0042500232,SAS-MIN,1,537,3,1,true,false,-2,True,-1,-1
H1W04977,0042500232,SAS-MIN,1,532,1,3,true,false,3,True,1,-1
H1W04978,0042500232,SAS-MIN,1,387,2,-2,false,true,-1,True,-1,0
H1W04979,0042500232,SAS-MIN,1,384,1,0,false,true,0,True,0,0
H1W04980,0042500232,SAS-MIN,1,367,1,-3,false,true,0,True,0,0
H1W04981,0042500232,SAS-MIN,1,360,1,-1,false,true,0,True,0,0
H1W04982,0042500232,SAS-MIN,1,335,1,-1,false,true,-2,True,0,0
H1W04983,0042500232,SAS-MIN,1,319,1,-1,false,true,0,True,0,0
H1W04984,0042500232,SAS-MIN,1,307,1,-1,false,true,0,True,2,0
H1W04985,0042500232,SAS-MIN,1,293,1,0,false,true,0,True,2,0
H1W04986,0042500232,SAS-MIN,1,285,1,0,false,true,0,True,4,0
H1W04987,0042500232,SAS-MIN,1,273,-1,0,false,true,2,True,6,0
H1W04988,0042500232,SAS-MIN,1,264,1,-2,false,true,0,True,4,0
H1W04989,0042500232,SAS-MIN,1,243,1,0,false,true,2,True,4,0
H1W04990,0042500232,SAS-MIN,1,235,1,0,false,true,2,True,4,1
H1W04991,0042500232,SAS-MIN,1,217,1,0,false,true,4,True,4,1
H1W04992,0042500232,SAS-MIN,1,204,1,0,false,true,4,True,4,1
H1W04993,0042500232,SAS-MIN,1,182,1,2,false,true,4,True,4,1
H1W04994,0042500232,SAS-MIN,1,174,3,0,false,true,2,True,4,2
H1W04995,0042500232,SAS-MIN,1,155,3,2,false,true,2,True,1,1
H1W04996,0042500232,SAS-MIN,1,151,5,2,true,false,0,True,2,2
H1W04997,0042500232,SAS-MIN,1,135,5,4,true,false,0,True,2,2
H1W04998,0042500232,SAS-MIN,1,125,5,4,true,false,0,False,,2
H1W04999,0042500232,SAS-MIN,1,120,5,4,true,false,2,False,,1
H1W05000,0042500232,SAS-MIN,1,107,5,2,true,false,-1,False,,1
H1W05001,0042500232,SAS-MIN,1,96,5,2,true,false,2,False,,0
H1W05002,0042500232,SAS-MIN,1,75,5,0,true,false,2,False,,0
H1W05003,0042500232,SAS-MIN,2,632,9,0,true,false,0,True,0,1
H1W05004,0042500232,SAS-MIN,2,618,6,4,true,false,5,True,3,1
H1W05005,0042500232,SAS-MIN,2,611,7,-1,true,false,2,True,5,1
H1W05006,0042500232,SAS-MIN,2,600,7,0,true,false,2,True,5,-1
H1W05007,0042500232,SAS-MIN,2,589,9,0,true,false,0,True,3,-1
H1W05008,0042500232,SAS-MIN,2,572,9,2,true,false,0,True,3,-2
H1W05009,0042500232,SAS-MIN,2,569,11,0,true,false,-2,True,3,-2
H1W05010,0042500232,SAS-MIN,2,551,9,5,true,false,3,True,3,-2
H1W05011,0042500232,SAS-MIN,2,536,9,2,true,false,3,True,5,-1
H1W05012,0042500232,SAS-MIN,2,519,9,2,true,false,3,True,5,-1
H1W05013,0042500232,SAS-MIN,2,352,17,2,true,false,-2,True,-3,0
H1W05014,0042500232,SAS-MIN,2,339,17,5,true,false,-2,True,-5,0
H1W05015,0042500232,SAS-MIN,2,323,17,3,true,false,-4,True,-3,0
H1W05016,0042500232,SAS-MIN,2,318,15,5,true,false,-1,True,-1,0
H1W05017,0042500232,SAS-MIN,2,307,15,1,true,false,-1,True,1,1
H1W05018,0042500232,SAS-MIN,2,302,15,1,true,false,-1,True,-1,1
H1W05019,0042500232,SAS-MIN,2,296,15,-2,true,false,-3,True,1,1
H1W05020,0042500232,SAS-MIN,2,281,13,-2,false,true,1,True,3,1
H1W05021,0042500232,SAS-MIN,2,262,14,-4,false,true,0,True,4,1
H1W05022,0042500232,SAS-MIN,2,251,14,-1,false,true,2,True,4,0
H1W05023,0042500232,SAS-MIN,2,240,14,-1,false,true,0,True,6,0
H1W05024,0042500232,SAS-MIN,2,229,12,-1,false,true,4,True,8,0
H1W05025,0042500232,SAS-MIN,2,221,14,-3,true,false,2,True,9,0
H1W05026,0042500232,SAS-MIN,2,198,14,1,true,false,4,True,9,0
H1W05027,0042500232,SAS-MIN,2,183,16,0,true,false,2,True,7,0
H1W05028,0042500232,SAS-MIN,2,165,14,2,true,false,6,True,9,0
H1W05029,0042500232,SAS-MIN,2,125,18,2,true,false,5,True,6,1
H1W05030,0042500232,SAS-MIN,2,106,18,4,true,false,5,False,,0
H1W05031,0042500232,SAS-MIN,2,103,20,2,true,false,3,False,,1
H1W05032,0042500232,SAS-MIN,2,79,20,6,true,false,5,False,,1
H1W05033,0042500232,SAS-MIN,2,69,23,4,true,false,1,False,,1
H1W05034,0042500232,SAS-MIN,2,52,23,7,true,false,1,False,,0
H1W05035,0042500232,SAS-MIN,3,464,21,-5,false,true,5,True,2,0
H1W05036,0042500232,SAS-MIN,3,453,25,-6,false,true,-1,True,0,0
H1W05037,0042500232,SAS-MIN,3,429,23,1,false,true,1,True,0,0
H1W05038,0042500232,SAS-MIN,3,426,25,-1,false,true,-3,True,1,0
H1W05039,0042500232,SAS-MIN,3,391,23,5,false,true,0,True,3,0
H1W05040,0042500232,SAS-MIN,3,379,26,1,false,true,-3,True,3,0
H1W05041,0042500232,SAS-MIN,3,368,24,5,false,true,1,True,5,0
H1W05042,0042500232,SAS-MIN,3,342,24,-1,false,true,-1,True,5,0
H1W05043,0042500232,SAS-MIN,3,337,21,1,false,true,4,True,7,0
H1W05044,0042500232,SAS-MIN,3,318,22,-3,false,true,3,True,9,0
H1W05045,0042500232,SAS-MIN,3,301,22,0,false,false,6,True,9,0
H1W05046,0042500232,SAS-MIN,3,295,24,-3,false,false,4,True,9,1
H1W05047,0042500232,SAS-MIN,3,292,22,1,false,false,6,True,11,1
H1W05048,0042500232,SAS-MIN,3,236,28,6,true,false,5,True,2,0
H1W05049,0042500232,SAS-MIN,3,220,28,4,true,false,5,True,2,1
H1W05050,0042500232,SAS-MIN,3,206,28,6,true,false,5,True,2,0
H1W05051,0042500232,SAS-MIN,3,200,31,3,true,false,-1,True,2,0
H1W05052,0042500232,SAS-MIN,3,184,31,6,true,false,-1,True,2,0
H1W05053,0042500232,SAS-MIN,3,182,33,3,true,false,-3,True,3,1
H1W05054,0042500232,SAS-MIN,3,172,33,5,true,false,-3,True,3,-1
H1W05055,0042500232,SAS-MIN,3,170,33,5,true,false,-3,True,3,0
H1W05056,0042500232,SAS-MIN,3,157,30,5,true,false,3,True,4,0
H1W05057,0042500232,SAS-MIN,3,131,30,-1,true,false,3,True,6,0
H1W05058,0042500232,SAS-MIN,3,123,30,-1,true,false,6,True,6,-1
H1W05059,0042500232,SAS-MIN,3,50,34,6,true,false,-1,False,,0
H1W05060,0042500232,SAS-MIN,4,617,35,2,true,false,3,True,0,0
H1W05061,0042500232,SAS-MIN,4,607,37,2,true,false,-2,True,1,0
H1W05062,0042500232,SAS-MIN,4,598,35,4,true,false,0,True,3,0
H1W05063,0042500232,SAS-MIN,4,587,37,0,true,false,-2,True,3,0
H1W05064,0042500232,SAS-MIN,4,573,35,4,true,false,0,True,3,0
H1W05065,0042500232,SAS-MIN,4,551,38,0,true,false,-3,True,2,0
H1W05066,0042500232,SAS-MIN,4,538,35,3,true,false,3,True,5,0
H1W05067,0042500232,SAS-MIN,4,523,35,-2,false,true,3,True,7,1
H1W05068,0042500232,SAS-MIN,4,518,35,0,false,true,5,True,6,1
H1W05069,0042500232,SAS-MIN,4,498,35,-2,false,true,3,True,9,1
H1W05070,0042500232,SAS-MIN,4,478,35,0,false,true,5,True,7,1
H1W05071,0042500232,SAS-MIN,4,473,38,-3,false,true,2,True,7,2
H1W05072,0042500232,SAS-MIN,4,461,38,3,true,false,4,False,,1
H1W05073,0042500232,SAS-MIN,4,457,40,3,true,false,1,False,,1
H1W05074,0042500232,SAS-MIN,4,442,38,5,true,false,6,False,,1
H1W05075,0042500232,SAS-MIN,4,427,40,3,true,false,2,False,,1
H1W05076,0042500232,SAS-MIN,4,420,40,5,true,false,5,False,,0
H1W05077,0042500233,SAS-MIN,1,632,-4,-4,false,true,1,True,-4,-1
H1W05078,0042500233,SAS-MIN,1,618,-4,-2,false,true,1,True,-4,-1
H1W05079,0042500233,SAS-MIN,1,611,-3,-2,false,true,-3,True,-5,-1
H1W05080,0042500233,SAS-MIN,1,598,-3,-1,false,true,-3,True,-7,-1
H1W05081,0042500233,SAS-MIN,1,588,-3,-1,false,true,-5,True,-7,0
H1W05082,0042500233,SAS-MIN,1,571,-3,1,false,true,-5,True,-7,0
H1W05083,0042500233,SAS-MIN,1,558,-3,1,false,false,-5,True,-7,0
H1W05084,0042500233,SAS-MIN,1,531,-8,-3,false,true,-2,True,-2,0
H1W05085,0042500233,SAS-MIN,1,515,-8,-5,false,true,-2,True,-2,0
H1W05086,0042500233,SAS-MIN,1,503,-8,-5,false,true,-2,True,-2,0
H1W05087,0042500233,SAS-MIN,1,487,-8,-5,false,true,-2,True,-2,0
H1W05088,0042500233,SAS-MIN,1,473,-10,-2,false,true,0,True,0,0
H1W05089,0042500233,SAS-MIN,1,449,-10,-4,false,true,0,True,0,0
H1W05090,0042500233,SAS-MIN,1,431,-10,-2,false,true,0,True,-3,0
H1W05091,0042500233,SAS-MIN,1,425,-10,-2,false,true,0,True,-1,0
H1W05092,0042500233,SAS-MIN,1,412,-10,-2,false,true,0,True,-1,-1
H1W05093,0042500233,SAS-MIN,1,400,-10,-2,false,true,0,True,-1,-1
H1W05094,0042500233,SAS-MIN,1,394,-10,0,false,true,0,True,-3,-1
H1W05095,0042500233,SAS-MIN,1,382,-10,0,false,false,-3,True,-3,-1
H1W05096,0042500233,SAS-MIN,1,367,-10,0,false,false,-1,True,-5,-1
H1W05097,0042500233,SAS-MIN,1,322,-13,0,false,true,0,True,1,-1
H1W05098,0042500233,SAS-MIN,1,312,-11,-3,false,true,-4,True,1,-1
H1W05099,0042500233,SAS-MIN,1,298,-11,-1,false,true,-4,True,1,-1
H1W05100,0042500233,SAS-MIN,1,165,-10,5,true,false,4,True,3,0
H1W05101,0042500233,SAS-MIN,1,159,-8,5,true,false,2,True,4,1
H1W05102,0042500233,SAS-MIN,1,134,-8,7,true,false,4,True,4,1
H1W05103,0042500233,SAS-MIN,1,128,-6,4,true,false,1,True,5,1
H1W05104,0042500233,SAS-MIN,1,106,-8,6,true,false,3,False,,1
H1W05105,0042500233,SAS-MIN,1,94,-6,2,true,false,-1,False,,1
H1W05106,0042500233,SAS-MIN,1,81,-6,4,true,false,2,False,,0
H1W05107,0042500233,SAS-MIN,1,72,-4,2,true,false,0,False,,0
H1W05108,0042500233,SAS-MIN,1,63,-5,4,true,false,4,False,,0
H1W05109,0042500233,SAS-MIN,2,625,2,5,true,false,2,True,-1,1
H1W05110,0042500233,SAS-MIN,2,610,2,1,true,false,0,True,-1,1
H1W05111,0042500233,SAS-MIN,2,601,2,1,true,false,0,True,-1,0
H1W05112,0042500233,SAS-MIN,2,585,2,-1,true,false,-1,True,-1,0
H1W05113,0042500233,SAS-MIN,2,577,2,1,true,false,-1,True,-4,0
H1W05114,0042500233,SAS-MIN,2,564,4,-2,false,false,-3,True,-4,0
H1W05115,0042500233,SAS-MIN,2,550,2,2,false,false,-1,True,-5,0
H1W05116,0042500233,SAS-MIN,2,533,2,0,false,false,-1,True,-3,0
H1W05117,0042500233,SAS-MIN,2,525,1,0,false,false,0,True,-5,-1
H1W05118,0042500233,SAS-MIN,2,515,1,-1,false,false,-3,True,-3,-1
H1W05119,0042500233,SAS-MIN,2,500,1,-1,false,false,-1,True,-3,-1
H1W05120,0042500233,SAS-MIN,2,473,-2,0,false,true,0,True,-1,0
H1W05121,0042500233,SAS-MIN,2,447,0,-3,false,true,-2,True,-3,0
H1W05122,0042500233,SAS-MIN,2,436,-3,-1,false,true,1,True,-1,0
H1W05123,0042500233,SAS-MIN,2,401,-1,-4,false,true,-1,True,-3,1
H1W05124,0042500233,SAS-MIN,2,378,-4,-2,false,true,2,True,-2,0
H1W05125,0042500233,SAS-MIN,2,347,-2,-5,false,true,-1,True,-2,0
H1W05126,0042500233,SAS-MIN,2,326,-2,0,false,true,-1,True,-2,0
H1W05127,0042500233,SAS-MIN,2,294,-3,2,false,true,-1,True,-1,0
H1W05128,0042500233,SAS-MIN,2,284,-3,-1,false,true,-1,True,1,0
H1W05129,0042500233,SAS-MIN,2,281,-4,-1,false,true,0,True,2,0
H1W05130,0042500233,SAS-MIN,2,258,-4,-2,false,true,0,True,5,0
H1W05131,0042500233,SAS-MIN,2,249,-6,-2,false,true,4,True,6,0
H1W05132,0042500233,SAS-MIN,2,239,-4,-4,false,true,0,True,4,0
H1W05133,0042500233,SAS-MIN,2,230,-4,-1,false,true,2,True,4,0
H1W05134,0042500233,SAS-MIN,2,223,-4,-1,false,true,2,True,4,1
H1W05135,0042500233,SAS-MIN,2,205,-4,0,false,true,5,True,3,1
H1W05136,0042500233,SAS-MIN,2,194,-2,0,true,false,2,True,3,1
H1W05137,0042500233,SAS-MIN,2,179,-4,4,true,false,4,True,3,1
H1W05138,0042500233,SAS-MIN,2,166,-2,0,true,false,2,True,1,1
H1W05139,0042500233,SAS-MIN,2,159,-2,2,true,false,2,True,-1,0
H1W05140,0042500233,SAS-MIN,2,141,1,2,true,false,-2,True,-1,0
H1W05141,0042500233,SAS-MIN,2,118,0,5,true,false,1,False,,0
H1W05142,0042500233,SAS-MIN,2,98,0,2,true,false,-1,False,,0
H1W05143,0042500233,SAS-MIN,2,85,0,4,true,false,-1,False,,-1
H1W05144,0042500233,SAS-MIN,2,73,0,2,true,false,-3,False,,-1
H1W05145,0042500233,SAS-MIN,2,63,-1,2,true,false,1,False,,-1
H1W05146,0042500233,SAS-MIN,3,475,-4,-3,true,false,0,True,0,0
H1W05147,0042500233,SAS-MIN,3,461,-7,2,true,false,6,True,1,0
H1W05148,0042500233,SAS-MIN,3,445,-4,-3,true,false,0,True,0,0
H1W05149,0042500233,SAS-MIN,3,436,-6,0,true,false,5,True,2,0
H1W05150,0042500233,SAS-MIN,3,315,-6,0,false,true,0,True,1,-1
H1W05151,0042500233,SAS-MIN,3,301,-4,-5,false,true,-3,True,2,-1
H1W05152,0042500233,SAS-MIN,3,275,-4,0,false,true,-3,True,0,-2
H1W05153,0042500233,SAS-MIN,3,266,-4,-3,false,true,-3,True,2,-1
H1W05154,0042500233,SAS-MIN,3,252,-6,0,false,true,1,True,2,-1
H1W05155,0042500233,SAS-MIN,3,232,-6,-2,false,true,1,True,2,0
H1W05156,0042500233,SAS-MIN,3,227,-7,0,false,true,5,True,1,0
H1W05157,0042500233,SAS-MIN,4,574,-8,3,false,true,2,True,2,0
H1W05158,0042500233,SAS-MIN,4,564,-5,-1,false,true,-1,True,2,0
H1W05159,0042500233,SAS-MIN,4,549,-8,2,false,true,4,True,5,0
H1W05160,0042500233,SAS-MIN,4,529,-8,-1,false,true,2,True,7,0
H1W05161,0042500233,SAS-MIN,4,518,-8,1,false,true,4,True,4,0
H1W05162,0042500233,SAS-MIN,4,511,-6,-2,false,true,0,True,4,0
H1W05163,0042500233,SAS-MIN,4,487,-6,2,true,false,3,True,4,0
H1W05164,0042500233,SAS-MIN,4,483,-4,-1,true,false,1,True,2,0
H1W05165,0042500233,SAS-MIN,4,461,-6,4,true,false,5,True,2,0
H1W05166,0042500233,SAS-MIN,4,441,-4,2,true,false,0,True,0,0
H1W05167,0042500233,SAS-MIN,4,429,-6,4,true,false,4,True,0,0
H1W05168,0042500233,SAS-MIN,4,405,-3,0,true,false,1,True,0,0
H1W05169,0042500233,SAS-MIN,4,391,-3,3,true,false,1,True,-3,0
H1W05170,0042500233,SAS-MIN,4,378,-1,1,true,false,-3,True,-5,0
H1W05171,0042500233,SAS-MIN,4,363,-4,5,true,false,0,True,-2,0
H1W05172,0042500233,SAS-MIN,4,340,-2,0,true,false,-4,True,-4,0
H1W05173,0042500233,SAS-MIN,4,319,-2,4,true,false,-1,True,-4,0
H1W05174,0042500233,SAS-MIN,4,296,-2,1,true,false,-4,True,-2,0
H1W05175,0042500233,SAS-MIN,4,263,-4,1,true,false,-2,True,-2,0
H1W05176,0042500233,SAS-MIN,4,242,-4,-3,true,false,-2,True,-2,1
H1W05177,0042500233,SAS-MIN,4,225,-6,0,true,false,0,True,0,1
H1W05178,0042500233,SAS-MIN,4,207,-3,-4,true,false,-3,True,-3,1
H1W05179,0042500233,SAS-MIN,4,186,-6,-1,false,false,2,True,-2,1
H1W05180,0042500233,SAS-MIN,4,157,-6,-4,false,false,0,True,1,1
H1W05181,0042500233,SAS-MIN,4,146,-6,-2,false,false,0,True,-1,0
H1W05182,0042500233,SAS-MIN,4,127,-6,-2,false,false,0,True,-1,0
H1W05183,0042500233,SAS-MIN,4,115,-6,0,false,false,0,False,,0
H1W05184,0042500233,SAS-MIN,4,105,-4,-3,false,false,-4,False,,0
H1W05185,0042500233,SAS-MIN,4,82,-6,2,false,false,1,False,,0
H1W05186,0042500233,SAS-MIN,4,58,-6,0,false,false,-1,False,,0
H1W05187,0042500233,SAS-MIN,4,51,-6,0,false,false,-1,False,,0
H1W05188,0042500234,SAS-MIN,1,621,-2,-5,false,true,-2,True,0,0
H1W05189,0042500234,SAS-MIN,1,603,-4,-2,false,true,2,True,2,0
H1W05190,0042500234,SAS-MIN,1,576,-4,-4,false,true,2,True,4,1
H1W05191,0042500234,SAS-MIN,1,548,-4,-2,false,true,2,True,2,0
H1W05192,0042500234,SAS-MIN,1,526,-1,-2,false,true,-1,True,-1,0
H1W05193,0042500234,SAS-MIN,1,513,-4,4,false,true,2,True,0,-1
H1W05194,0042500234,SAS-MIN,1,500,-2,-2,true,false,0,True,0,-1
H1W05195,0042500234,SAS-MIN,1,486,-2,2,true,false,2,True,-2,-2
H1W05196,0042500234,SAS-MIN,1,479,-2,2,true,false,0,True,-2,-1
H1W05197,0042500234,SAS-MIN,1,466,-2,2,true,false,0,True,-4,-1
H1W05198,0042500234,SAS-MIN,1,456,-2,-1,false,true,-2,True,-2,0
H1W05199,0042500234,SAS-MIN,1,449,-2,2,false,true,0,True,-2,0
H1W05200,0042500234,SAS-MIN,1,440,0,0,false,true,-4,True,-2,0
H1W05201,0042500234,SAS-MIN,1,423,-2,2,false,true,-2,True,0,0
H1W05202,0042500234,SAS-MIN,1,408,-2,0,false,true,-4,True,0,0
H1W05203,0042500234,SAS-MIN,1,392,-4,0,false,true,0,True,0,0
H1W05204,0042500234,SAS-MIN,1,374,-2,-2,false,true,-2,True,-2,1
H1W05205,0042500234,SAS-MIN,1,256,-2,2,true,false,0,True,4,1
H1W05206,0042500234,SAS-MIN,1,232,-2,2,true,false,-1,True,7,1
H1W05207,0042500234,SAS-MIN,1,225,-4,4,true,false,3,True,9,1
H1W05208,0042500234,SAS-MIN,1,211,-4,0,true,false,3,True,9,2
H1W05209,0042500234,SAS-MIN,1,207,-4,0,true,false,6,True,7,1
H1W05210,0042500234,SAS-MIN,1,204,-2,-2,true,false,4,True,5,2
H1W05211,0042500234,SAS-MIN,1,187,-3,0,true,false,8,True,4,2
H1W05212,0042500234,SAS-MIN,1,172,-1,-1,true,false,6,True,5,2
H1W05213,0042500234,SAS-MIN,1,161,-1,3,true,false,6,True,3,1
H1W05214,0042500234,SAS-MIN,1,151,2,3,true,false,1,True,2,1
H1W05215,0042500234,SAS-MIN,1,134,2,6,true,false,1,True,-1,-1
H1W05216,0042500234,SAS-MIN,2,631,6,2,true,false,-2,True,-4,0
H1W05217,0042500234,SAS-MIN,2,620,6,2,true,false,-2,True,-2,0
H1W05218,0042500234,SAS-MIN,2,601,6,2,true,false,-2,True,-2,0
H1W05219,0042500234,SAS-MIN,2,598,6,0,true,false,-4,True,1,0
H1W05220,0042500234,SAS-MIN,2,590,4,0,true,false,-2,True,3,0
H1W05221,0042500234,SAS-MIN,2,576,4,-2,true,false,-2,True,4,0
H1W05222,0042500234,SAS-MIN,2,565,4,-2,false,false,0,True,2,0
H1W05223,0042500234,SAS-MIN,2,549,4,-2,false,false,0,True,4,1
H1W05224,0042500234,SAS-MIN,2,543,2,-2,false,false,5,True,4,1
H1W05225,0042500234,SAS-MIN,2,530,2,-4,false,false,5,True,4,1
H1W05226,0042500234,SAS-MIN,2,519,2,-2,false,false,6,True,2,1
H1W05227,0042500234,SAS-MIN,2,483,7,0,true,false,-1,True,0,0
H1W05228,0042500234,SAS-MIN,2,462,7,5,true,false,-1,True,0,-1
H1W05229,0042500234,SAS-MIN,2,456,8,5,true,false,-4,True,-1,-1
H1W05230,0042500234,SAS-MIN,2,439,6,6,true,false,0,True,1,-1
H1W05231,0042500234,SAS-MIN,2,417,8,2,true,false,-4,True,0,-1
H1W05232,0042500234,SAS-MIN,2,395,6,4,true,false,1,True,1,-1
H1W05233,0042500234,SAS-MIN,2,379,6,-1,true,false,1,True,3,1
H1W05234,0042500234,SAS-MIN,2,270,7,3,true,false,0,True,-1,0
H1W05235,0042500234,SAS-MIN,2,261,8,1,true,false,-4,True,-2,0
H1W05236,0042500234,SAS-MIN,2,246,7,4,true,false,-1,True,-3,0
H1W05237,0042500234,SAS-MIN,2,232,9,0,true,false,-3,True,-3,0
H1W05238,0042500234,SAS-MIN,2,215,7,2,true,false,1,True,-1,0
H1W05239,0042500234,SAS-MIN,2,201,7,0,true,false,-1,True,-1,0
H1W05240,0042500234,SAS-MIN,2,187,4,0,false,true,2,True,2,-1
H1W05241,0042500234,SAS-MIN,2,165,6,-4,false,true,-2,True,0,-1
H1W05242,0042500234,SAS-MIN,2,148,6,-1,false,true,0,True,-2,-1
H1W05243,0042500234,SAS-MIN,2,142,8,-3,false,true,-2,True,-2,0
H1W05244,0042500234,SAS-MIN,2,115,4,2,false,true,2,False,,0
H1W05245,0042500234,SAS-MIN,2,101,6,-2,false,true,-2,False,,0
H1W05246,0042500234,SAS-MIN,2,93,6,0,false,true,0,False,,-1
H1W05247,0042500234,SAS-MIN,2,72,6,-2,false,true,-2,False,,0
H1W05248,0042500234,SAS-MIN,2,64,6,0,false,true,-2,False,,0
H1W05249,0042500234,SAS-MIN,3,657,2,0,false,true,0,True,-2,0
H1W05250,0042500234,SAS-MIN,3,643,2,-2,false,true,-2,True,-2,0
H1W05251,0042500234,SAS-MIN,3,635,0,-2,false,true,0,True,0,0
H1W05252,0042500234,SAS-MIN,3,616,2,-4,false,true,-4,True,0,0
H1W05253,0042500234,SAS-MIN,3,598,2,-2,false,true,-2,True,-2,0
H1W05254,0042500234,SAS-MIN,3,581,2,-2,false,true,-2,True,-2,0
H1W05255,0042500234,SAS-MIN,3,562,0,0,false,true,0,True,-3,-1
H1W05256,0042500234,SAS-MIN,3,539,0,-2,false,true,0,True,-1,-1
H1W05257,0042500234,SAS-MIN,3,530,-2,0,false,true,4,True,-2,-1
H1W05258,0042500234,SAS-MIN,3,517,0,-4,false,true,0,True,-4,-1
H1W05259,0042500234,SAS-MIN,3,484,0,-2,false,true,0,True,-6,-1
H1W05260,0042500234,SAS-MIN,3,462,0,-2,false,true,-3,True,-6,0
H1W05261,0042500234,SAS-MIN,3,444,0,0,false,true,-1,True,-6,0
H1W05262,0042500234,SAS-MIN,3,436,2,0,true,false,-6,True,-8,0
H1W05263,0042500234,SAS-MIN,3,427,0,4,true,false,-4,True,-8,0
H1W05264,0042500234,SAS-MIN,3,408,0,0,true,false,-6,True,-6,0
H1W05265,0042500234,SAS-MIN,3,404,-3,0,true,false,-3,True,-3,0
H1W05266,0042500234,SAS-MIN,3,379,-1,-3,true,false,-5,True,-5,0
H1W05267,0042500234,SAS-MIN,3,365,-4,-1,true,false,-2,True,-4,0
H1W05268,0042500234,SAS-MIN,3,350,-4,-6,true,false,-4,True,-2,0
H1W05269,0042500234,SAS-MIN,3,340,-6,-4,false,true,0,True,-2,0
H1W05270,0042500234,SAS-MIN,3,317,-6,-6,false,true,0,True,1,1
H1W05271,0042500234,SAS-MIN,3,306,-6,-3,false,true,0,True,-1,0
H1W05272,0042500234,SAS-MIN,3,292,-6,-5,false,true,-2,True,2,0
H1W05273,0042500234,SAS-MIN,3,273,-8,-2,false,true,2,True,4,0
H1W05274,0042500234,SAS-MIN,3,246,-6,-4,false,true,-2,True,4,0
H1W05275,0042500234,SAS-MIN,3,231,-6,0,false,true,1,True,4,-1
H1W05276,0042500234,SAS-MIN,3,166,-8,2,false,true,6,True,4,1
H1W05277,0042500234,SAS-MIN,3,149,-5,-2,false,true,3,True,1,2
H1W05278,0042500234,SAS-MIN,3,135,-7,1,false,true,5,False,,2
H1W05279,0042500234,SAS-MIN,3,122,-4,-1,false,true,2,False,,2
H1W05280,0042500234,SAS-MIN,3,113,-4,4,false,true,2,False,,0
H1W05281,0042500234,SAS-MIN,3,85,-2,2,true,false,-2,False,,0
H1W05282,0042500234,SAS-MIN,3,61,-2,6,true,false,-2,False,,-1
H1W05283,0042500234,SAS-MIN,4,625,-4,-2,false,false,-4,True,1,0
H1W05284,0042500234,SAS-MIN,4,609,-6,2,false,false,-2,True,0,0
H1W05285,0042500234,SAS-MIN,4,430,-3,-1,true,false,-1,True,2,1
H1W05286,0042500234,SAS-MIN,4,414,-6,5,true,false,4,True,5,1
H1W05287,0042500234,SAS-MIN,4,396,-6,2,true,false,4,True,7,1
H1W05288,0042500234,SAS-MIN,4,379,-6,2,true,false,7,True,7,1
H1W05289,0042500234,SAS-MIN,4,377,-4,0,true,false,3,True,5,1
H1W05290,0042500234,SAS-MIN,4,360,-4,2,true,false,3,True,3,0
H1W05291,0042500234,SAS-MIN,4,312,1,4,true,false,0,True,3,0
H1W05292,0042500234,SAS-MIN,4,288,-1,7,true,false,2,True,5,0
H1W05293,0042500234,SAS-MIN,4,270,-1,3,true,false,0,True,7,0
H1W05294,0042500234,SAS-MIN,4,260,-1,3,true,false,3,True,7,0
H1W05295,0042500234,SAS-MIN,4,248,1,1,true,false,1,True,5,0
H1W05296,0042500234,SAS-MIN,4,229,1,3,true,false,3,True,3,0
H1W05297,0042500234,SAS-MIN,4,205,1,0,true,false,3,True,6,1
H1W05298,0042500234,SAS-MIN,4,202,-1,2,true,false,7,True,6,1
H1W05299,0042500235,SAS-MIN,1,620,-2,1,false,true,7,True,10,0
H1W05300,0042500235,SAS-MIN,1,600,2,-5,false,true,3,True,8,0
H1W05301,0042500235,SAS-MIN,1,579,2,-1,false,true,6,True,8,0
H1W05302,0042500235,SAS-MIN,1,571,4,-1,true,false,2,True,8,0
H1W05303,0042500235,SAS-MIN,1,557,2,3,true,false,6,True,10,0
H1W05304,0042500235,SAS-MIN,1,542,5,1,true,false,3,True,10,0
H1W05305,0042500235,SAS-MIN,1,523,5,7,true,false,5,True,8,0
H1W05306,0042500235,SAS-MIN,1,520,8,3,true,false,2,True,5,0
H1W05307,0042500235,SAS-MIN,1,492,6,6,true,false,6,True,4,0
H1W05308,0042500235,SAS-MIN,1,468,8,2,true,false,4,True,4,0
H1W05309,0042500235,SAS-MIN,1,454,8,6,true,false,7,True,4,0
H1W05310,0042500235,SAS-MIN,1,435,10,3,true,false,3,True,2,0
H1W05311,0042500235,SAS-MIN,1,419,10,5,true,false,3,True,2,0
H1W05312,0042500235,SAS-MIN,1,411,12,2,true,false,-2,True,0,0
H1W05313,0042500235,SAS-MIN,1,391,12,6,true,false,0,True,-2,0
H1W05314,0042500235,SAS-MIN,1,377,15,4,true,false,-3,True,-5,1
H1W05315,0042500235,SAS-MIN,1,361,13,7,true,false,-1,True,-3,1
H1W05316,0042500235,SAS-MIN,1,351,13,3,true,false,-1,True,-1,2
H1W05317,0042500235,SAS-MIN,1,331,10,3,false,true,2,True,-1,2
H1W05318,0042500235,SAS-MIN,1,305,12,-2,false,true,-2,True,-3,2
H1W05319,0042500235,SAS-MIN,1,292,12,0,false,true,-2,True,-6,1
H1W05320,0042500235,SAS-MIN,1,285,12,-3,false,true,-2,True,-6,2
H1W05321,0042500235,SAS-MIN,1,281,12,-1,true,false,0,True,-8,1
H1W05322,0042500235,SAS-MIN,1,271,12,-1,true,false,-3,True,-8,1
H1W05323,0042500235,SAS-MIN,1,259,10,2,true,false,-1,True,-8,1
H1W05324,0042500235,SAS-MIN,1,236,10,-2,true,false,-4,True,-6,1
H1W05325,0042500235,SAS-MIN,1,144,4,-8,false,true,2,True,0,0
H1W05326,0042500235,SAS-MIN,1,127,2,-5,false,true,4,False,,-1
H1W05327,0042500235,SAS-MIN,1,117,4,-7,false,true,0,False,,-1
H1W05328,0042500235,SAS-MIN,1,95,4,-2,false,true,2,False,,-1
H1W05329,0042500235,SAS-MIN,1,80,6,-2,false,true,-2,False,,-1
H1W05330,0042500235,SAS-MIN,1,63,6,2,false,true,-2,False,,-1
H1W05331,0042500235,SAS-MIN,2,633,10,3,true,false,0,True,2,-1
H1W05332,0042500235,SAS-MIN,2,617,10,6,true,false,0,True,0,-1
H1W05333,0042500235,SAS-MIN,2,615,13,6,true,false,-3,True,-3,-1
H1W05334,0042500235,SAS-MIN,2,600,13,9,true,false,-1,True,-3,-1
H1W05335,0042500235,SAS-MIN,2,593,13,6,true,false,-1,True,-3,1
H1W05336,0042500235,SAS-MIN,2,586,10,6,true,false,2,True,0,1
H1W05337,0042500235,SAS-MIN,2,562,10,0,true,false,0,True,0,1
H1W05338,0042500235,SAS-MIN,2,518,12,-1,true,false,-2,True,0,-1
H1W05339,0042500235,SAS-MIN,2,511,12,-1,true,false,-2,True,2,-1
H1W05340,0042500235,SAS-MIN,2,506,10,2,true,false,0,True,2,-1
H1W05341,0042500235,SAS-MIN,2,484,10,0,true,false,0,True,5,-1
H1W05342,0042500235,SAS-MIN,2,472,10,0,true,false,2,True,3,-1
H1W05343,0042500235,SAS-MIN,2,468,10,-2,true,false,2,True,3,1
H1W05344,0042500235,SAS-MIN,2,420,12,0,true,false,1,True,2,1
H1W05345,0042500235,SAS-MIN,2,403,12,2,true,false,1,True,2,0
H1W05346,0042500235,SAS-MIN,2,392,14,2,true,false,-1,True,2,0
H1W05347,0042500235,SAS-MIN,2,381,12,4,true,false,1,True,4,0
H1W05348,0042500235,SAS-MIN,2,367,15,2,true,false,-3,True,1,0
H1W05349,0042500235,SAS-MIN,2,347,13,5,true,false,1,True,3,0
H1W05350,0042500235,SAS-MIN,2,331,13,1,true,false,1,True,5,1
H1W05351,0042500235,SAS-MIN,2,321,13,1,true,false,3,True,3,1
H1W05352,0042500235,SAS-MIN,2,308,13,-1,true,false,3,True,3,1
H1W05353,0042500235,SAS-MIN,2,301,12,1,true,false,4,True,2,0
H1W05354,0042500235,SAS-MIN,2,288,14,-3,false,false,2,True,0,0
H1W05355,0042500235,SAS-MIN,2,261,14,1,false,false,4,True,-3,-1
H1W05356,0042500235,SAS-MIN,2,249,16,1,false,false,0,True,-5,-1
H1W05357,0042500235,SAS-MIN,2,226,16,3,false,false,0,True,-5,-1
H1W05358,0042500235,SAS-MIN,2,223,16,3,false,false,-2,True,-5,0
H1W05359,0042500235,SAS-MIN,2,215,16,4,false,false,-2,True,-5,0
H1W05360,0042500235,SAS-MIN,2,204,18,2,false,false,-7,True,-7,0
H1W05361,0042500235,SAS-MIN,2,186,16,4,false,false,-5,True,-5,0
H1W05362,0042500235,SAS-MIN,2,112,11,-2,false,true,0,False,,1
H1W05363,0042500235,SAS-MIN,2,78,11,-7,false,true,0,False,,1
H1W05364,0042500235,SAS-MIN,3,637,6,-5,false,true,-3,True,-5,0
H1W05365,0042500235,SAS-MIN,3,622,4,-2,false,true,-1,True,-5,-1
H1W05366,0042500235,SAS-MIN,3,605,6,-4,false,true,-3,True,-7,-1
H1W05367,0042500235,SAS-MIN,3,576,6,-2,false,true,-3,True,-7,-1
H1W05368,0042500235,SAS-MIN,3,560,6,-2,false,true,-5,True,-4,-1
H1W05369,0042500235,SAS-MIN,3,491,1,-3,false,true,1,True,3,-2
H1W05370,0042500235,SAS-MIN,3,476,1,-5,false,true,1,True,5,-1
H1W05371,0042500235,SAS-MIN,3,471,-1,-2,false,true,5,True,7,-1
H1W05372,0042500235,SAS-MIN,3,322,6,4,true,false,1,True,3,0
H1W05373,0042500235,SAS-MIN,3,309,8,2,true,false,-1,True,3,0
H1W05374,0042500235,SAS-MIN,3,293,6,4,true,false,3,True,5,0
H1W05375,0042500235,SAS-MIN,3,268,6,0,true,false,3,True,7,0
H1W05376,0042500235,SAS-MIN,3,261,4,2,true,false,7,True,7,0
H1W05377,0042500235,SAS-MIN,3,247,7,-2,true,false,2,True,6,0
H1W05378,0042500235,SAS-MIN,3,234,7,1,true,false,4,True,4,0
H1W05379,0042500235,SAS-MIN,3,228,9,-1,true,false,2,True,4,1
H1W05380,0042500235,SAS-MIN,3,207,9,3,true,false,4,True,4,1
H1W05381,0042500235,SAS-MIN,3,198,11,3,true,false,0,True,4,1
H1W05382,0042500235,SAS-MIN,3,179,9,7,true,false,4,True,6,1
H1W05383,0042500235,SAS-MIN,3,170,11,2,true,false,0,True,6,1
H1W05384,0042500235,SAS-MIN,3,151,11,4,true,false,2,True,6,0
H1W05385,0042500235,SAS-MIN,3,148,13,2,true,false,0,False,,0
H1W05386,0042500235,SAS-MIN,3,130,11,4,true,false,4,False,,0
H1W05387,0042500235,SAS-MIN,3,111,13,0,true,false,2,False,,1
H1W05388,0042500235,SAS-MIN,3,87,11,4,true,false,6,False,,1
H1W05389,0042500235,SAS-MIN,3,60,13,0,true,false,4,False,,1
H1W05390,0042500235,SAS-MIN,4,646,17,2,false,false,-3,True,-5,-1
H1W05391,0042500235,SAS-MIN,4,637,17,-2,false,false,-6,True,-5,-1
H1W05392,0042500235,SAS-MIN,4,609,14,-4,false,true,-2,True,-1,-1
H1W05393,0042500235,SAS-MIN,4,596,14,-5,false,true,-2,True,1,0
H1W05394,0042500235,SAS-MIN,4,574,11,-3,false,true,1,True,4,0
H1W05395,0042500235,SAS-MIN,4,557,13,-6,false,true,-3,True,4,0
H1W05396,0042500235,SAS-MIN,4,543,10,-2,false,true,3,True,7,0
H1W05397,0042500235,SAS-MIN,4,532,12,-5,false,true,1,True,5,1
H1W05398,0042500235,SAS-MIN,4,511,12,-2,false,true,3,True,5,1
H1W05399,0042500235,SAS-MIN,4,506,12,-2,false,true,3,True,7,2
H1W05400,0042500235,SAS-MIN,4,499,10,1,false,true,7,True,8,2
H1W05401,0042500235,SAS-MIN,4,479,13,-3,false,true,4,True,5,2
H1W05402,0042500235,SAS-MIN,4,464,13,3,false,true,4,True,3,0
H1W05403,0042500235,SAS-MIN,4,462,15,1,true,false,2,True,1,0
H1W05404,0042500235,SAS-MIN,4,447,15,3,true,false,4,True,-1,-1
H1W05405,0042500235,SAS-MIN,4,442,17,3,true,false,1,True,-1,-1
H1W05406,0042500235,SAS-MIN,4,253,20,2,true,false,1,False,,0
H1W05407,0042500235,SAS-MIN,4,237,18,6,true,false,6,False,,0
H1W05408,0042500236,SAS-MIN,1,615,-3,-5,false,true,-5,True,-4,0
H1W05409,0042500236,SAS-MIN,1,606,-6,-3,false,true,0,True,-4,0
H1W05410,0042500236,SAS-MIN,1,596,-4,-6,false,true,-5,True,-3,0
H1W05411,0042500236,SAS-MIN,1,583,-6,-1,false,true,-3,True,-1,0
H1W05412,0042500236,SAS-MIN,1,563,-6,-3,false,true,-3,True,-1,1
H1W05413,0042500236,SAS-MIN,1,557,-8,-1,false,true,1,True,-1,1
H1W05414,0042500236,SAS-MIN,1,521,-6,-5,false,true,-4,True,-2,1
H1W05415,0042500236,SAS-MIN,1,510,-9,0,false,true,2,True,-2,1
H1W05416,0042500236,SAS-MIN,1,493,-9,-5,false,true,2,True,1,2
H1W05417,0042500236,SAS-MIN,1,485,-9,-3,false,true,2,True,1,1
H1W05418,0042500236,SAS-MIN,1,482,-7,-3,false,true,-2,True,-1,1
H1W05419,0042500236,SAS-MIN,1,467,-10,1,false,true,2,True,0,1
H1W05420,0042500236,SAS-MIN,1,443,-7,-4,true,false,-4,True,-1,1
H1W05421,0042500236,SAS-MIN,1,426,-7,2,true,false,-1,True,-1,0
H1W05422,0042500236,SAS-MIN,1,411,-7,2,true,false,-1,True,2,0
H1W05423,0042500236,SAS-MIN,1,404,-9,2,true,false,1,True,1,-1
H1W05424,0042500236,SAS-MIN,1,382,-8,-2,true,false,-2,True,0,-1
H1W05425,0042500236,SAS-MIN,1,373,-11,2,true,false,3,True,3,-1
H1W05426,0042500236,SAS-MIN,1,349,-8,-4,true,false,0,True,0,0
H1W05427,0042500236,SAS-MIN,1,325,-8,-1,true,false,3,True,-2,0
H1W05428,0042500236,SAS-MIN,1,317,-8,-1,true,false,0,True,0,1
H1W05429,0042500236,SAS-MIN,1,310,-10,1,true,false,2,True,2,1
H1W05430,0042500236,SAS-MIN,1,269,-5,0,true,false,-5,True,-5,0
H1W05431,0042500236,SAS-MIN,1,242,-8,3,true,false,0,True,-2,0
H1W05432,0042500236,SAS-MIN,1,223,-8,0,true,false,0,True,1,0
H1W05433,0042500236,SAS-MIN,1,215,-8,2,true,false,0,True,-1,-1
H1W05434,0042500236,SAS-MIN,1,203,-8,0,true,false,-2,True,-1,-1
H1W05435,0042500236,SAS-MIN,1,193,-10,0,false,true,0,True,-1,-1
H1W05436,0042500236,SAS-MIN,1,178,-8,-5,false,true,-2,True,-3,0
H1W05437,0042500236,SAS-MIN,1,164,-8,0,false,true,1,True,-3,0
H1W05438,0042500236,SAS-MIN,1,127,-10,-2,false,true,-1,False,,1
H1W05439,0042500236,SAS-MIN,1,121,-10,0,false,true,-1,False,,0
H1W05440,0042500236,SAS-MIN,1,106,-7,-2,false,true,-4,False,,0
H1W05441,0042500236,SAS-MIN,1,90,-9,1,false,true,0,False,,0
H1W05442,0042500236,SAS-MIN,1,74,-9,-1,false,true,0,False,,0
H1W05443,0042500236,SAS-MIN,2,623,-16,-5,false,true,-3,True,-11,0
H1W05444,0042500236,SAS-MIN,2,597,-16,-7,false,true,-7,True,-11,0
H1W05445,0042500236,SAS-MIN,2,572,-19,-5,false,true,-4,True,-10,0
H1W05446,0042500236,SAS-MIN,2,551,-19,-8,false,true,-6,True,-7,0
H1W05447,0042500236,SAS-MIN,2,540,-19,-5,false,true,-6,True,-7,0
H1W05448,0042500236,SAS-MIN,2,529,-19,-5,false,true,-8,True,-7,0
H1W05449,0042500236,SAS-MIN,2,518,-23,-3,false,true,-4,True,-3,0
H1W05450,0042500236,SAS-MIN,2,495,-23,-7,false,true,-6,True,-1,0
H1W05451,0042500236,SAS-MIN,2,490,-25,-4,false,true,-1,True,1,0
H1W05452,0042500236,SAS-MIN,2,471,-25,-6,false,true,-1,True,4,1
H1W05453,0042500236,SAS-MIN,2,464,-27,-6,false,true,1,True,4,1
H1W05454,0042500236,SAS-MIN,2,442,-27,-8,false,true,1,True,6,2
H1W05455,0042500236,SAS-MIN,2,429,-29,-4,false,true,5,True,6,2
H1W05456,0042500236,SAS-MIN,2,423,-26,-6,false,true,2,True,5,2
H1W05457,0042500236,SAS-MIN,2,417,-26,-1,false,true,5,True,5,1
H1W05458,0042500236,SAS-MIN,2,406,-26,-1,false,true,3,True,8,1
H1W05459,0042500236,SAS-MIN,2,399,-26,1,true,false,5,True,8,0
H1W05460,0042500236,SAS-MIN,2,395,-24,1,true,false,1,True,6,0
H1W05461,0042500236,SAS-MIN,2,375,-24,5,true,false,3,True,3,0
H1W05462,0042500236,SAS-MIN,2,363,-21,2,true,false,0,True,2,1
H1W05463,0042500236,SAS-MIN,2,348,-23,5,true,false,5,True,2,1
H1W05464,0042500236,SAS-MIN,2,338,-21,3,true,false,3,True,3,1
H1W05465,0042500236,SAS-MIN,2,323,-23,5,true,false,5,True,3,1
H1W05466,0042500236,SAS-MIN,2,313,-21,1,true,false,0,True,3,1
H1W05467,0042500236,SAS-MIN,2,308,-21,3,true,false,2,True,3,0
H1W05468,0042500236,SAS-MIN,2,290,-18,0,true,false,-3,True,2,0
H1W05469,0042500236,SAS-MIN,2,264,-18,5,true,false,0,True,2,0
H1W05470,0042500236,SAS-MIN,2,247,-18,3,true,false,-2,True,5,0
H1W05471,0042500236,SAS-MIN,2,227,-21,5,true,false,3,True,8,0
H1W05472,0042500236,SAS-MIN,2,217,-19,0,true,false,1,True,6,0
H1W05473,0042500236,SAS-MIN,2,206,-21,2,true,false,5,True,8,0
H1W05474,0042500236,SAS-MIN,2,194,-18,-3,true,false,2,True,5,1
H1W05475,0042500236,SAS-MIN,2,178,-20,0,true,false,7,True,5,1
H1W05476,0042500236,SAS-MIN,2,127,-16,5,true,false,3,True,1,0
H1W05477,0042500236,SAS-MIN,2,121,-13,2,true,false,-2,True,0,0
H1W05478,0042500236,SAS-MIN,2,108,-13,7,true,false,0,True,-3,0
H1W05479,0042500236,SAS-MIN,2,93,-13,5,true,false,0,True,0,0
H1W05480,0042500236,SAS-MIN,2,86,-13,5,true,false,0,False,,0
H1W05481,0042500236,SAS-MIN,2,76,-13,3,true,false,-2,False,,0
H1W05482,0042500236,SAS-MIN,2,75,-15,3,true,false,2,False,,0
H1W05483,0042500236,SAS-MIN,2,65,-13,-2,true,false,-3,False,,0
H1W05484,0042500236,SAS-MIN,2,51,-13,0,true,false,0,False,,0
H1W05485,0042500236,SAS-MIN,3,627,-16,-1,false,false,-2,True,-3,0
H1W05486,0042500236,SAS-MIN,3,612,-16,-3,false,false,-3,True,-3,0
H1W05487,0042500236,SAS-MIN,3,605,-16,-3,false,false,-1,True,-3,0
H1W05488,0042500236,SAS-MIN,3,598,-16,-3,false,false,-3,True,-3,0
H1W05489,0042500236,SAS-MIN,3,566,-19,-2,false,true,0,True,-2,0
H1W05490,0042500236,SAS-MIN,3,554,-17,-3,false,true,-2,True,-1,0
H1W05491,0042500236,SAS-MIN,3,547,-19,-1,false,true,0,True,-2,0
H1W05492,0042500236,SAS-MIN,3,527,-17,-3,false,true,-4,True,-1,0
H1W05493,0042500236,SAS-MIN,3,504,-19,1,false,true,1,True,1,0
H1W05494,0042500236,SAS-MIN,3,427,-21,0,false,true,3,True,0,0
H1W05495,0042500236,SAS-MIN,3,413,-18,-4,false,true,0,True,-3,1
H1W05496,0042500236,SAS-MIN,3,403,-21,1,false,true,3,True,0,1
H1W05497,0042500236,SAS-MIN,3,395,-18,-2,false,true,-3,True,-3,1
H1W05498,0042500236,SAS-MIN,3,388,-21,1,false,true,0,True,-2,0
H1W05499,0042500236,SAS-MIN,3,377,-18,-2,false,true,-3,True,-5,0
H1W05500,0042500236,SAS-MIN,3,367,-18,3,true,false,-3,True,-8,-1
H1W05501,0042500236,SAS-MIN,3,360,-18,0,true,false,-3,True,-8,-1
H1W05502,0042500236,SAS-MIN,3,346,-21,3,true,false,0,True,-7,-1
H1W05503,0042500236,SAS-MIN,3,334,-21,-3,true,false,-2,True,-6,0
H1W05504,0042500236,SAS-MIN,3,321,-21,0,true,false,-2,True,-6,0
H1W05505,0042500236,SAS-MIN,3,309,-21,-3,true,false,-5,True,-6,0
H1W05506,0042500236,SAS-MIN,3,296,-21,-3,false,false,-5,True,-6,0
H1W05507,0042500236,SAS-MIN,3,290,-21,-3,false,false,-7,True,-3,0
H1W05508,0042500236,SAS-MIN,3,266,-26,-2,false,true,-1,True,2,1
H1W05509,0042500236,SAS-MIN,3,246,-26,-5,false,true,-1,True,2,1
H1W05510,0042500236,SAS-MIN,3,239,-28,-5,false,true,4,True,2,1
H1W05511,0042500236,SAS-MIN,3,227,-27,-7,false,true,3,True,4,1
H1W05512,0042500236,SAS-MIN,3,209,-27,-4,false,true,3,True,2,0
H1W05513,0042500236,SAS-MIN,3,194,-27,-4,false,true,3,True,3,0
H1W05514,0042500236,SAS-MIN,3,177,-27,-1,false,true,3,True,1,0
H1W05515,0042500236,SAS-MIN,3,169,-24,-1,false,true,-2,True,-2,0
H1W05516,0042500236,SAS-MIN,3,139,-24,4,false,false,1,True,-2,0
H1W05517,0042500236,SAS-MIN,3,129,-24,3,false,false,-1,True,-2,0
H1W05518,0042500236,SAS-MIN,3,121,-24,3,false,false,0,False,,0
H1W05519,0042500236,SAS-MIN,3,108,-24,3,false,false,-2,False,,0
H1W05520,0042500236,SAS-MIN,3,102,-26,3,false,false,0,False,,0
H1W05521,0042500236,SAS-MIN,3,87,-23,-2,false,false,-3,False,,0
H1W05522,0042500236,SAS-MIN,3,72,-25,1,false,false,-1,False,,0
H1W05523,0042500236,SAS-MIN,4,647,-25,-1,false,false,-3,True,-6,0
H1W05524,0042500236,SAS-MIN,4,591,-30,1,false,true,-1,True,-5,0
H1W05525,0042500236,SAS-MIN,4,576,-28,-3,false,true,-6,True,-7,0
H1W05526,0042500236,SAS-MIN,4,555,-28,-1,false,true,-3,True,-7,0
H1W05527,0042500236,SAS-MIN,4,544,-28,-3,false,true,-5,True,-7,0
H1W05528,0042500236,SAS-MIN,4,539,-31,0,false,true,-2,True,-4,0
H1W05529,0042500236,SAS-MIN,4,521,-31,-3,false,true,-4,True,-4,0
H1W05530,0042500236,SAS-MIN,4,514,-34,-1,false,true,-1,True,-3,0
H1W05531,0042500236,SAS-MIN,4,497,-31,-6,false,true,-4,False,,0
H1W05532,0042500236,SAS-MIN,4,481,-33,-3,false,true,-2,False,,0
H1W05533,0042500236,SAS-MIN,4,466,-33,-5,false,true,-2,False,,0
H1W05534,0042500236,SAS-MIN,4,458,-35,-2,false,true,0,False,,0
H1W05535,0042500236,SAS-MIN,4,443,-35,-4,false,true,-2,False,,0
H1W05536,0042500302,NYK-CLE,1,584,-3,-2,false,true,-1,True,-1,0
H1W05537,0042500302,NYK-CLE,1,562,-1,-8,false,true,-3,True,-3,0
H1W05538,0042500302,NYK-CLE,1,551,-3,-3,false,true,1,True,-3,0
H1W05539,0042500302,NYK-CLE,1,534,-3,-5,false,true,1,True,-3,0
H1W05540,0042500302,NYK-CLE,1,520,-6,-3,false,true,4,True,0,-1
H1W05541,0042500302,NYK-CLE,1,492,-4,-6,false,true,0,True,0,-1
H1W05542,0042500302,NYK-CLE,1,471,-4,-1,false,true,0,True,0,-1
H1W05543,0042500302,NYK-CLE,1,402,-6,0,false,true,4,True,3,1
H1W05544,0042500302,NYK-CLE,1,376,-6,-4,false,true,4,True,5,1
H1W05545,0042500302,NYK-CLE,1,348,-6,-4,false,true,4,True,5,1
H1W05546,0042500302,NYK-CLE,1,326,-4,-4,false,true,-1,True,5,1
H1W05547,0042500302,NYK-CLE,1,306,-4,0,false,true,1,True,3,0
H1W05548,0042500302,NYK-CLE,1,300,-2,0,true,false,-1,True,1,0
H1W05549,0042500302,NYK-CLE,1,284,-2,4,true,false,1,True,1,0
H1W05550,0042500302,NYK-CLE,1,272,-2,4,true,false,1,True,4,1
H1W05551,0042500302,NYK-CLE,1,266,-5,4,true,false,6,True,7,1
H1W05552,0042500302,NYK-CLE,1,246,-3,-1,true,false,2,True,5,1
H1W05553,0042500302,NYK-CLE,1,205,-1,1,true,false,3,True,1,0
H1W05554,0042500302,NYK-CLE,1,188,1,1,true,false,1,True,-1,0
H1W05555,0042500302,NYK-CLE,1,165,-1,6,true,false,3,True,-2,0
H1W05556,0042500302,NYK-CLE,1,153,-1,2,true,false,3,False,,0
H1W05557,0042500302,NYK-CLE,1,138,-1,2,true,false,3,False,,-1
H1W05558,0042500302,NYK-CLE,1,129,2,0,true,false,-2,False,,-1
H1W05559,0042500302,NYK-CLE,1,116,2,3,true,false,-2,False,,-1
H1W05560,0042500302,NYK-CLE,1,102,2,1,true,false,-5,False,,-1
H1W05561,0042500302,NYK-CLE,2,620,0,1,false,false,-2,True,-1,0
H1W05562,0042500302,NYK-CLE,2,600,0,3,false,false,-2,True,-1,0
H1W05563,0042500302,NYK-CLE,2,585,0,1,false,false,-2,True,1,0
H1W05564,0042500302,NYK-CLE,2,579,0,3,false,false,-2,True,1,0
H1W05565,0042500302,NYK-CLE,2,561,0,0,false,false,-2,True,1,0
H1W05566,0042500302,NYK-CLE,2,544,-2,2,false,false,1,True,2,0
H1W05567,0042500302,NYK-CLE,2,520,-2,-2,false,false,1,True,4,0
H1W05568,0042500302,NYK-CLE,2,511,-2,-2,false,false,3,True,2,0
H1W05569,0042500302,NYK-CLE,2,503,-2,-2,false,false,3,True,4,0
H1W05570,0042500302,NYK-CLE,2,487,-2,-2,false,false,3,True,4,-1
H1W05571,0042500302,NYK-CLE,2,469,-1,-2,false,false,1,True,5,-1
H1W05572,0042500302,NYK-CLE,2,453,-1,1,false,false,3,True,3,-1
H1W05573,0042500302,NYK-CLE,2,447,1,1,false,false,-1,True,1,-1
H1W05574,0042500302,NYK-CLE,2,402,1,3,false,false,1,True,-1,-1
H1W05575,0042500302,NYK-CLE,2,310,4,1,true,false,-2,True,-1,0
H1W05576,0042500302,NYK-CLE,2,299,2,4,true,false,3,True,-2,0
H1W05577,0042500302,NYK-CLE,2,271,2,0,true,false,3,True,0,1
H1W05578,0042500302,NYK-CLE,2,258,0,2,true,false,5,True,2,1
H1W05579,0042500302,NYK-CLE,2,207,5,-2,true,false,-5,True,-2,1
H1W05580,0042500302,NYK-CLE,2,194,5,3,true,false,-3,True,-2,0
H1W05581,0042500302,NYK-CLE,2,182,5,3,true,false,-3,True,1,0
H1W05582,0042500302,NYK-CLE,2,176,3,5,true,false,2,True,1,0
H1W05583,0042500302,NYK-CLE,2,154,3,1,true,false,0,True,1,0
H1W05584,0042500302,NYK-CLE,2,142,0,1,false,true,3,False,,0
H1W05585,0042500302,NYK-CLE,2,119,2,-5,false,true,1,False,,0
H1W05586,0042500302,NYK-CLE,2,101,2,-3,false,true,4,False,,0
H1W05587,0042500302,NYK-CLE,2,91,5,-3,true,false,-1,False,,0
H1W05588,0042500302,NYK-CLE,2,67,3,2,true,false,1,False,,0
H1W05589,0042500302,NYK-CLE,3,609,3,-4,false,true,2,True,6,1
H1W05590,0042500302,NYK-CLE,3,592,3,1,false,true,4,True,6,1
H1W05591,0042500302,NYK-CLE,3,589,5,1,true,false,2,True,6,2
H1W05592,0042500302,NYK-CLE,3,578,5,3,true,false,4,True,6,2
H1W05593,0042500302,NYK-CLE,3,555,5,3,true,false,4,True,9,2
H1W05594,0042500302,NYK-CLE,3,550,5,5,true,false,4,True,9,1
H1W05595,0042500302,NYK-CLE,3,533,7,2,true,false,2,True,7,1
H1W05596,0042500302,NYK-CLE,3,512,7,4,true,false,4,True,7,0
H1W05597,0042500302,NYK-CLE,3,508,9,2,true,false,2,True,9,0
H1W05598,0042500302,NYK-CLE,3,482,9,4,true,false,5,True,6,0
H1W05599,0042500302,NYK-CLE,3,469,9,4,true,false,5,True,6,0
H1W05600,0042500302,NYK-CLE,3,456,9,4,true,false,5,True,4,0
H1W05601,0042500302,NYK-CLE,3,443,11,2,true,false,3,True,5,0
H1W05602,0042500302,NYK-CLE,3,420,11,4,true,false,7,True,5,0
H1W05603,0042500302,NYK-CLE,3,406,14,2,true,false,1,True,4,0
H1W05604,0042500302,NYK-CLE,3,392,14,5,true,false,1,True,2,0
H1W05605,0042500302,NYK-CLE,3,373,14,5,true,false,-1,True,2,0
H1W05606,0042500302,NYK-CLE,3,349,14,5,true,false,2,True,-1,0
H1W05607,0042500302,NYK-CLE,3,335,18,3,true,false,-2,True,-2,1
H1W05608,0042500302,NYK-CLE,3,305,15,7,true,false,3,True,-1,1
H1W05609,0042500302,NYK-CLE,3,278,15,1,true,false,1,True,1,1
H1W05610,0042500302,NYK-CLE,4,546,9,-3,false,true,-1,True,4,0
H1W05611,0042500302,NYK-CLE,4,539,7,-3,false,true,3,True,3,0
H1W05612,0042500302,NYK-CLE,4,519,10,-5,false,true,0,True,2,0
H1W05613,0042500302,NYK-CLE,4,500,10,-1,false,true,2,True,2,0
H1W05614,0042500302,NYK-CLE,4,484,10,-1,false,true,0,True,4,0
H1W05615,0042500302,NYK-CLE,4,471,8,1,false,true,5,True,6,0
H1W05616,0042500302,NYK-CLE,4,447,10,-1,false,true,0,True,4,0
H1W05617,0042500302,NYK-CLE,4,432,10,3,false,true,2,True,3,0
H1W05618,0042500302,NYK-CLE,4,412,12,0,false,true,0,True,3,0
H1W05619,0042500302,NYK-CLE,4,394,10,2,false,true,4,True,5,0
H1W05620,0042500302,NYK-CLE,4,372,13,0,false,true,1,True,2,0
H1W05621,0042500302,NYK-CLE,4,352,10,5,false,false,4,True,5,-1
H1W05622,0042500302,NYK-CLE,4,325,12,0,false,false,1,True,5,-1
H1W05623,0042500302,NYK-CLE,4,310,12,2,false,false,3,True,5,-1
H1W05624,0042500302,NYK-CLE,4,287,14,0,false,false,1,True,5,-1
H1W05625,0042500302,NYK-CLE,4,267,14,4,false,false,1,True,3,-1
H1W05626,0042500302,NYK-CLE,4,259,14,1,false,false,1,True,3,0
H1W05627,0042500302,NYK-CLE,4,254,13,4,false,false,4,True,1,0
H1W05628,0042500302,NYK-CLE,4,242,15,1,false,false,2,True,1,0
H1W05629,0042500302,NYK-CLE,4,229,15,3,false,false,4,True,1,0
H1W05630,0042500302,NYK-CLE,4,214,15,1,false,false,2,True,3,0
H1W05631,0042500302,NYK-CLE,4,201,15,1,false,false,2,True,3,0
H1W05632,0042500302,NYK-CLE,4,198,17,1,false,false,-3,True,1,0
H1W05633,0042500302,NYK-CLE,4,183,17,4,false,false,-1,True,-1,0
H1W05634,0042500302,NYK-CLE,4,175,19,2,false,false,-3,True,-3,0
H1W05635,0042500302,NYK-CLE,4,135,14,2,false,true,4,False,,1
H1W05636,0042500302,NYK-CLE,4,103,16,-3,false,true,0,False,,1
H1W05637,0042500302,NYK-CLE,4,96,16,-1,false,true,0,False,,0
H1W05638,0042500303,NYK-CLE,1,631,-6,-4,false,true,2,True,3,0
H1W05639,0042500303,NYK-CLE,1,609,-6,-6,false,true,2,True,3,1
H1W05640,0042500303,NYK-CLE,1,606,-8,-3,false,true,6,True,3,1
H1W05641,0042500303,NYK-CLE,1,581,-6,-5,false,true,3,True,3,1
H1W05642,0042500303,NYK-CLE,1,564,-6,-1,false,true,5,True,1,1
H1W05643,0042500303,NYK-CLE,1,555,-4,-2,false,true,1,True,1,1
H1W05644,0042500303,NYK-CLE,1,536,-4,2,false,true,1,True,-1,0
H1W05645,0042500303,NYK-CLE,1,442,-5,1,false,true,2,True,0,0
H1W05646,0042500303,NYK-CLE,1,425,-3,-3,false,true,-2,True,0,0
H1W05647,0042500303,NYK-CLE,1,406,-5,0,false,true,2,True,0,0
H1W05648,0042500303,NYK-CLE,1,393,-3,-4,false,true,-2,True,-2,0
H1W05649,0042500303,NYK-CLE,1,378,-5,0,false,true,0,True,-2,0
H1W05650,0042500303,NYK-CLE,1,361,-3,-2,false,true,-2,True,-4,0
H1W05651,0042500303,NYK-CLE,1,357,-5,2,false,true,2,True,-5,0
H1W05652,0042500303,NYK-CLE,1,344,-3,-2,false,true,-2,True,-4,0
H1W05653,0042500303,NYK-CLE,1,340,-5,2,false,false,0,True,-4,0
H1W05654,0042500303,NYK-CLE,1,317,-5,-2,false,false,-2,True,-2,0
H1W05655,0042500303,NYK-CLE,1,299,-5,0,false,false,-2,True,-5,0
H1W05656,0042500303,NYK-CLE,1,291,-3,-2,false,false,-7,True,-7,0
H1W05657,0042500303,NYK-CLE,1,264,-5,2,false,false,-2,True,-5,0
H1W05658,0042500303,NYK-CLE,1,245,-5,-2,false,false,-4,True,-5,0
H1W05659,0042500303,NYK-CLE,1,209,-10,-2,false,true,0,True,0,0
H1W05660,0042500303,NYK-CLE,1,193,-7,-7,false,true,-3,True,-3,0
H1W05661,0042500303,NYK-CLE,1,185,-9,-2,false,true,-1,True,-1,0
H1W05662,0042500303,NYK-CLE,1,164,-7,-4,false,true,-3,True,-3,1
H1W05663,0042500303,NYK-CLE,1,138,-10,0,false,true,3,False,,1
H1W05664,0042500303,NYK-CLE,1,109,-10,-3,false,true,0,False,,1
H1W05665,0042500303,NYK-CLE,1,100,-10,0,false,true,0,False,,0
H1W05666,0042500303,NYK-CLE,1,81,-10,-3,false,true,0,False,,0
H1W05667,0042500303,NYK-CLE,1,73,-10,-1,false,true,0,False,,-1
H1W05668,0042500303,NYK-CLE,2,639,-6,2,false,false,-1,True,-1,1
H1W05669,0042500303,NYK-CLE,2,619,-8,4,false,false,1,True,1,0
H1W05670,0042500303,NYK-CLE,2,546,-7,1,true,false,0,True,3,-1
H1W05671,0042500303,NYK-CLE,2,542,-7,-1,true,false,0,True,6,1
H1W05672,0042500303,NYK-CLE,2,524,-9,1,true,false,5,True,5,1
H1W05673,0042500303,NYK-CLE,2,464,-7,0,true,false,6,True,7,0
H1W05674,0042500303,NYK-CLE,2,451,-4,0,true,false,0,True,4,0
H1W05675,0042500303,NYK-CLE,2,430,-4,5,true,false,2,True,2,0
H1W05676,0042500303,NYK-CLE,2,424,-2,3,true,false,0,True,2,0
H1W05677,0042500303,NYK-CLE,2,398,-4,5,true,false,4,True,4,0
H1W05678,0042500303,NYK-CLE,2,388,-1,3,true,false,1,True,1,0
H1W05679,0042500303,NYK-CLE,2,376,-4,6,true,false,4,True,2,0
H1W05680,0042500303,NYK-CLE,2,361,-2,0,true,false,0,True,0,0
H1W05681,0042500303,NYK-CLE,2,346,-2,2,true,false,2,True,0,0
H1W05682,0042500303,NYK-CLE,2,340,0,0,true,false,0,True,-1,0
H1W05683,0042500303,NYK-CLE,2,323,0,4,true,false,0,True,-1,0
H1W05684,0042500303,NYK-CLE,2,313,0,1,true,false,-2,True,-1,0
H1W05685,0042500303,NYK-CLE,2,309,-2,4,true,false,0,True,-1,-1
H1W05686,0042500303,NYK-CLE,2,294,0,0,true,false,-2,True,-3,0
H1W05687,0042500303,NYK-CLE,2,265,0,2,true,false,-1,True,-3,0
H1W05688,0042500303,NYK-CLE,2,250,0,0,true,false,-1,True,-3,0
H1W05689,0042500303,NYK-CLE,2,244,-2,0,true,false,1,True,-3,-1
H1W05690,0042500303,NYK-CLE,2,233,-2,-2,true,false,-1,True,-3,0
H1W05691,0042500303,NYK-CLE,2,153,-3,-1,false,true,-4,True,-3,-1
H1W05692,0042500303,NYK-CLE,2,141,-3,-1,false,true,-4,True,-3,-1
H1W05693,0042500303,NYK-CLE,2,132,-3,-2,false,true,-4,True,-3,1
H1W05694,0042500303,NYK-CLE,2,119,-5,-2,false,true,-2,False,,1
H1W05695,0042500303,NYK-CLE,2,97,-5,-4,false,true,-4,False,,1
H1W05696,0042500303,NYK-CLE,2,73,-7,-2,false,true,1,False,,1
H1W05697,0042500303,NYK-CLE,2,56,-7,-4,false,true,1,False,,2
H1W05698,0042500303,NYK-CLE,3,634,-6,-2,false,false,-2,True,3,-1
H1W05699,0042500303,NYK-CLE,3,604,-6,3,false,false,1,True,1,-1
H1W05700,0042500303,NYK-CLE,3,449,-7,0,false,true,0,True,-1,0
H1W05701,0042500303,NYK-CLE,3,430,-7,-4,false,true,-2,True,-1,1
H1W05702,0042500303,NYK-CLE,3,416,-9,-4,false,true,0,True,1,0
H1W05703,0042500303,NYK-CLE,3,393,-9,-6,false,true,0,True,1,0
H1W05704,0042500303,NYK-CLE,3,389,-9,-4,false,true,3,True,-1,-1
H1W05705,0042500303,NYK-CLE,3,385,-7,-4,false,true,-1,True,-3,-1
H1W05706,0042500303,NYK-CLE,3,369,-9,0,false,true,1,True,-3,-1
H1W05707,0042500303,NYK-CLE,3,360,-9,-2,false,true,1,True,-2,1
H1W05708,0042500303,NYK-CLE,3,350,-9,0,false,true,1,True,-4,1
H1W05709,0042500303,NYK-CLE,3,339,-6,0,false,true,-4,True,-5,1
H1W05710,0042500303,NYK-CLE,3,328,-8,3,false,true,-2,True,-5,1
H1W05711,0042500303,NYK-CLE,3,314,-8,-1,false,true,-4,True,-5,1
H1W05712,0042500303,NYK-CLE,3,302,-8,1,false,true,-3,True,-5,0
H1W05713,0042500303,NYK-CLE,3,288,-8,1,false,true,-5,True,-3,0
H1W05714,0042500303,NYK-CLE,3,221,-13,-3,false,true,2,True,4,1
H1W05715,0042500303,NYK-CLE,3,208,-11,-5,false,true,-2,True,4,1
H1W05716,0042500303,NYK-CLE,3,187,-13,-1,false,true,3,True,4,1
H1W05717,0042500303,NYK-CLE,3,166,-13,-3,false,true,3,False,,1
H1W05718,0042500303,NYK-CLE,3,156,-13,-1,false,true,6,False,,0
H1W05719,0042500303,NYK-CLE,3,144,-11,-2,false,true,2,False,,0
H1W05720,0042500303,NYK-CLE,3,123,-13,2,false,true,6,False,,0
H1W05721,0042500303,NYK-CLE,3,99,-10,-2,false,true,1,False,,0
H1W05722,0042500303,NYK-CLE,4,619,-14,-3,false,true,3,True,0,0
H1W05723,0042500303,NYK-CLE,4,589,-11,-5,false,true,-3,True,-3,0
H1W05724,0042500303,NYK-CLE,4,562,-11,-2,false,true,0,True,-5,0
H1W05725,0042500303,NYK-CLE,4,555,-10,-2,true,false,-4,True,-4,0
H1W05726,0042500303,NYK-CLE,4,533,-13,2,true,false,-1,True,-4,0
H1W05727,0042500303,NYK-CLE,4,507,-11,-1,true,false,-3,True,-6,0
H1W05728,0042500303,NYK-CLE,4,478,-14,3,true,false,0,True,-3,0
H1W05729,0042500303,NYK-CLE,4,463,-11,-3,true,false,-5,True,-3,0
H1W05730,0042500303,NYK-CLE,4,434,-14,0,true,false,0,True,0,0
H1W05731,0042500303,NYK-CLE,4,419,-14,-4,false,true,-3,True,2,0
H1W05732,0042500303,NYK-CLE,4,400,-14,-1,false,true,-3,True,0,0
H1W05733,0042500303,NYK-CLE,4,388,-14,-3,false,true,-3,True,2,0
H1W05734,0042500303,NYK-CLE,4,366,-16,0,false,true,2,True,2,0
H1W05735,0042500303,NYK-CLE,4,348,-14,-5,false,true,0,True,2,0
H1W05736,0042500303,NYK-CLE,4,330,-17,0,false,true,5,True,5,0
H1W05737,0042500303,NYK-CLE,4,315,-17,-3,false,true,3,True,5,0
H1W05738,0042500303,NYK-CLE,4,302,-17,-3,false,true,5,True,3,0
H1W05739,0042500303,NYK-CLE,4,297,-14,-3,false,true,0,True,0,0
H1W05740,0042500303,NYK-CLE,4,274,-14,2,false,true,2,True,-2,0
H1W05741,0042500303,NYK-CLE,4,259,-12,0,true,false,0,True,-4,0
H1W05742,0042500303,NYK-CLE,4,240,-14,5,true,false,2,True,-2,0
H1W05743,0042500303,NYK-CLE,4,223,-12,3,true,false,-2,True,-4,0
H1W05744,0042500303,NYK-CLE,4,202,-14,5,true,false,0,True,-2,0
H1W05745,0042500303,NYK-CLE,4,185,-12,0,true,false,-4,True,0,0
H1W05746,0042500303,NYK-CLE,4,159,-12,2,true,false,-4,True,0,0
H1W05747,0042500303,NYK-CLE,4,147,-12,0,true,false,-4,True,0,1
H1W05748,0042500303,NYK-CLE,4,133,-14,2,true,false,-2,True,1,0
H1W05749,0042500303,NYK-CLE,4,117,-14,-2,true,false,-2,True,3,0
H1W05750,0042500304,NYK-CLE,1,639,3,5,true,false,0,True,-4,0
H1W05751,0042500304,NYK-CLE,1,622,6,1,true,false,-5,True,-7,0
H1W05752,0042500304,NYK-CLE,1,596,3,4,true,false,0,True,-4,0
H1W05753,0042500304,NYK-CLE,1,585,3,-2,true,false,-2,True,-1,0
H1W05754,0042500304,NYK-CLE,1,574,3,-2,true,false,-2,True,-4,0
H1W05755,0042500304,NYK-CLE,1,562,3,-2,true,false,-4,True,-2,0
H1W05756,0042500304,NYK-CLE,1,557,1,0,false,true,-2,True,0,0
H1W05757,0042500304,NYK-CLE,1,545,3,-5,false,true,-4,True,0,0
H1W05758,0042500304,NYK-CLE,1,523,1,0,false,true,1,True,2,0
H1W05759,0042500304,NYK-CLE,1,511,1,-2,false,true,-2,True,2,0
H1W05760,0042500304,NYK-CLE,1,510,-1,-2,false,true,2,True,2,0
H1W05761,0042500304,NYK-CLE,1,487,-1,-4,false,true,2,True,2,0
H1W05762,0042500304,NYK-CLE,1,480,-1,-2,false,true,4,True,-1,0
H1W05763,0042500304,NYK-CLE,1,471,2,-4,false,true,1,True,-4,0
H1W05764,0042500304,NYK-CLE,1,445,-1,1,false,true,4,True,-3,0
H1W05765,0042500304,NYK-CLE,1,429,1,-2,false,true,0,True,-5,0
H1W05766,0042500304,NYK-CLE,1,410,1,2,false,true,0,True,-7,0
H1W05767,0042500304,NYK-CLE,1,397,3,2,true,false,-5,True,-7,0
H1W05768,0042500304,NYK-CLE,1,377,3,4,true,false,-5,True,-9,0
H1W05769,0042500304,NYK-CLE,1,367,3,1,true,false,-7,True,-7,0
H1W05770,0042500304,NYK-CLE,1,360,1,4,true,false,-5,True,-5,0
H1W05771,0042500304,NYK-CLE,1,340,1,0,true,false,-7,True,-5,0
H1W05772,0042500304,NYK-CLE,1,324,-2,0,false,true,-2,True,-5,0
H1W05773,0042500304,NYK-CLE,1,306,-2,-5,false,true,-4,True,-2,0
H1W05774,0042500304,NYK-CLE,1,304,-4,-5,false,true,0,True,-2,0
H1W05775,0042500304,NYK-CLE,1,286,-4,-7,false,true,0,True,0,0
H1W05776,0042500304,NYK-CLE,1,281,-6,-5,false,true,2,True,-1,-1
H1W05777,0042500304,NYK-CLE,1,253,-4,-7,false,true,-3,True,-3,-1
H1W05778,0042500304,NYK-CLE,1,233,-6,-2,false,true,2,True,-4,-1
H1W05779,0042500304,NYK-CLE,1,210,-4,-4,false,true,-2,True,-6,-1
H1W05780,0042500304,NYK-CLE,1,188,-4,0,false,true,0,True,-8,-1
H1W05781,0042500304,NYK-CLE,1,142,-6,2,false,true,-4,False,,0
H1W05782,0042500304,NYK-CLE,1,132,-4,-2,false,true,-8,False,,0
H1W05783,0042500304,NYK-CLE,1,119,-7,0,false,true,-5,False,,0
H1W05784,0042500304,NYK-CLE,1,99,-7,-3,false,true,-5,False,,0
H1W05785,0042500304,NYK-CLE,2,606,-20,-8,false,true,-4,True,-1,-2
H1W05786,0042500304,NYK-CLE,2,601,-20,-6,false,true,-1,True,-4,-2
H1W05787,0042500304,NYK-CLE,2,584,-20,-6,false,true,-1,True,-1,0
H1W05788,0042500304,NYK-CLE,2,581,-22,-3,false,true,1,True,1,-1
H1W05789,0042500304,NYK-CLE,2,569,-22,-5,false,true,1,True,1,0
H1W05790,0042500304,NYK-CLE,2,560,-24,-2,false,true,3,True,1,0
H1W05791,0042500304,NYK-CLE,2,551,-21,-4,false,true,-3,True,-2,0
H1W05792,0042500304,NYK-CLE,2,533,-21,-1,false,true,0,True,-4,-1
H1W05793,0042500304,NYK-CLE,2,528,-21,-1,false,true,0,True,-4,1
H1W05794,0042500304,NYK-CLE,2,518,-21,1,false,true,0,True,-8,1
H1W05795,0042500304,NYK-CLE,2,503,-21,1,false,true,-2,True,-5,1
H1W05796,0042500304,NYK-CLE,2,499,-24,3,false,true,1,True,-2,0
H1W05797,0042500304,NYK-CLE,2,487,-21,-3,false,true,-4,True,-3,0
H1W05798,0042500304,NYK-CLE,2,467,-21,0,false,true,-4,True,-3,-2
H1W05799,0042500304,NYK-CLE,2,456,-21,0,false,true,-8,True,-3,-2
H1W05800,0042500304,NYK-CLE,2,436,-23,0,false,true,-3,True,-1,-2
H1W05801,0042500304,NYK-CLE,2,423,-23,-2,false,true,-3,True,1,-1
H1W05802,0042500304,NYK-CLE,2,420,-25,1,false,true,1,True,3,-1
H1W05803,0042500304,NYK-CLE,2,397,-25,-4,false,true,1,True,3,0
H1W05804,0042500304,NYK-CLE,2,368,-29,-4,false,true,5,True,6,0
H1W05805,0042500304,NYK-CLE,2,343,-26,-8,false,true,2,True,5,0
H1W05806,0042500304,NYK-CLE,2,323,-26,-3,false,true,4,True,5,0
H1W05807,0042500304,NYK-CLE,2,311,-24,-3,false,true,2,True,4,0
H1W05808,0042500304,NYK-CLE,2,305,-24,1,false,true,2,True,2,0
H1W05809,0042500304,NYK-CLE,2,289,-24,1,false,true,1,True,5,0
H1W05810,0042500304,NYK-CLE,2,275,-24,5,false,true,3,True,5,0
H1W05811,0042500304,NYK-CLE,2,265,-22,2,false,true,1,True,5,0
H1W05812,0042500304,NYK-CLE,2,239,-22,4,false,true,2,True,3,0
H1W05813,0042500304,NYK-CLE,2,225,-22,2,false,true,0,True,3,0
H1W05814,0042500304,NYK-CLE,2,223,-23,2,false,true,4,True,2,0
H1W05815,0042500304,NYK-CLE,2,206,-21,1,false,true,2,True,2,0
H1W05816,0042500304,NYK-CLE,2,183,-21,3,false,true,4,True,2,0
H1W05817,0042500304,NYK-CLE,2,173,-20,1,true,false,1,True,1,0
H1W05818,0042500304,NYK-CLE,2,152,-22,2,true,false,3,True,3,0
H1W05819,0042500304,NYK-CLE,2,139,-19,0,true,false,-2,True,0,0
H1W05820,0042500304,NYK-CLE,2,120,-19,4,true,false,0,False,,0
H1W05821,0042500304,NYK-CLE,2,113,-17,2,true,false,-2,False,,0
H1W05822,0042500304,NYK-CLE,2,88,-19,4,true,false,0,False,,-1
H1W05823,0042500304,NYK-CLE,2,68,-19,1,true,false,0,False,,-1
H1W05824,0042500304,NYK-CLE,2,68,-21,3,true,false,2,False,,-1
H1W05825,0042500304,NYK-CLE,3,504,-19,3,false,true,-5,True,-9,-1
H1W05826,0042500304,NYK-CLE,3,488,-19,-3,false,true,-7,True,-6,-1
H1W05827,0042500304,NYK-CLE,3,478,-22,-3,false,true,-4,True,-3,-1
H1W05828,0042500304,NYK-CLE,3,469,-22,-6,false,true,-6,True,-3,0
H1W05829,0042500304,NYK-CLE,3,464,-24,-6,false,true,-4,True,-1,-1
H1W05830,0042500304,NYK-CLE,3,441,-24,-8,false,true,-4,True,-1,0
H1W05831,0042500304,NYK-CLE,3,433,-26,-5,false,true,1,True,-2,0
H1W05832,0042500304,NYK-CLE,3,425,-26,-7,false,true,1,True,-2,0
H1W05833,0042500304,NYK-CLE,3,413,-28,-4,false,true,3,True,-2,0
H1W05834,0042500304,NYK-CLE,3,121,-27,-3,true,false,0,True,0,1
H1W05835,0042500304,NYK-CLE,3,100,-29,1,true,false,2,False,,0
H1W05836,0042500304,NYK-CLE,3,82,-27,-3,true,false,0,False,,0
H1W05837,0042500304,NYK-CLE,4,581,-29,-4,true,false,-4,True,-6,-1
H1W05838,0042500304,NYK-CLE,4,570,-31,0,true,false,-2,True,-4,-1
H1W05839,0042500304,NYK-CLE,4,554,-29,-2,true,false,-6,True,-6,-1
H1W05840,0042500304,NYK-CLE,4,532,-31,0,true,false,-4,True,-7,-2
H1W05841,0042500304,NYK-CLE,4,520,-31,-3,false,true,-4,True,-7,-1
H1W05842,0042500304,NYK-CLE,4,517,-33,0,false,true,-2,True,-6,-1
H1W05843,0042500304,NYK-CLE,4,497,-33,-4,false,true,-2,True,-6,-1
H1W05844,0042500304,NYK-CLE,4,478,-35,-2,false,true,0,False,,-2
H1W05845,0042500304,NYK-CLE,4,461,-35,-6,false,true,-3,False,,-1
H1W05846,0042500304,NYK-CLE,4,454,-35,-4,false,true,-3,False,,-2
H1W05847,0042500304,NYK-CLE,4,446,-35,-4,false,true,-4,False,,-2
H1W05848,0042500304,NYK-CLE,4,419,-35,-2,false,true,-4,False,,-2
H1W05849,0042500311,SAS-OKC,1,617,-7,-7,false,true,0,True,0,2
H1W05850,0042500311,SAS-OKC,1,603,-7,-4,false,true,3,True,0,1
H1W05851,0042500311,SAS-OKC,1,590,-7,-4,false,true,0,True,0,1
H1W05852,0042500311,SAS-OKC,1,570,-7,-2,false,true,0,True,-2,0
H1W05853,0042500311,SAS-OKC,1,546,-7,-2,false,true,0,True,0,0
H1W05854,0042500311,SAS-OKC,1,408,-5,0,true,false,-1,True,2,0
H1W05855,0042500311,SAS-OKC,1,392,-5,2,true,false,-1,True,0,0
H1W05856,0042500311,SAS-OKC,1,387,-3,2,true,false,-3,True,0,0
H1W05857,0042500311,SAS-OKC,1,366,-6,6,true,false,3,True,3,0
H1W05858,0042500311,SAS-OKC,1,350,-6,1,true,false,3,True,5,0
H1W05859,0042500311,SAS-OKC,1,344,-6,1,true,false,3,True,5,0
H1W05860,0042500311,SAS-OKC,1,331,-6,-1,true,false,1,True,7,0
H1W05861,0042500311,SAS-OKC,1,313,-6,-1,true,false,3,True,7,0
H1W05862,0042500311,SAS-OKC,1,295,-3,-3,true,false,0,True,6,0
H1W05863,0042500311,SAS-OKC,1,279,-3,3,true,false,2,True,4,0
H1W05864,0042500311,SAS-OKC,1,264,-3,3,true,false,2,True,6,1
H1W05865,0042500311,SAS-OKC,1,258,-5,3,true,false,6,True,6,1
H1W05866,0042500311,SAS-OKC,1,215,-1,0,true,false,2,True,3,1
H1W05867,0042500311,SAS-OKC,1,195,-1,2,true,false,4,True,1,0
H1W05868,0042500311,SAS-OKC,1,191,1,2,true,false,0,True,-1,0
H1W05869,0042500311,SAS-OKC,1,168,1,6,true,false,0,True,-3,0
H1W05870,0042500311,SAS-OKC,1,163,3,4,true,false,-4,True,-3,0
H1W05871,0042500311,SAS-OKC,1,139,1,6,true,false,1,True,-1,0
H1W05872,0042500311,SAS-OKC,1,133,3,2,true,false,-3,False,,0
H1W05873,0042500311,SAS-OKC,1,118,1,4,true,false,-1,False,,0
H1W05874,0042500311,SAS-OKC,1,106,1,0,true,false,-3,False,,0
H1W05875,0042500311,SAS-OKC,1,94,-1,0,true,false,1,False,,0
H1W05876,0042500311,SAS-OKC,1,77,2,-4,true,false,-2,False,,1
H1W05877,0042500311,SAS-OKC,2,574,-4,-1,false,true,-3,True,-4,0
H1W05878,0042500311,SAS-OKC,2,557,-4,-4,false,true,-5,True,-1,0
H1W05879,0042500311,SAS-OKC,2,551,-7,-4,false,true,1,True,2,0
H1W05880,0042500311,SAS-OKC,2,525,-7,-7,false,true,-1,True,2,0
H1W05881,0042500311,SAS-OKC,2,500,-7,-4,false,true,-1,True,0,0
H1W05882,0042500311,SAS-OKC,2,488,-7,-6,false,true,-1,True,0,1
H1W05883,0042500311,SAS-OKC,2,468,-9,-3,false,true,4,True,2,1
H1W05884,0042500311,SAS-OKC,2,457,-6,-5,false,true,1,True,-1,1
H1W05885,0042500311,SAS-OKC,2,440,-8,1,false,true,3,True,1,0
H1W05886,0042500311,SAS-OKC,2,425,-8,-1,false,true,1,True,3,0
H1W05887,0042500311,SAS-OKC,2,413,-8,-1,false,true,1,True,1,-1
H1W05888,0042500311,SAS-OKC,2,402,-5,-1,false,true,-2,True,-2,-1
H1W05889,0042500311,SAS-OKC,2,379,-5,4,false,true,-2,True,-2,-1
H1W05890,0042500311,SAS-OKC,2,290,-7,-2,false,true,0,True,4,0
H1W05891,0042500311,SAS-OKC,2,268,-7,-2,false,true,2,True,2,0
H1W05892,0042500311,SAS-OKC,2,266,-5,-2,false,true,0,True,0,1
H1W05893,0042500311,SAS-OKC,2,256,-7,2,false,true,4,True,2,1
H1W05894,0042500311,SAS-OKC,2,238,-7,0,false,true,4,True,2,1
H1W05895,0042500311,SAS-OKC,2,230,-7,0,false,true,4,True,0,1
H1W05896,0042500311,SAS-OKC,2,227,-5,0,false,true,0,True,-2,1
H1W05897,0042500311,SAS-OKC,2,112,-5,-2,false,true,-2,False,,0
H1W05898,0042500311,SAS-OKC,2,93,-7,-2,false,true,0,False,,0
H1W05899,0042500311,SAS-OKC,3,387,-6,-2,false,true,5,True,1,1
H1W05900,0042500311,SAS-OKC,3,365,-4,-7,false,true,1,True,-1,1
H1W05901,0042500311,SAS-OKC,3,346,-4,-3,false,true,1,True,-1,0
H1W05902,0042500311,SAS-OKC,3,330,-1,-3,true,false,-4,True,-2,0
H1W05903,0042500311,SAS-OKC,3,306,-1,3,true,false,-2,True,-3,-1
H1W05904,0042500311,SAS-OKC,3,291,-1,3,true,false,-4,True,-3,0
H1W05905,0042500311,SAS-OKC,3,286,-3,5,true,false,-2,True,-3,0
H1W05906,0042500311,SAS-OKC,3,266,-3,1,true,false,-2,True,-3,1
H1W05907,0042500311,SAS-OKC,3,260,-5,1,true,false,2,True,-3,1
H1W05908,0042500311,SAS-OKC,3,249,-3,-4,true,false,-1,True,-2,1
H1W05909,0042500311,SAS-OKC,3,234,-5,-2,true,false,1,True,-2,1
H1W05910,0042500311,SAS-OKC,3,213,-5,-4,true,false,-1,True,-2,1
H1W05911,0042500311,SAS-OKC,3,196,-5,-2,true,false,-1,True,-2,0
H1W05912,0042500311,SAS-OKC,3,185,-3,-2,true,false,-5,True,-1,0
H1W05913,0042500311,SAS-OKC,3,164,-4,2,true,false,-1,True,-3,0
H1W05914,0042500311,SAS-OKC,3,153,-4,-1,true,false,-3,True,-3,0
H1W05915,0042500311,SAS-OKC,3,140,-6,1,false,true,-1,False,,-1
H1W05916,0042500311,SAS-OKC,3,116,-6,-1,false,true,-1,False,,-1
H1W05917,0042500311,SAS-OKC,3,103,-8,-1,false,true,4,False,,-1
H1W05918,0042500311,SAS-OKC,3,85,-5,-5,false,true,-2,False,,-1
H1W05919,0042500311,SAS-OKC,3,67,-7,-1,false,true,0,False,,-1
H1W05920,0042500311,SAS-OKC,4,589,-10,2,false,true,3,True,3,0
H1W05921,0042500311,SAS-OKC,4,568,-8,-2,false,true,1,True,1,0
H1W05922,0042500311,SAS-OKC,4,550,-10,0,false,true,3,True,3,0
H1W05923,0042500311,SAS-OKC,4,533,-7,-2,false,true,-2,True,2,0
H1W05924,0042500311,SAS-OKC,4,514,-7,1,false,true,0,True,0,0
H1W05925,0042500311,SAS-OKC,4,504,-7,1,false,true,0,True,2,0
H1W05926,0042500311,SAS-OKC,4,481,-7,3,false,true,0,True,2,0
H1W05927,0042500311,SAS-OKC,4,468,-7,1,false,true,0,True,4,0
H1W05928,0042500311,SAS-OKC,4,451,-9,3,false,false,4,True,6,0
H1W05929,0042500311,SAS-OKC,4,428,-7,-2,false,false,0,True,6,0
H1W05930,0042500311,SAS-OKC,4,379,-7,0,false,false,2,True,6,0
H1W05931,0042500311,SAS-OKC,4,362,-7,0,false,false,2,True,6,0
H1W05932,0042500311,SAS-OKC,4,341,-7,0,false,false,4,True,3,0
H1W05933,0042500311,SAS-OKC,4,323,-5,0,false,false,2,True,3,0
H1W05934,0042500311,SAS-OKC,4,300,-7,4,false,false,6,True,5,0
H1W05935,0042500311,SAS-OKC,4,288,-5,0,false,false,4,True,6,0
H1W05936,0042500311,SAS-OKC,4,271,-5,2,false,false,4,True,3,0
H1W05937,0042500311,SAS-OKC,4,259,-3,2,false,false,-1,True,3,0
H1W05938,0042500311,SAS-OKC,4,217,-3,4,false,false,1,True,3,0
H1W05939,0042500311,SAS-OKC,4,203,-1,2,false,false,-1,True,1,1
H1W05940,0042500311,SAS-OKC,4,176,-1,6,false,false,2,True,-1,1
H1W05941,0042500311,SAS-OKC,4,168,-1,4,false,false,-1,True,1,1
H1W05942,0042500311,SAS-OKC,4,145,-4,4,false,false,4,True,2,1
H1W05943,0042500311,SAS-OKC,4,111,1,-1,true,false,-3,False,,1
H1W05944,0042500311,SAS-OKC,4,86,-2,2,true,false,2,False,,1
H1W05945,0042500311,SAS-OKC,4,72,0,-1,true,false,-2,False,,1
H1W05946,0042500311,SAS-OKC,4,65,0,4,true,false,0,False,,0
H1W05947,0042500311,SAS-OKC,4,57,0,2,true,false,0,False,,0
H1W05948,0042500312,SAS-OKC,1,621,3,1,true,false,-4,True,-4,0
H1W05949,0042500312,SAS-OKC,1,612,0,3,true,false,-1,True,-1,-1
H1W05950,0042500312,SAS-OKC,1,597,2,-2,true,false,-3,True,-1,-1
H1W05951,0042500312,SAS-OKC,1,586,-1,0,true,false,0,True,0,-2
H1W05952,0042500312,SAS-OKC,1,562,1,-4,true,false,-2,True,1,-2
H1W05953,0042500312,SAS-OKC,1,549,-1,0,true,false,0,True,3,-2
H1W05954,0042500312,SAS-OKC,1,539,-1,-4,true,false,0,True,3,0
H1W05955,0042500312,SAS-OKC,1,514,-1,-1,true,false,2,True,1,0
H1W05956,0042500312,SAS-OKC,1,492,-1,-3,false,true,0,True,1,1
H1W05957,0042500312,SAS-OKC,1,227,0,1,true,false,-5,True,-1,-1
H1W05958,0042500312,SAS-OKC,1,204,0,4,true,false,-5,True,-1,-1
H1W05959,0042500312,SAS-OKC,1,194,0,2,true,false,-5,True,2,1
H1W05960,0042500312,SAS-OKC,1,187,-3,2,true,false,0,True,2,1
H1W05961,0042500312,SAS-OKC,1,83,-1,4,true,false,1,False,,0
H1W05962,0042500312,SAS-OKC,1,76,2,4,true,false,-2,False,,1
H1W05963,0042500312,SAS-OKC,1,62,-1,7,true,false,1,False,,1
H1W05964,0042500312,SAS-OKC,2,619,5,7,true,false,3,True,-3,1
H1W05965,0042500312,SAS-OKC,2,609,8,3,true,false,-2,True,-3,1
H1W05966,0042500312,SAS-OKC,2,598,6,6,true,false,0,True,-1,1
H1W05967,0042500312,SAS-OKC,2,571,8,1,true,false,-4,True,-1,1
H1W05968,0042500312,SAS-OKC,2,558,8,3,true,false,-4,True,-3,0
H1W05969,0042500312,SAS-OKC,2,551,8,1,true,false,-6,True,-3,0
H1W05970,0042500312,SAS-OKC,2,545,6,3,true,false,-1,True,-1,0
H1W05971,0042500312,SAS-OKC,2,529,6,-2,true,false,-1,True,-1,1
H1W05972,0042500312,SAS-OKC,2,524,4,0,true,false,3,True,1,1
H1W05973,0042500312,SAS-OKC,2,515,4,-4,true,false,1,True,1,1
H1W05974,0042500312,SAS-OKC,2,495,2,-4,false,true,3,True,3,1
H1W05975,0042500312,SAS-OKC,2,479,5,-6,false,true,0,True,0,1
H1W05976,0042500312,SAS-OKC,2,461,5,-1,false,true,0,True,0,0
H1W05977,0042500312,SAS-OKC,2,458,7,-1,true,false,-2,True,1,1
H1W05978,0042500312,SAS-OKC,2,447,5,3,true,false,0,True,3,1
H1W05979,0042500312,SAS-OKC,2,429,5,1,true,false,0,True,3,1
H1W05980,0042500312,SAS-OKC,2,423,5,3,true,false,0,True,1,0
H1W05981,0042500312,SAS-OKC,2,397,5,0,true,false,0,True,4,0
H1W05982,0042500312,SAS-OKC,2,384,5,0,true,false,3,True,2,-1
H1W05983,0042500312,SAS-OKC,2,373,5,-2,true,false,3,True,2,0
H1W05984,0042500312,SAS-OKC,2,366,5,0,true,false,3,True,2,0
H1W05985,0042500312,SAS-OKC,2,358,5,0,true,false,1,True,4,1
H1W05986,0042500312,SAS-OKC,2,335,5,0,true,false,4,True,4,1
H1W05987,0042500312,SAS-OKC,2,319,8,0,true,false,-1,True,1,1
H1W05988,0042500312,SAS-OKC,2,299,8,3,false,false,-1,True,1,-1
H1W05989,0042500312,SAS-OKC,2,288,8,3,false,false,-1,True,3,-1
H1W05990,0042500312,SAS-OKC,2,241,7,-1,false,true,2,True,2,1
H1W05991,0042500312,SAS-OKC,2,231,7,-1,false,true,4,True,2,1
H1W05992,0042500312,SAS-OKC,2,227,9,-1,false,true,0,True,2,1
H1W05993,0042500312,SAS-OKC,2,208,9,3,false,true,0,True,0,1
H1W05994,0042500312,SAS-OKC,2,181,9,0,false,true,0,True,2,1
H1W05995,0042500312,SAS-OKC,2,165,9,2,true,false,0,True,2,0
H1W05996,0042500312,SAS-OKC,2,155,11,2,true,false,-2,False,,0
H1W05997,0042500312,SAS-OKC,2,133,9,4,true,false,2,False,,0
H1W05998,0042500312,SAS-OKC,2,110,9,0,true,false,0,False,,0
H1W05999,0042500312,SAS-OKC,2,104,9,0,true,false,2,False,,0
H1W06000,0042500312,SAS-OKC,2,94,9,0,true,false,2,False,,0
H1W06001,0042500312,SAS-OKC,3,528,5,-6,false,true,-5,True,-1,0
H1W06002,0042500312,SAS-OKC,3,522,3,-4,false,true,0,True,-1,0
H1W06003,0042500312,SAS-OKC,3,499,3,-8,false,true,-2,True,1,0
H1W06004,0042500312,SAS-OKC,3,491,0,-5,false,true,1,True,4,0
H1W06005,0042500312,SAS-OKC,3,476,3,-8,false,true,-2,True,1,0
H1W06006,0042500312,SAS-OKC,3,460,0,-2,false,true,4,True,4,0
H1W06007,0042500312,SAS-OKC,3,438,3,-5,false,true,-1,True,1,0
H1W06008,0042500312,SAS-OKC,3,422,1,0,false,true,3,True,3,0
H1W06009,0042500312,SAS-OKC,3,404,1,-2,false,true,3,True,6,0
H1W06010,0042500312,SAS-OKC,3,388,1,1,false,true,3,True,4,0
H1W06011,0042500312,SAS-OKC,3,375,4,-2,false,true,0,True,4,1
H1W06012,0042500312,SAS-OKC,3,360,2,4,false,true,2,True,4,1
H1W06013,0042500312,SAS-OKC,3,338,4,-1,false,true,0,True,4,1
H1W06014,0042500312,SAS-OKC,3,323,4,3,false,true,3,True,4,1
H1W06015,0042500312,SAS-OKC,3,312,4,3,false,true,1,True,6,1
H1W06016,0042500312,SAS-OKC,3,307,4,3,true,false,4,True,4,0
H1W06017,0042500312,SAS-OKC,3,290,4,0,true,false,2,True,6,0
H1W06018,0042500312,SAS-OKC,3,264,4,2,true,false,4,True,3,0
H1W06019,0042500312,SAS-OKC,3,259,7,0,true,false,1,True,2,1
H1W06020,0042500312,SAS-OKC,3,245,5,3,true,false,5,True,2,1
H1W06021,0042500312,SAS-OKC,3,236,8,1,true,false,0,True,-1,1
H1W06022,0042500312,SAS-OKC,3,219,6,4,true,false,4,True,0,1
H1W06023,0042500312,SAS-OKC,3,203,8,2,true,false,-1,True,-2,1
H1W06024,0042500312,SAS-OKC,3,187,8,4,true,false,1,True,-5,0
H1W06025,0042500312,SAS-OKC,3,177,10,1,true,false,-3,True,-7,0
H1W06026,0042500312,SAS-OKC,3,160,8,5,true,false,-1,True,-5,0
H1W06027,0042500312,SAS-OKC,3,149,10,0,true,false,-4,True,-5,0
H1W06028,0042500312,SAS-OKC,3,128,7,4,true,false,-1,True,-2,0
H1W06029,0042500312,SAS-OKC,3,109,9,-1,true,false,-6,True,-1,0
H1W06030,0042500312,SAS-OKC,3,93,7,1,true,false,-4,True,1,-1
H1W06031,0042500312,SAS-OKC,3,77,7,-3,true,false,-4,False,,0
H1W06032,0042500312,SAS-OKC,3,71,6,-1,false,true,-1,False,,0
H1W06033,0042500312,SAS-OKC,4,609,7,-4,false,false,-5,True,3,1
H1W06034,0042500312,SAS-OKC,4,587,7,1,false,false,-2,True,3,0
H1W06035,0042500312,SAS-OKC,4,442,10,3,true,false,0,True,-1,1
H1W06036,0042500312,SAS-OKC,4,435,10,8,true,false,0,True,-1,-1
H1W06037,0042500312,SAS-OKC,4,174,8,-1,false,false,-1,True,-1,0
H1W06038,0042500312,SAS-OKC,4,155,8,-1,false,false,-3,True,1,0
H1W06039,0042500312,SAS-OKC,4,149,8,2,false,false,-3,True,1,-1
H1W06040,0042500312,SAS-OKC,4,132,10,2,false,false,-5,False,,-1
H1W06041,0042500312,SAS-OKC,4,85,5,-1,false,true,4,False,,-1
H1W06042,0042500312,SAS-OKC,4,75,5,-3,false,true,4,False,,0
H1W06043,0042500313,SAS-OKC,1,615,7,7,true,false,8,True,6,0
H1W06044,0042500313,SAS-OKC,1,612,10,5,true,false,5,True,5,0
H1W06045,0042500313,SAS-OKC,1,588,10,8,true,false,5,True,3,0
H1W06046,0042500313,SAS-OKC,1,584,12,5,true,false,3,True,1,0
H1W06047,0042500313,SAS-OKC,1,571,12,7,true,false,3,True,1,0
H1W06048,0042500313,SAS-OKC,1,563,15,5,true,false,-2,True,0,0
H1W06049,0042500313,SAS-OKC,1,537,15,8,true,false,0,True,-3,0
H1W06050,0042500313,SAS-OKC,1,522,15,5,true,false,-2,True,-3,0
H1W06051,0042500313,SAS-OKC,1,504,15,5,true,false,-2,True,-6,-1
H1W06052,0042500313,SAS-OKC,1,494,15,3,true,false,-2,True,-6,0
H1W06053,0042500313,SAS-OKC,1,486,13,3,true,false,2,True,-4,0
H1W06054,0042500313,SAS-OKC,1,470,15,-2,true,false,-3,True,-6,0
H1W06055,0042500313,SAS-OKC,1,461,13,0,true,false,-1,True,-7,0
H1W06056,0042500313,SAS-OKC,1,447,13,-2,false,true,-4,True,-5,1
H1W06057,0042500313,SAS-OKC,1,441,13,-2,false,true,-4,True,-8,-1
H1W06058,0042500313,SAS-OKC,1,437,15,-2,false,true,-6,True,-10,-1
H1W06059,0042500313,SAS-OKC,1,377,9,-1,false,true,-1,True,-4,-1
H1W06060,0042500313,SAS-OKC,1,357,9,-4,false,true,-4,True,-4,0
H1W06061,0042500313,SAS-OKC,1,341,9,-4,false,true,-4,True,-4,0
H1W06062,0042500313,SAS-OKC,1,332,9,-6,false,true,-5,True,-4,0
H1W06063,0042500313,SAS-OKC,1,311,6,-3,false,true,1,True,-2,0
H1W06064,0042500313,SAS-OKC,1,298,8,-6,false,true,-3,True,-4,0
H1W06065,0042500313,SAS-OKC,1,287,5,-1,false,true,0,True,-1,0
H1W06066,0042500313,SAS-OKC,1,272,5,-4,false,true,0,True,2,0
H1W06067,0042500313,SAS-OKC,1,263,4,-4,false,true,1,True,1,0
H1W06068,0042500313,SAS-OKC,1,251,7,-5,false,true,-3,True,-2,0
H1W06069,0042500313,SAS-OKC,1,237,5,1,false,true,-1,True,-2,0
H1W06070,0042500313,SAS-OKC,1,215,5,-3,false,true,-1,True,-2,0
H1W06071,0042500313,SAS-OKC,1,199,5,0,false,true,2,True,-2,0
H1W06072,0042500313,SAS-OKC,1,193,5,0,false,true,0,True,-1,0
H1W06073,0042500313,SAS-OKC,1,180,4,1,false,true,1,True,0,-1
H1W06074,0042500313,SAS-OKC,1,166,4,-3,false,true,-1,True,3,-1
H1W06075,0042500313,SAS-OKC,1,153,4,-1,false,true,-1,True,1,-1
H1W06076,0042500313,SAS-OKC,1,140,7,-1,false,true,-4,True,-2,0
H1W06077,0042500313,SAS-OKC,2,385,2,-1,true,false,-2,True,-7,-1
H1W06078,0042500313,SAS-OKC,2,356,2,4,true,false,-2,True,-7,-2
H1W06079,0042500313,SAS-OKC,2,335,2,2,true,false,-4,True,-7,-2
H1W06080,0042500313,SAS-OKC,2,327,2,2,true,false,-4,True,-9,-3
H1W06081,0042500313,SAS-OKC,2,322,2,1,true,false,-7,True,-9,-2
H1W06082,0042500313,SAS-OKC,2,303,0,3,true,false,-5,True,-7,-2
H1W06083,0042500313,SAS-OKC,2,300,0,-2,false,true,-5,True,-5,0
H1W06084,0042500313,SAS-OKC,2,291,-2,-2,false,true,-3,True,-3,-1
H1W06085,0042500313,SAS-OKC,2,276,-2,-4,false,true,-5,True,-1,0
H1W06086,0042500313,SAS-OKC,2,261,-5,-4,false,true,-2,True,0,0
H1W06087,0042500313,SAS-OKC,2,246,-5,-7,false,true,-2,True,0,1
H1W06088,0042500313,SAS-OKC,2,140,-5,0,true,false,2,False,,0
H1W06089,0042500313,SAS-OKC,2,128,-3,0,true,false,-1,False,,0
H1W06090,0042500313,SAS-OKC,2,115,-5,4,true,false,1,False,,0
H1W06091,0042500313,SAS-OKC,2,92,-5,2,true,false,-2,False,,0
H1W06092,0042500313,SAS-OKC,2,80,-5,2,true,false,-2,False,,0
H1W06093,0042500313,SAS-OKC,3,624,-7,0,true,false,-2,True,0,0
H1W06094,0042500313,SAS-OKC,3,603,-10,2,true,false,2,True,1,0
H1W06095,0042500313,SAS-OKC,3,579,-10,-1,true,false,0,True,3,1
H1W06096,0042500313,SAS-OKC,3,502,-10,2,true,false,5,True,2,0
H1W06097,0042500313,SAS-OKC,3,494,-7,-1,true,false,-2,True,-1,0
H1W06098,0042500313,SAS-OKC,3,480,-9,2,true,false,2,True,1,0
H1W06099,0042500313,SAS-OKC,3,471,-7,-1,true,false,-2,True,-1,0
H1W06100,0042500313,SAS-OKC,3,454,-7,3,true,false,-1,True,-3,0
H1W06101,0042500313,SAS-OKC,3,446,-5,3,true,false,-3,True,-2,0
H1W06102,0042500313,SAS-OKC,3,424,-9,5,true,false,1,True,1,0
H1W06103,0042500313,SAS-OKC,3,414,-7,-2,true,false,-1,True,2,0
H1W06104,0042500313,SAS-OKC,3,390,-9,2,true,false,1,True,1,0
H1W06105,0042500313,SAS-OKC,3,376,-8,-2,true,false,-2,True,0,0
H1W06106,0042500313,SAS-OKC,3,361,-8,-1,true,false,1,True,-2,0
H1W06107,0042500313,SAS-OKC,3,344,-8,-3,true,false,0,True,0,0
H1W06108,0042500313,SAS-OKC,3,341,-8,1,true,false,3,True,-1,0
H1W06109,0042500313,SAS-OKC,3,320,-8,-1,true,false,0,True,1,0
H1W06110,0042500313,SAS-OKC,3,306,-10,1,true,false,2,True,0,0
H1W06111,0042500313,SAS-OKC,3,282,-7,-2,true,false,-3,True,-3,0
H1W06112,0042500313,SAS-OKC,3,269,-8,1,false,true,0,True,-4,0
H1W06113,0042500313,SAS-OKC,3,257,-5,0,false,true,-4,True,-4,0
H1W06114,0042500313,SAS-OKC,3,237,-8,3,false,true,1,True,-3,0
H1W06115,0042500313,SAS-OKC,3,220,-8,0,false,true,-2,True,-3,0
H1W06116,0042500313,SAS-OKC,3,214,-10,2,false,true,0,True,-1,0
H1W06117,0042500313,SAS-OKC,3,199,-8,-3,false,true,-4,True,-3,0
H1W06118,0042500313,SAS-OKC,3,194,-9,0,false,true,0,True,-4,0
H1W06119,0042500313,SAS-OKC,3,183,-7,-4,false,true,-4,True,-4,0
H1W06120,0042500313,SAS-OKC,3,166,-10,1,false,true,-1,True,-3,0
H1W06121,0042500313,SAS-OKC,3,152,-10,-2,false,true,-1,True,-1,0
H1W06122,0042500313,SAS-OKC,3,138,-12,0,false,true,1,True,1,0
H1W06123,0042500313,SAS-OKC,3,128,-9,-4,false,true,-4,False,,0
H1W06124,0042500313,SAS-OKC,3,113,-11,0,false,true,0,False,,0
H1W06125,0042500313,SAS-OKC,3,99,-11,-4,false,true,-2,False,,0
H1W06126,0042500313,SAS-OKC,3,87,-11,-1,false,true,0,False,,0
H1W06127,0042500313,SAS-OKC,4,650,-12,-1,true,false,0,True,0,0
H1W06128,0042500313,SAS-OKC,4,642,-12,-1,true,false,0,True,2,0
H1W06129,0042500313,SAS-OKC,4,630,-15,1,true,false,3,True,2,-1
H1W06130,0042500313,SAS-OKC,4,608,-13,-2,true,false,1,True,2,-1
H1W06131,0042500313,SAS-OKC,4,586,-15,0,true,false,3,True,4,-2
H1W06132,0042500313,SAS-OKC,4,230,-10,3,true,false,-3,True,-5,0
H1W06133,0042500313,SAS-OKC,4,211,-10,5,true,false,-3,True,-7,0
H1W06134,0042500313,SAS-OKC,4,192,-10,5,true,false,-5,True,-5,0
H1W06135,0042500313,SAS-OKC,4,175,-12,5,true,false,-3,True,-6,-1
H1W06136,0042500313,SAS-OKC,4,164,-10,0,true,false,-5,True,-5,-1
H1W06137,0042500313,SAS-OKC,4,148,-13,2,true,false,-2,False,,-2
H1W06138,0042500313,SAS-OKC,4,122,-13,-3,true,false,-4,False,,-2
H1W06139,0042500313,SAS-OKC,4,111,-15,-3,false,true,0,False,,-2
H1W06140,0042500313,SAS-OKC,4,98,-15,-5,false,true,-3,False,,-1
H1W06141,0042500313,SAS-OKC,4,91,-15,-3,false,true,0,False,,-1
H1W06142,0042500314,SAS-OKC,1,608,-1,1,false,false,2,True,2,0
H1W06143,0042500314,SAS-OKC,1,593,1,-4,false,false,-2,True,2,0
H1W06144,0042500314,SAS-OKC,1,576,-1,0,false,false,0,True,4,0
H1W06145,0042500314,SAS-OKC,1,566,-1,-2,false,false,0,True,6,0
H1W06146,0042500314,SAS-OKC,1,548,-1,-2,false,false,2,True,6,0
H1W06147,0042500314,SAS-OKC,1,538,1,-2,false,false,0,True,7,0
H1W06148,0042500314,SAS-OKC,1,511,-1,2,false,false,4,True,9,0
H1W06149,0042500314,SAS-OKC,1,496,-1,-2,false,false,4,True,12,0
H1W06150,0042500314,SAS-OKC,1,482,-1,0,false,false,6,True,12,0
H1W06151,0042500314,SAS-OKC,1,412,5,4,true,false,6,True,10,1
H1W06152,0042500314,SAS-OKC,1,389,5,6,true,false,6,True,10,0
H1W06153,0042500314,SAS-OKC,1,369,8,4,true,false,3,True,7,0
H1W06154,0042500314,SAS-OKC,1,343,8,7,true,false,5,True,7,0
H1W06155,0042500314,SAS-OKC,1,340,11,5,true,false,2,True,4,1
H1W06156,0042500314,SAS-OKC,1,315,11,8,true,false,4,True,2,0
H1W06157,0042500314,SAS-OKC,1,296,11,6,true,false,4,True,2,2
H1W06158,0042500314,SAS-OKC,1,283,11,6,true,false,4,True,2,2
H1W06159,0042500314,SAS-OKC,1,280,13,3,true,false,2,True,0,2
H1W06160,0042500314,SAS-OKC,1,267,13,5,true,false,2,True,-2,1
H1W06161,0042500314,SAS-OKC,1,259,15,2,true,false,-2,True,-2,1
H1W06162,0042500314,SAS-OKC,1,240,15,4,true,false,-2,True,-4,0
H1W06163,0042500314,SAS-OKC,1,225,15,4,true,false,-2,True,-1,0
H1W06164,0042500314,SAS-OKC,1,217,15,4,true,false,-2,True,-1,0
H1W06165,0042500314,SAS-OKC,1,215,15,2,true,false,-4,True,-1,0
H1W06166,0042500314,SAS-OKC,1,203,13,2,true,false,0,True,-2,0
H1W06167,0042500314,SAS-OKC,1,188,13,-2,true,false,-2,True,-2,0
H1W06168,0042500314,SAS-OKC,1,167,13,-2,true,false,1,True,-2,0
H1W06169,0042500314,SAS-OKC,1,159,13,-2,true,false,1,True,-2,0
H1W06170,0042500314,SAS-OKC,1,148,11,-2,true,false,3,True,-2,0
H1W06171,0042500314,SAS-OKC,1,137,13,-4,true,false,-2,False,,0
H1W06172,0042500314,SAS-OKC,1,117,11,0,true,false,0,False,,0
H1W06173,0042500314,SAS-OKC,1,106,14,-2,true,false,-3,False,,0
H1W06174,0042500314,SAS-OKC,1,78,14,1,false,false,-3,False,,0
H1W06175,0042500314,SAS-OKC,1,70,14,1,false,false,-5,False,,0
H1W06176,0042500314,SAS-OKC,2,637,6,-5,false,true,1,True,1,0
H1W06177,0042500314,SAS-OKC,2,616,6,-3,false,true,1,True,1,0
H1W06178,0042500314,SAS-OKC,2,606,7,-3,true,false,0,True,2,0
H1W06179,0042500314,SAS-OKC,2,590,7,0,true,false,2,True,2,0
H1W06180,0042500314,SAS-OKC,2,579,7,0,true,false,0,True,2,0
H1W06181,0042500314,SAS-OKC,2,573,7,3,true,false,0,True,0,-1
H1W06182,0042500314,SAS-OKC,2,566,7,1,true,false,0,True,0,-1
H1W06183,0042500314,SAS-OKC,2,548,7,1,true,false,2,True,0,-1
H1W06184,0042500314,SAS-OKC,2,521,9,0,true,false,0,True,-1,0
H1W06185,0042500314,SAS-OKC,2,507,7,2,true,false,2,True,-1,0
H1W06186,0042500314,SAS-OKC,2,500,7,0,true,false,0,True,1,1
H1W06187,0042500314,SAS-OKC,2,483,7,0,true,false,0,True,1,0
H1W06188,0042500314,SAS-OKC,2,460,9,0,true,false,-2,True,-1,1
H1W06189,0042500314,SAS-OKC,2,452,9,2,true,false,-1,True,-1,0
H1W06190,0042500314,SAS-OKC,2,388,7,0,true,false,1,True,2,0
H1W06191,0042500314,SAS-OKC,2,371,8,-2,true,false,0,True,1,0
H1W06192,0042500314,SAS-OKC,2,357,6,-1,true,false,2,True,2,0
H1W06193,0042500314,SAS-OKC,2,341,8,-3,true,false,0,True,0,1
H1W06194,0042500314,SAS-OKC,2,303,8,1,true,false,2,True,0,1
H1W06195,0042500314,SAS-OKC,2,296,8,1,true,false,1,True,1,1
H1W06196,0042500314,SAS-OKC,2,128,5,-1,false,true,2,False,,0
H1W06197,0042500314,SAS-OKC,2,112,7,-3,false,true,0,False,,0
H1W06198,0042500314,SAS-OKC,2,97,5,-1,false,true,4,False,,0
H1W06199,0042500314,SAS-OKC,2,70,5,-4,false,true,4,False,,0
H1W06200,0042500314,SAS-OKC,2,58,5,-2,false,true,7,False,,0
H1W06201,0042500314,SAS-OKC,3,645,16,2,true,false,-2,True,2,0
H1W06202,0042500314,SAS-OKC,3,624,14,7,true,false,0,True,4,0
H1W06203,0042500314,SAS-OKC,3,595,14,2,true,false,0,True,6,0
H1W06204,0042500314,SAS-OKC,3,574,14,2,true,false,2,True,6,0
H1W06205,0042500314,SAS-OKC,3,491,16,2,true,false,6,True,4,1
H1W06206,0042500314,SAS-OKC,3,486,18,2,true,false,4,True,5,1
H1W06207,0042500314,SAS-OKC,3,475,18,4,true,false,4,True,5,0
H1W06208,0042500314,SAS-OKC,3,468,20,4,true,false,0,True,5,0
H1W06209,0042500314,SAS-OKC,3,321,25,1,true,false,0,True,-4,0
H1W06210,0042500314,SAS-OKC,3,309,23,5,true,false,2,True,-3,-1
H1W06211,0042500314,SAS-OKC,3,297,23,3,true,false,0,True,-3,-1
H1W06212,0042500314,SAS-OKC,4,605,22,2,true,false,0,True,-4,0
H1W06213,0042500314,SAS-OKC,4,600,24,2,true,false,-4,True,-6,0
H1W06214,0042500314,SAS-OKC,4,578,22,4,true,false,-2,True,-4,0
H1W06215,0042500314,SAS-OKC,4,551,22,2,true,false,-2,True,-2,0
H1W06216,0042500314,SAS-OKC,4,542,20,2,true,false,0,True,0,0
H1W06217,0042500314,SAS-OKC,4,512,22,-2,true,false,-4,True,-2,0
H1W06218,0042500314,SAS-OKC,4,495,20,0,true,false,-2,True,0,0
H1W06219,0042500314,SAS-OKC,4,472,20,-4,true,false,-2,True,2,0
H1W06220,0042500314,SAS-OKC,4,456,20,-2,true,false,0,True,0,0
H1W06221,0042500314,SAS-OKC,4,446,20,-2,true,false,0,True,0,0
H1W06222,0042500314,SAS-OKC,4,428,18,0,false,true,2,True,2,-1
H1W06223,0042500314,SAS-OKC,4,410,18,-4,false,true,2,True,4,-1
H1W06224,0042500314,SAS-OKC,4,392,18,-2,false,true,4,True,4,-1
H1W06225,0042500314,SAS-OKC,4,389,20,-2,false,true,0,True,2,-1
H1W06226,0042500314,SAS-OKC,4,374,20,0,false,true,0,True,-1,-1
H1W06227,0042500314,SAS-OKC,4,283,20,0,false,true,-1,True,0,-1
H1W06228,0042500314,SAS-OKC,4,274,20,0,false,true,2,True,0,-1
H1W06229,0042500314,SAS-OKC,4,261,22,0,false,true,-2,True,0,-1
H1W06230,0042500314,SAS-OKC,4,247,22,2,false,true,-2,True,0,-1
H1W06231,0042500314,SAS-OKC,4,213,20,2,false,true,2,False,,1
H1W06232,0042500314,SAS-OKC,4,187,20,-2,false,true,2,False,,2
H1W06233,0042500314,SAS-OKC,4,174,20,-2,false,true,5,False,,2
H1W06234,0042500315,SAS-OKC,1,629,2,2,true,false,-3,True,-3,0
H1W06235,0042500315,SAS-OKC,1,621,2,2,true,false,-1,True,-3,0
H1W06236,0042500315,SAS-OKC,1,618,2,2,true,false,-3,True,-1,1
H1W06237,0042500315,SAS-OKC,1,613,2,2,true,false,-3,True,-4,-1
H1W06238,0042500315,SAS-OKC,1,600,2,0,true,false,-3,True,-4,0
H1W06239,0042500315,SAS-OKC,1,596,-1,0,false,true,0,True,-4,0
H1W06240,0042500315,SAS-OKC,1,578,1,-3,false,true,-2,True,-6,0
H1W06241,0042500315,SAS-OKC,1,477,-5,-1,false,true,0,True,2,-1
H1W06242,0042500315,SAS-OKC,1,455,-5,-4,false,true,-3,True,2,-1
H1W06243,0042500315,SAS-OKC,1,436,-5,-4,false,true,-1,True,0,-1
H1W06244,0042500315,SAS-OKC,1,415,-3,-6,false,true,-3,True,-2,-1
H1W06245,0042500315,SAS-OKC,1,139,0,0,true,false,0,True,2,0
H1W06246,0042500315,SAS-OKC,1,126,-2,3,true,false,2,True,4,-1
H1W06247,0042500315,SAS-OKC,1,115,0,-1,true,false,-3,False,,-1
H1W06248,0042500315,SAS-OKC,1,105,-2,3,true,false,2,False,,-1
H1W06249,0042500315,SAS-OKC,1,86,0,1,true,false,0,False,,0
H1W06250,0042500315,SAS-OKC,1,76,0,3,true,false,2,False,,0
H1W06251,0042500315,SAS-OKC,1,72,0,0,true,false,2,False,,1
H1W06252,0042500315,SAS-OKC,2,656,3,2,true,false,6,True,5,1
H1W06253,0042500315,SAS-OKC,2,642,6,1,true,false,1,True,4,1
H1W06254,0042500315,SAS-OKC,2,630,6,6,true,false,3,True,2,1
H1W06255,0042500315,SAS-OKC,2,616,9,4,true,false,-3,True,-1,1
H1W06256,0042500315,SAS-OKC,2,612,9,7,true,false,-1,True,-1,0
H1W06257,0042500315,SAS-OKC,2,604,9,5,true,false,-1,True,-1,0
H1W06258,0042500315,SAS-OKC,2,587,7,6,true,false,3,True,-1,0
H1W06259,0042500315,SAS-OKC,2,572,9,1,true,false,-1,True,-3,0
H1W06260,0042500315,SAS-OKC,2,559,6,3,true,false,2,True,-2,0
H1W06261,0042500315,SAS-OKC,2,540,8,-3,true,false,0,True,-4,0
H1W06262,0042500315,SAS-OKC,2,508,8,-1,true,false,0,True,-7,0
H1W06263,0042500315,SAS-OKC,2,495,10,-1,true,false,-4,True,-7,0
H1W06264,0042500315,SAS-OKC,2,487,8,3,true,false,-2,True,-5,0
H1W06265,0042500315,SAS-OKC,2,464,8,-1,true,false,-4,True,-3,0
H1W06266,0042500315,SAS-OKC,2,449,8,2,true,false,-4,True,-5,-1
H1W06267,0042500315,SAS-OKC,2,445,8,0,true,false,-7,True,-5,-1
H1W06268,0042500315,SAS-OKC,2,432,6,0,true,false,-3,True,-3,-1
H1W06269,0042500315,SAS-OKC,2,408,6,-4,true,false,-3,True,0,0
H1W06270,0042500315,SAS-OKC,2,398,4,-2,false,true,1,True,2,0
H1W06271,0042500315,SAS-OKC,2,378,4,-4,false,true,-1,True,4,1
H1W06272,0042500315,SAS-OKC,2,369,1,-4,false,true,2,True,4,1
H1W06273,0042500315,SAS-OKC,2,351,3,-7,false,true,0,True,2,1
H1W06274,0042500315,SAS-OKC,2,331,3,-3,false,true,3,True,2,0
H1W06275,0042500315,SAS-OKC,2,330,5,-3,false,true,1,True,2,0
H1W06276,0042500315,SAS-OKC,2,314,3,1,false,true,5,True,4,0
H1W06277,0042500315,SAS-OKC,2,298,3,-1,false,true,2,True,6,0
H1W06278,0042500315,SAS-OKC,2,277,3,2,false,true,2,True,5,-1
H1W06279,0042500315,SAS-OKC,2,270,6,0,false,true,-1,True,5,-1
H1W06280,0042500315,SAS-OKC,2,251,6,3,false,true,1,True,3,-1
H1W06281,0042500315,SAS-OKC,2,240,8,1,true,false,-1,True,3,-1
H1W06282,0042500315,SAS-OKC,2,227,5,5,true,false,4,True,6,-1
H1W06283,0042500315,SAS-OKC,2,212,5,2,true,false,3,True,8,0
H1W06284,0042500315,SAS-OKC,2,187,5,2,true,false,6,True,6,0
H1W06285,0042500315,SAS-OKC,2,135,9,-1,true,false,2,True,4,0
H1W06286,0042500315,SAS-OKC,2,122,8,4,true,false,5,True,3,0
H1W06287,0042500315,SAS-OKC,2,108,11,3,true,false,0,True,0,0
H1W06288,0042500315,SAS-OKC,2,98,9,6,true,false,4,False,,0
H1W06289,0042500315,SAS-OKC,2,91,11,2,true,false,0,False,,0
H1W06290,0042500315,SAS-OKC,2,80,11,4,true,false,2,False,,0
H1W06291,0042500315,SAS-OKC,2,80,13,2,true,false,-2,False,,0
H1W06292,0042500315,SAS-OKC,2,59,11,5,true,false,0,False,,0
H1W06293,0042500315,SAS-OKC,3,638,13,2,true,false,7,True,4,1
H1W06294,0042500315,SAS-OKC,3,626,15,2,true,false,3,True,5,1
H1W06295,0042500315,SAS-OKC,3,605,15,4,true,false,5,True,2,1
H1W06296,0042500315,SAS-OKC,3,596,18,4,true,false,-1,True,-1,1
H1W06297,0042500315,SAS-OKC,3,584,18,7,true,false,1,True,-3,0
H1W06298,0042500315,SAS-OKC,3,572,20,5,true,false,-3,True,-5,0
H1W06299,0042500315,SAS-OKC,3,559,18,7,true,false,2,True,-6,0
H1W06300,0042500315,SAS-OKC,3,548,20,3,true,false,-3,True,-6,0
H1W06301,0042500315,SAS-OKC,3,538,17,5,true,false,0,True,-6,-1
H1W06302,0042500315,SAS-OKC,3,519,19,-1,true,false,-4,True,-8,-1
H1W06303,0042500315,SAS-OKC,3,510,17,1,true,false,-2,True,-9,-1
H1W06304,0042500315,SAS-OKC,3,494,20,-3,true,false,-8,True,-9,-1
H1W06305,0042500315,SAS-OKC,3,481,17,2,true,false,-3,True,-6,-1
H1W06306,0042500315,SAS-OKC,3,449,17,-3,false,true,-6,True,-6,0
H1W06307,0042500315,SAS-OKC,3,443,15,0,false,true,-4,True,-6,0
H1W06308,0042500315,SAS-OKC,3,419,15,-4,false,true,-7,True,-3,0
H1W06309,0042500315,SAS-OKC,3,410,12,-2,false,true,-1,True,0,0
H1W06310,0042500315,SAS-OKC,3,393,14,-8,false,true,-3,True,-2,0
H1W06311,0042500315,SAS-OKC,3,371,11,-3,false,true,0,True,1,0
H1W06312,0042500315,SAS-OKC,3,345,11,-6,false,true,-2,True,1,0
H1W06313,0042500315,SAS-OKC,3,341,8,-4,false,true,4,True,2,0
H1W06314,0042500315,SAS-OKC,3,307,11,-7,false,true,1,True,1,0
H1W06315,0042500315,SAS-OKC,3,275,11,-1,false,true,1,True,-2,-1
H1W06316,0042500315,SAS-OKC,3,263,11,-3,false,true,1,True,-1,-1
H1W06317,0042500315,SAS-OKC,3,239,9,0,false,true,3,True,-1,-1
H1W06318,0042500315,SAS-OKC,3,224,12,-2,false,true,-2,True,-2,-1
H1W06319,0042500315,SAS-OKC,3,207,12,4,false,true,0,True,-2,-1
H1W06320,0042500315,SAS-OKC,3,188,12,1,false,true,-3,True,-2,0
H1W06321,0042500315,SAS-OKC,3,177,12,1,false,true,-2,True,-2,0
H1W06322,0042500315,SAS-OKC,3,153,12,1,false,true,-4,True,0,0
H1W06323,0042500315,SAS-OKC,3,147,10,3,false,false,0,True,-1,0
H1W06324,0042500315,SAS-OKC,3,129,12,-2,false,false,-2,True,-3,0
H1W06325,0042500315,SAS-OKC,3,117,9,0,false,false,1,False,,0
H1W06326,0042500315,SAS-OKC,3,111,10,-3,false,false,0,False,,1
H1W06327,0042500315,SAS-OKC,3,96,8,-2,false,false,4,False,,1
H1W06328,0042500315,SAS-OKC,3,77,10,-4,false,false,-1,False,,1
H1W06329,0042500315,SAS-OKC,3,55,10,0,false,false,-1,False,,1
H1W06330,0042500315,SAS-OKC,4,627,10,0,false,false,2,True,4,0
H1W06331,0042500315,SAS-OKC,4,554,12,2,false,true,0,True,-2,0
H1W06332,0042500315,SAS-OKC,4,542,12,2,false,true,0,True,-2,0
H1W06333,0042500315,SAS-OKC,4,542,14,0,false,true,-4,True,-1,0
H1W06334,0042500315,SAS-OKC,4,521,14,2,false,true,-4,True,-1,0
H1W06335,0042500315,SAS-OKC,4,495,14,2,false,true,-6,True,-1,0
H1W06336,0042500315,SAS-OKC,4,427,10,-4,false,true,3,True,4,0
H1W06337,0042500315,SAS-OKC,4,422,8,-4,false,true,5,True,4,0
H1W06338,0042500315,SAS-OKC,4,397,10,-6,false,true,1,True,2,0
H1W06339,0042500315,SAS-OKC,4,376,10,-2,false,true,4,True,2,0
H1W06340,0042500315,SAS-OKC,4,372,13,-2,true,false,1,True,2,0
H1W06341,0042500315,SAS-OKC,4,359,13,3,true,false,1,True,2,0
H1W06342,0042500315,SAS-OKC,4,343,13,3,true,false,-1,True,2,0
H1W06343,0042500315,SAS-OKC,4,337,11,5,true,false,1,True,1,0
H1W06344,0042500315,SAS-OKC,4,314,14,1,true,false,-2,True,0,0
H1W06345,0042500315,SAS-OKC,4,291,14,4,true,false,1,True,0,0
H1W06346,0042500315,SAS-OKC,4,279,14,1,true,false,1,True,2,0
H1W06347,0042500315,SAS-OKC,4,269,12,1,true,false,3,True,2,0
H1W06348,0042500315,SAS-OKC,4,125,16,-1,true,false,-3,False,,0
H1W06349,0042500315,SAS-OKC,4,108,14,1,true,false,1,False,,0
H1W06350,0042500315,SAS-OKC,4,97,15,-1,true,false,-2,False,,0
H1W06351,0042500315,SAS-OKC,4,84,15,3,true,false,0,False,,0
H1W06352,0042500315,SAS-OKC,4,68,15,1,true,false,-2,False,,0
H1W06353,0042500316,SAS-OKC,1,620,4,7,false,false,0,True,0,0
H1W06354,0042500316,SAS-OKC,1,604,6,1,false,false,-2,True,-2,0
H1W06355,0042500316,SAS-OKC,1,591,4,5,false,false,0,True,0,0
H1W06356,0042500316,SAS-OKC,1,563,4,0,false,false,0,True,1,0
H1W06357,0042500316,SAS-OKC,1,549,4,0,false,false,2,True,-1,0
H1W06358,0042500316,SAS-OKC,1,542,4,-3,false,false,0,True,-1,0
H1W06359,0042500316,SAS-OKC,1,522,4,0,false,false,0,True,-1,0
H1W06360,0042500316,SAS-OKC,1,501,4,-2,false,false,0,True,-1,1
H1W06361,0042500316,SAS-OKC,1,489,4,0,false,false,1,True,-1,1
H1W06362,0042500316,SAS-OKC,1,475,6,0,false,false,-3,True,-3,1
H1W06363,0042500316,SAS-OKC,1,453,4,2,false,false,-1,True,-3,0
H1W06364,0042500316,SAS-OKC,1,435,4,0,false,false,-1,True,-3,0
H1W06365,0042500316,SAS-OKC,1,427,4,0,false,false,-1,True,-3,-1
H1W06366,0042500316,SAS-OKC,1,420,5,0,false,false,-2,True,-1,-1
H1W06367,0042500316,SAS-OKC,1,363,3,-1,false,true,-2,True,5,0
H1W06368,0042500316,SAS-OKC,1,349,3,-1,false,true,1,True,3,0
H1W06369,0042500316,SAS-OKC,1,346,3,-2,false,true,-1,True,3,1
H1W06370,0042500316,SAS-OKC,1,342,1,0,false,true,4,True,5,1
H1W06371,0042500316,SAS-OKC,1,188,6,1,false,true,2,True,5,0
H1W06372,0042500316,SAS-OKC,1,180,6,1,false,true,4,True,5,0
H1W06373,0042500316,SAS-OKC,1,176,9,-2,false,true,-1,True,4,0
H1W06374,0042500316,SAS-OKC,1,165,8,3,false,true,0,False,,0
H1W06375,0042500316,SAS-OKC,1,141,10,2,false,true,-2,False,,1
H1W06376,0042500316,SAS-OKC,1,123,8,4,false,true,3,False,,1
H1W06377,0042500316,SAS-OKC,1,102,10,2,false,true,1,False,,1
H1W06378,0042500316,SAS-OKC,1,80,8,4,false,true,5,False,,1
H1W06379,0042500316,SAS-OKC,2,626,10,-3,false,true,0,True,1,1
H1W06380,0042500316,SAS-OKC,2,610,10,-3,false,true,3,True,-2,0
H1W06381,0042500316,SAS-OKC,2,603,12,-5,false,true,-1,True,-4,0
H1W06382,0042500316,SAS-OKC,2,503,11,-1,false,true,-5,True,-3,0
H1W06383,0042500316,SAS-OKC,2,497,9,-1,false,true,0,True,-1,0
H1W06384,0042500316,SAS-OKC,2,472,11,-3,false,true,-2,True,-1,0
H1W06385,0042500316,SAS-OKC,2,462,8,1,false,true,1,True,2,0
H1W06386,0042500316,SAS-OKC,2,442,8,-5,false,true,-2,True,4,0
H1W06387,0042500316,SAS-OKC,2,436,6,-3,false,true,2,True,4,0
H1W06388,0042500316,SAS-OKC,2,425,9,-5,false,true,-1,True,1,0
H1W06389,0042500316,SAS-OKC,2,410,9,0,false,true,1,True,1,0
H1W06390,0042500316,SAS-OKC,2,398,9,-2,false,true,1,True,1,0
H1W06391,0042500316,SAS-OKC,2,388,6,1,false,true,6,True,4,0
H1W06392,0042500316,SAS-OKC,2,365,8,-2,false,true,2,True,2,0
H1W06393,0042500316,SAS-OKC,2,345,8,2,false,true,2,True,2,0
H1W06394,0042500316,SAS-OKC,2,329,10,-1,false,true,0,True,2,0
H1W06395,0042500316,SAS-OKC,2,309,10,1,false,true,0,True,-1,0
H1W06396,0042500316,SAS-OKC,2,301,12,1,true,false,-2,True,-3,0
H1W06397,0042500316,SAS-OKC,2,277,10,6,true,false,0,True,-3,0
H1W06398,0042500316,SAS-OKC,2,257,10,2,true,false,0,True,0,0
H1W06399,0042500316,SAS-OKC,2,242,10,2,true,false,2,True,-2,0
H1W06400,0042500316,SAS-OKC,2,236,10,0,true,false,-1,True,-2,0
H1W06401,0042500316,SAS-OKC,2,212,10,0,true,false,-1,True,-5,0
H1W06402,0042500316,SAS-OKC,2,199,10,-2,false,false,-3,True,-5,0
H1W06403,0042500316,SAS-OKC,2,176,10,0,false,false,0,True,-5,0
H1W06404,0042500316,SAS-OKC,2,168,12,0,false,false,-4,True,-5,0
H1W06405,0042500316,SAS-OKC,2,106,7,-1,false,true,-2,False,,0
H1W06406,0042500316,SAS-OKC,2,96,10,-3,false,true,-5,False,,0
H1W06407,0042500316,SAS-OKC,3,647,7,-2,false,true,1,True,1,0
H1W06408,0042500316,SAS-OKC,3,628,5,0,false,true,5,True,3,0
H1W06409,0042500316,SAS-OKC,3,609,7,-5,false,true,3,True,3,1
H1W06410,0042500316,SAS-OKC,3,581,7,-1,false,true,3,True,3,1
H1W06411,0042500316,SAS-OKC,3,576,10,-1,false,true,-2,True,3,1
H1W06412,0042500316,SAS-OKC,3,557,8,5,false,true,0,True,5,1
H1W06413,0042500316,SAS-OKC,3,539,10,1,false,true,-2,True,5,1
H1W06414,0042500316,SAS-OKC,3,526,10,5,true,false,0,True,5,0
H1W06415,0042500316,SAS-OKC,3,520,10,3,true,false,0,True,7,0
H1W06416,0042500316,SAS-OKC,3,503,8,3,true,false,5,True,9,0
H1W06417,0042500316,SAS-OKC,3,489,8,-2,true,false,5,True,11,0
H1W06418,0042500316,SAS-OKC,3,481,8,0,true,false,7,True,11,0
H1W06419,0042500316,SAS-OKC,3,440,13,0,true,false,4,True,8,0
H1W06420,0042500316,SAS-OKC,3,428,13,5,true,false,6,True,8,0
H1W06421,0042500316,SAS-OKC,3,418,15,5,true,false,4,True,6,1
H1W06422,0042500316,SAS-OKC,3,373,15,7,true,false,4,True,6,0
H1W06423,0042500316,SAS-OKC,3,371,17,5,true,false,2,True,6,0
H1W06424,0042500316,SAS-OKC,3,352,17,7,true,false,4,True,6,0
H1W06425,0042500316,SAS-OKC,3,346,19,4,true,false,2,True,4,0
H1W06426,0042500316,SAS-OKC,3,331,19,6,true,false,2,True,4,-1
H1W06427,0042500316,SAS-OKC,3,327,19,4,true,false,2,True,4,0
H1W06428,0042500316,SAS-OKC,3,314,19,4,true,false,4,True,4,0
H1W06429,0042500316,SAS-OKC,3,302,21,2,true,false,2,True,3,1
H1W06430,0042500316,SAS-OKC,3,269,21,4,true,false,2,True,3,1
H1W06431,0042500316,SAS-OKC,3,257,21,2,true,false,2,True,5,1
H1W06432,0042500316,SAS-OKC,3,246,21,2,true,false,2,True,5,0
H1W06433,0042500316,SAS-OKC,3,229,23,2,true,false,0,True,3,0
H1W06434,0042500316,SAS-OKC,3,211,23,4,true,false,1,True,3,-1
H1W06435,0042500316,SAS-OKC,3,199,23,2,true,false,1,True,5,0
H1W06436,0042500316,SAS-OKC,3,181,23,2,true,false,3,True,3,0
H1W06437,0042500316,SAS-OKC,3,168,23,2,true,false,3,True,3,1
H1W06438,0042500316,SAS-OKC,3,161,23,2,true,false,3,True,3,1
H1W06439,0042500316,SAS-OKC,3,152,24,0,true,false,2,True,2,1
H1W06440,0042500316,SAS-OKC,3,145,24,1,true,false,4,True,2,0
H1W06441,0042500316,SAS-OKC,3,121,26,1,true,false,0,False,,0
H1W06442,0042500316,SAS-OKC,3,101,26,3,true,false,0,False,,0
H1W06443,0042500316,SAS-OKC,3,96,26,3,true,false,0,False,,0
H1W06444,0042500316,SAS-OKC,3,82,26,3,true,false,0,False,,0
H1W06445,0042500316,SAS-OKC,3,76,28,2,true,false,-2,False,,0
H1W06446,0042500316,SAS-OKC,4,623,23,-3,false,false,5,True,0,0
H1W06447,0042500316,SAS-OKC,4,605,25,-3,false,false,0,True,1,0
H1W06448,0042500316,SAS-OKC,4,591,23,2,false,false,2,True,3,0
H1W06449,0042500316,SAS-OKC,4,578,26,-3,false,false,-1,True,1,1
H1W06450,0042500316,SAS-OKC,4,560,26,3,false,false,-1,True,-2,1
H1W06451,0042500316,SAS-OKC,4,545,28,3,false,false,-5,True,-2,1
H1W06452,0042500316,SAS-OKC,4,531,25,5,false,false,1,True,1,1
H1W06453,0042500316,SAS-OKC,4,512,25,0,false,false,1,True,3,1
H1W06454,0042500316,SAS-OKC,4,498,25,2,false,false,2,True,3,0
H1W06455,0042500316,SAS-OKC,4,493,25,-1,false,false,-1,False,,0
H1W06456,0042500316,SAS-OKC,4,489,23,-1,false,false,3,False,,0
H1W06457,0042500316,SAS-OKC,4,446,27,1,true,false,1,False,,0
H1W06458,0042500317,SAS-OKC,1,612,-2,-4,false,true,-4,True,-5,0
H1W06459,0042500317,SAS-OKC,1,595,-4,0,false,true,-2,True,-3,-1
H1W06460,0042500317,SAS-OKC,1,569,-4,-2,false,true,-2,True,-1,-1
H1W06461,0042500317,SAS-OKC,1,506,-6,-4,false,true,-1,True,-1,-1
H1W06462,0042500317,SAS-OKC,1,490,-6,-2,false,true,1,True,-4,-1
H1W06463,0042500317,SAS-OKC,1,477,-4,-2,false,true,-4,True,-4,-1
H1W06464,0042500317,SAS-OKC,1,456,-7,2,false,true,-1,True,-4,-2
H1W06465,0042500317,SAS-OKC,1,441,-7,-1,false,true,-3,True,-4,-1
H1W06466,0042500317,SAS-OKC,1,429,-7,-1,false,true,0,True,-7,-1
H1W06467,0042500317,SAS-OKC,1,416,-5,-1,false,true,-5,True,-7,-1
H1W06468,0042500317,SAS-OKC,1,411,-8,1,false,true,0,True,-4,-1
H1W06469,0042500317,SAS-OKC,1,398,-8,-4,false,true,-3,True,-1,0
H1W06470,0042500317,SAS-OKC,1,393,-10,-1,false,true,-1,True,1,-1
H1W06471,0042500317,SAS-OKC,1,364,-7,-3,false,true,-7,True,-2,-1
H1W06472,0042500317,SAS-OKC,1,351,-10,0,false,true,-2,True,1,-1
H1W06473,0042500317,SAS-OKC,1,342,-8,-5,false,true,-4,True,1,-1
H1W06474,0042500317,SAS-OKC,1,234,-9,5,true,false,2,True,-2,0
H1W06475,0042500317,SAS-OKC,1,229,-7,3,true,false,-2,True,-2,0
H1W06476,0042500317,SAS-OKC,1,203,-7,5,true,false,-2,True,-2,0
H1W06477,0042500317,SAS-OKC,1,173,-7,2,true,false,-4,True,1,0
H1W06478,0042500317,SAS-OKC,1,160,-7,2,true,false,-4,True,1,0
H1W06479,0042500317,SAS-OKC,1,138,-7,2,true,false,-4,False,,1
H1W06480,0042500317,SAS-OKC,1,127,-9,2,true,false,0,False,,1
H1W06481,0042500317,SAS-OKC,1,111,-9,-2,true,false,0,False,,2
H1W06482,0042500317,SAS-OKC,1,109,-11,-2,true,false,5,False,,2
H1W06483,0042500317,SAS-OKC,1,80,-11,-4,true,false,5,False,,2
H1W06484,0042500317,SAS-OKC,2,458,-6,-1,true,false,-1,True,1,0
H1W06485,0042500317,SAS-OKC,2,451,-6,-1,true,false,-1,True,3,0
H1W06486,0042500317,SAS-OKC,2,445,-8,2,true,false,3,True,3,0
H1W06487,0042500317,SAS-OKC,2,433,-8,-2,true,false,3,True,5,0
H1W06488,0042500317,SAS-OKC,2,422,-10,-2,true,false,5,True,7,0
H1W06489,0042500317,SAS-OKC,2,365,-5,-1,true,false,0,True,4,0
H1W06490,0042500317,SAS-OKC,2,349,-5,3,true,false,2,True,3,0
H1W06491,0042500317,SAS-OKC,2,328,-5,3,true,false,2,True,5,0
H1W06492,0042500317,SAS-OKC,2,313,-5,5,true,false,4,True,3,0
H1W06493,0042500317,SAS-OKC,2,302,-3,2,true,false,2,True,4,0
H1W06494,0042500317,SAS-OKC,2,279,-5,4,true,false,4,True,6,-1
H1W06495,0042500317,SAS-OKC,2,272,-3,0,true,false,1,True,6,-1
H1W06496,0042500317,SAS-OKC,2,250,-3,2,true,false,3,True,6,-1
H1W06497,0042500317,SAS-OKC,2,230,-1,2,true,false,-1,True,6,-1
H1W06498,0042500317,SAS-OKC,2,209,-1,4,true,false,2,True,3,-1
H1W06499,0042500317,SAS-OKC,3,565,-1,1,true,false,2,True,-3,-1
H1W06500,0042500317,SAS-OKC,3,550,2,1,true,false,-1,True,-4,0
H1W06501,0042500317,SAS-OKC,3,534,2,6,true,false,-1,True,-6,0
H1W06502,0042500317,SAS-OKC,3,519,4,4,true,false,-5,True,-8,0
H1W06503,0042500317,SAS-OKC,3,509,1,8,true,false,-2,True,-8,-1
H1W06504,0042500317,SAS-OKC,3,489,1,2,true,false,-5,True,-8,0
H1W06505,0042500317,SAS-OKC,3,484,1,2,true,false,-3,True,-8,-1
H1W06506,0042500317,SAS-OKC,3,463,1,-1,false,true,-5,True,-8,-1
H1W06507,0042500317,SAS-OKC,3,453,-1,-1,false,true,-3,True,-9,-1
H1W06508,0042500317,SAS-OKC,3,445,-1,-5,false,true,-6,True,-9,0
H1W06509,0042500317,SAS-OKC,3,436,-4,-2,false,true,-3,True,-6,-1
H1W06510,0042500317,SAS-OKC,3,424,-2,-5,false,true,-5,True,-6,0
H1W06511,0042500317,SAS-OKC,3,394,-4,-3,false,true,-3,True,-4,0
H1W06512,0042500317,SAS-OKC,3,378,-4,-5,false,true,-6,True,-4,0
H1W06513,0042500317,SAS-OKC,3,373,-7,-3,false,true,-3,True,-2,0
H1W06514,0042500317,SAS-OKC,3,364,-7,-6,false,true,-3,True,0,1
H1W06515,0042500317,SAS-OKC,3,350,-7,-3,false,true,-1,True,0,0
H1W06516,0042500317,SAS-OKC,3,326,-7,-5,false,true,-1,True,3,0
H1W06517,0042500317,SAS-OKC,3,321,-10,-3,false,true,2,True,6,-1
H1W06518,0042500317,SAS-OKC,3,302,-10,-6,false,true,1,True,8,-1
H1W06519,0042500317,SAS-OKC,3,288,-10,-3,false,true,3,True,6,-1
H1W06520,0042500317,SAS-OKC,3,285,-8,-3,false,true,1,True,4,-1
H1W06521,0042500317,SAS-OKC,3,266,-8,-1,false,true,4,True,4,-1
H1W06522,0042500317,SAS-OKC,3,262,-8,-1,false,true,4,True,4,0
H1W06523,0042500317,SAS-OKC,3,239,-9,2,false,true,7,True,5,0
H1W06524,0042500317,SAS-OKC,3,228,-7,1,false,true,3,True,6,0
H1W06525,0042500317,SAS-OKC,3,212,-7,3,false,true,3,True,5,0
H1W06526,0042500317,SAS-OKC,3,195,-4,1,true,false,0,True,2,0
H1W06527,0042500317,SAS-OKC,3,166,-4,4,true,false,0,True,2,0
H1W06528,0042500317,SAS-OKC,3,166,-2,4,true,false,-2,False,,0
H1W06529,0042500317,SAS-OKC,3,149,-4,7,true,false,3,False,,0
H1W06530,0042500317,SAS-OKC,3,127,-4,3,true,false,2,False,,0
H1W06531,0042500317,SAS-OKC,3,120,-4,3,true,false,2,False,,0
H1W06532,0042500317,SAS-OKC,3,105,-4,0,true,false,2,False,,0
H1W06533,0042500317,SAS-OKC,4,606,-4,-2,false,false,-4,True,-3,0
H1W06534,0042500317,SAS-OKC,4,592,-6,-1,false,false,-2,True,-1,0
H1W06535,0042500317,SAS-OKC,4,584,-5,-5,false,false,-3,True,-2,0
H1W06536,0042500317,SAS-OKC,4,570,-8,-1,false,false,0,True,1,0
H1W06537,0042500317,SAS-OKC,4,547,-5,-7,false,false,-5,True,0,0
H1W06538,0042500317,SAS-OKC,4,480,-10,0,false,true,5,True,0,0
H1W06539,0042500317,SAS-OKC,4,470,-7,-5,false,true,2,True,-1,1
H1W06540,0042500317,SAS-OKC,4,453,-7,1,false,true,2,True,-1,1
H1W06541,0042500317,SAS-OKC,4,441,-7,1,false,true,0,True,-1,1
H1W06542,0042500317,SAS-OKC,4,419,-7,1,false,true,0,True,-3,0
H1W06543,0042500317,SAS-OKC,4,409,-5,1,true,false,-5,True,-3,0
H1W06544,0042500317,SAS-OKC,4,394,-5,5,true,false,-3,True,-6,-1
H1W06545,0042500317,SAS-OKC,4,388,-5,2,true,false,-3,True,-3,0
H1W06546,0042500317,SAS-OKC,4,373,-7,2,true,false,-1,True,-1,0
H1W06547,0042500317,SAS-OKC,4,349,-7,0,true,false,-3,True,-1,1
H1W06548,0042500317,SAS-OKC,4,333,-10,0,false,true,2,True,2,1
H1W06549,0042500317,SAS-OKC,4,316,-8,-5,false,true,-3,True,3,1
H1W06550,0042500317,SAS-OKC,4,289,-8,-3,false,true,0,True,3,0
H1W06551,0042500317,SAS-OKC,4,133,-8,2,true,false,3,True,1,1
H1W06552,0042500317,SAS-OKC,4,122,-5,0,true,false,0,False,,2
H1W06553,0042500317,SAS-OKC,4,96,-5,6,true,false,0,False,,1
H1W06554,0042500317,SAS-OKC,4,83,-5,3,true,false,0,False,,2
H1W06555,0042500317,SAS-OKC,4,59,-7,3,true,false,2,False,,2
H1W06556,0042500317,SAS-OKC,4,52,-5,1,true,false,-2,False,,2
H1W06557,0042500401,NYK-SAS,1,601,-6,-1,false,true,0,True,1,0
H1W06558,0042500401,NYK-SAS,1,573,-6,-5,false,true,0,True,1,0
H1W06559,0042500401,NYK-SAS,1,564,-6,-2,false,true,3,True,-1,0
H1W06560,0042500401,NYK-SAS,1,559,-4,-2,false,true,1,True,-3,0
H1W06561,0042500401,NYK-SAS,1,536,-6,0,false,true,3,True,-1,0
H1W06562,0042500401,NYK-SAS,1,512,-6,-2,false,true,1,True,1,0
H1W06563,0042500401,NYK-SAS,1,508,-6,0,false,true,1,True,1,-1
H1W06564,0042500401,NYK-SAS,1,501,-3,0,false,true,-4,True,-2,-1
H1W06565,0042500401,NYK-SAS,1,471,-3,3,false,true,-4,True,-2,-1
H1W06566,0042500401,NYK-SAS,1,428,-5,1,false,true,0,True,2,0
H1W06567,0042500401,NYK-SAS,1,419,-7,1,false,true,2,True,4,0
H1W06568,0042500401,NYK-SAS,1,397,-7,-4,false,true,2,True,4,1
H1W06569,0042500401,NYK-SAS,1,377,-7,-4,false,true,4,True,4,1
H1W06570,0042500401,NYK-SAS,1,367,-5,-4,false,true,2,True,4,1
H1W06571,0042500401,NYK-SAS,1,355,-5,0,false,true,2,True,4,1
H1W06572,0042500401,NYK-SAS,1,345,-5,0,false,true,2,True,7,1
H1W06573,0042500401,NYK-SAS,1,333,-5,2,true,false,2,True,7,0
H1W06574,0042500401,NYK-SAS,1,327,-3,2,true,false,0,True,8,1
H1W06575,0042500401,NYK-SAS,1,303,-3,4,true,false,2,True,5,1
H1W06576,0042500401,NYK-SAS,1,290,-3,2,true,false,2,True,8,2
H1W06577,0042500401,NYK-SAS,1,282,-3,2,true,false,5,True,8,2
H1W06578,0042500401,NYK-SAS,1,273,-3,2,true,false,5,True,8,2
H1W06579,0042500401,NYK-SAS,1,255,-3,2,true,false,8,True,8,1
H1W06580,0042500401,NYK-SAS,1,253,-1,0,true,false,3,True,9,1
H1W06581,0042500401,NYK-SAS,1,241,-1,2,true,false,6,True,9,0
H1W06582,0042500401,NYK-SAS,1,238,2,2,true,false,3,True,8,0
H1W06583,0042500401,NYK-SAS,1,212,2,5,true,false,3,True,6,0
H1W06584,0042500401,NYK-SAS,1,205,5,5,true,false,0,True,3,0
H1W06585,0042500401,NYK-SAS,1,192,2,8,true,false,6,True,6,0
H1W06586,0042500401,NYK-SAS,1,181,5,3,true,false,3,True,3,0
H1W06587,0042500401,NYK-SAS,1,165,5,6,true,false,5,False,,0
H1W06588,0042500401,NYK-SAS,1,163,5,3,true,false,3,False,,0
H1W06589,0042500401,NYK-SAS,1,136,5,3,true,false,3,False,,0
H1W06590,0042500401,NYK-SAS,1,119,8,0,true,false,0,False,,0
H1W06591,0042500401,NYK-SAS,1,97,8,6,true,false,0,False,,0
H1W06592,0042500401,NYK-SAS,2,632,3,-3,false,true,2,True,0,0
H1W06593,0042500401,NYK-SAS,2,615,5,-5,false,true,-2,True,-2,0
H1W06594,0042500401,NYK-SAS,2,603,3,-3,false,true,0,True,0,-1
H1W06595,0042500401,NYK-SAS,2,598,5,-5,false,true,-2,True,-2,-1
H1W06596,0042500401,NYK-SAS,2,575,5,0,false,true,-2,True,-4,-1
H1W06597,0042500401,NYK-SAS,2,547,3,-2,false,true,0,True,-1,1
H1W06598,0042500401,NYK-SAS,2,540,3,0,false,true,0,True,-1,1
H1W06599,0042500401,NYK-SAS,2,524,3,-2,false,true,-2,True,1,1
H1W06600,0042500401,NYK-SAS,2,516,3,-2,false,true,-1,True,-1,1
H1W06601,0042500401,NYK-SAS,2,505,3,-2,false,true,-1,True,2,1
H1W06602,0042500401,NYK-SAS,2,483,3,0,false,true,-1,True,0,0
H1W06603,0042500401,NYK-SAS,2,455,3,0,false,true,-1,True,0,0
H1W06604,0042500401,NYK-SAS,2,443,1,0,false,true,3,True,0,0
H1W06605,0042500401,NYK-SAS,2,437,2,-2,false,true,0,True,-1,0
H1W06606,0042500401,NYK-SAS,2,419,2,-1,false,true,3,True,-3,0
H1W06607,0042500401,NYK-SAS,2,400,2,-1,false,true,1,True,-1,0
H1W06608,0042500401,NYK-SAS,2,391,2,-1,false,true,1,True,-3,-1
H1W06609,0042500401,NYK-SAS,2,385,4,-1,true,false,-3,True,-5,-1
H1W06610,0042500401,NYK-SAS,2,363,2,3,true,false,-1,True,-3,-1
H1W06611,0042500401,NYK-SAS,2,355,5,0,true,false,-6,True,-3,-1
H1W06612,0042500401,NYK-SAS,2,335,3,3,true,false,-2,True,-1,-1
H1W06613,0042500401,NYK-SAS,2,322,3,1,false,true,-4,True,-1,0
H1W06614,0042500401,NYK-SAS,2,301,1,1,false,true,-2,True,-2,0
H1W06615,0042500401,NYK-SAS,2,280,1,-3,false,true,-2,True,0,1
H1W06616,0042500401,NYK-SAS,2,260,-1,-1,false,true,3,True,2,1
H1W06617,0042500401,NYK-SAS,2,251,1,-6,false,true,1,True,3,1
H1W06618,0042500401,NYK-SAS,2,236,-1,-2,false,true,3,True,2,1
H1W06619,0042500401,NYK-SAS,2,222,-1,-4,false,true,0,True,5,1
H1W06620,0042500401,NYK-SAS,2,210,-1,-2,false,true,2,True,3,0
H1W06621,0042500401,NYK-SAS,2,199,2,-2,false,true,-1,True,0,0
H1W06622,0042500401,NYK-SAS,2,178,2,3,false,true,2,True,0,0
H1W06623,0042500401,NYK-SAS,2,168,2,1,false,true,-1,True,2,0
H1W06624,0042500401,NYK-SAS,2,152,-1,3,false,true,5,True,5,0
H1W06625,0042500401,NYK-SAS,2,144,1,0,false,true,1,True,6,0
H1W06626,0042500401,NYK-SAS,2,128,1,2,false,true,1,False,,0
H1W06627,0042500401,NYK-SAS,3,609,9,2,false,false,2,True,4,0
H1W06628,0042500401,NYK-SAS,3,603,9,2,false,false,2,True,4,0
H1W06629,0042500401,NYK-SAS,3,584,9,2,false,false,2,True,4,0
H1W06630,0042500401,NYK-SAS,3,571,11,2,false,false,0,True,2,0
H1W06631,0042500401,NYK-SAS,3,557,9,4,false,false,4,True,3,0
H1W06632,0042500401,NYK-SAS,3,547,11,0,false,false,2,True,3,0
H1W06633,0042500401,NYK-SAS,3,482,13,0,true,false,-1,True,-2,0
H1W06634,0042500401,NYK-SAS,3,471,13,4,true,false,1,True,-5,0
H1W06635,0042500401,NYK-SAS,3,453,13,2,true,false,-2,True,-5,0
H1W06636,0042500401,NYK-SAS,3,431,13,2,true,false,0,True,-7,0
H1W06637,0042500401,NYK-SAS,3,414,13,2,true,false,-2,True,-5,0
H1W06638,0042500401,NYK-SAS,3,410,12,2,true,false,-1,True,-4,0
H1W06639,0042500401,NYK-SAS,3,391,14,-1,true,false,-6,True,-6,0
H1W06640,0042500401,NYK-SAS,3,370,11,1,true,false,-3,True,-6,0
H1W06641,0042500401,NYK-SAS,3,358,13,-2,true,false,-7,True,-8,0
H1W06642,0042500401,NYK-SAS,3,340,11,0,true,false,-3,True,-8,0
H1W06643,0042500401,NYK-SAS,3,331,11,-2,true,false,-3,True,-6,0
H1W06644,0042500401,NYK-SAS,3,321,8,-1,false,true,0,True,-6,-1
H1W06645,0042500401,NYK-SAS,3,304,8,-6,false,true,-3,True,-6,-1
H1W06646,0042500401,NYK-SAS,3,298,6,-3,false,true,-1,True,-4,-1
H1W06647,0042500401,NYK-SAS,3,275,8,-7,false,true,-5,True,-6,-1
H1W06648,0042500401,NYK-SAS,3,260,8,-3,false,true,-3,True,-8,-1
H1W06649,0042500401,NYK-SAS,3,228,5,-3,false,true,-3,True,-5,0
H1W06650,0042500401,NYK-SAS,3,216,3,-1,false,true,-1,True,-3,-1
H1W06651,0042500401,NYK-SAS,3,199,5,-5,false,true,-5,True,-4,-1
H1W06652,0042500401,NYK-SAS,3,172,2,-3,false,true,0,True,-1,-1
H1W06653,0042500401,NYK-SAS,3,159,2,-6,false,true,-2,True,1,-1
H1W06654,0042500401,NYK-SAS,3,149,2,-3,false,true,-2,True,-2,-1
H1W06655,0042500401,NYK-SAS,3,137,2,-3,false,true,-2,True,-2,0
H1W06656,0042500401,NYK-SAS,3,121,0,-1,false,true,1,False,,0
H1W06657,0042500401,NYK-SAS,3,112,2,-5,false,true,-1,False,,1
H1W06658,0042500401,NYK-SAS,3,97,0,0,false,true,3,False,,1
H1W06659,0042500401,NYK-SAS,3,79,0,-2,false,true,0,False,,1
H1W06660,0042500401,NYK-SAS,3,73,0,-2,false,true,0,False,,1
H1W06661,0042500401,NYK-SAS,4,584,-1,-3,false,true,-1,True,-1,0
H1W06662,0042500401,NYK-SAS,4,563,-4,1,false,true,2,True,0,0
H1W06663,0042500401,NYK-SAS,4,547,-2,-3,true,false,0,True,-2,0
H1W06664,0042500401,NYK-SAS,4,530,-5,1,true,false,5,True,-1,0
H1W06665,0042500401,NYK-SAS,4,512,-2,-2,true,false,0,True,-4,0
H1W06666,0042500401,NYK-SAS,4,458,0,0,true,false,-6,True,-8,-1
H1W06667,0042500401,NYK-SAS,4,442,-2,5,true,false,-4,True,-6,-1
H1W06668,0042500401,NYK-SAS,4,416,-2,0,true,false,-6,True,-3,-1
H1W06669,0042500401,NYK-SAS,4,412,-4,0,true,false,-4,True,-1,-2
H1W06670,0042500401,NYK-SAS,4,399,-4,-2,false,true,-4,True,0,-1
H1W06671,0042500401,NYK-SAS,4,394,-6,-2,false,true,-2,True,2,-2
H1W06672,0042500401,NYK-SAS,4,375,-6,-6,false,true,-2,True,5,-2
H1W06673,0042500401,NYK-SAS,4,367,-8,-4,false,true,3,True,7,-2
H1W06674,0042500401,NYK-SAS,4,346,-8,-6,false,true,3,True,7,-1
H1W06675,0042500401,NYK-SAS,4,325,-8,-4,false,true,4,True,7,-1
H1W06676,0042500401,NYK-SAS,4,71,-4,-1,false,true,-4,False,,-2
H1W06677,0042500401,NYK-SAS,4,57,-4,-3,false,true,-6,False,,-1
H1W06678,0042500401,NYK-SAS,4,37,-6,-3,false,true,-4,False,,-1
H1W06679,0042500402,NYK-SAS,1,618,0,3,false,false,6,True,3,0
H1W06680,0042500402,NYK-SAS,1,574,5,0,true,false,-2,True,0,0
H1W06681,0042500402,NYK-SAS,1,560,3,2,true,false,0,True,-1,0
H1W06682,0042500402,NYK-SAS,1,540,6,0,true,false,-3,True,-2,0
H1W06683,0042500402,NYK-SAS,1,521,3,6,true,false,2,True,1,0
H1W06684,0042500402,NYK-SAS,1,501,3,0,true,false,2,True,1,0
H1W06685,0042500402,NYK-SAS,1,491,3,0,true,false,2,True,1,0
H1W06686,0042500402,NYK-SAS,1,484,3,-2,true,false,-1,True,2,0
H1W06687,0042500402,NYK-SAS,1,479,3,0,true,false,1,True,2,0
H1W06688,0042500402,NYK-SAS,1,462,5,-3,false,false,-1,True,2,0
H1W06689,0042500402,NYK-SAS,1,446,5,2,false,false,-1,True,-1,0
H1W06690,0042500402,NYK-SAS,1,438,5,2,false,false,-1,True,-1,0
H1W06691,0042500402,NYK-SAS,1,436,2,2,false,false,3,True,2,0
H1W06692,0042500402,NYK-SAS,1,416,4,-1,false,false,1,True,0,0
H1W06693,0042500402,NYK-SAS,1,256,2,-1,false,true,3,True,6,0
H1W06694,0042500402,NYK-SAS,1,242,2,-5,false,true,3,True,8,0
H1W06695,0042500402,NYK-SAS,1,222,2,-2,false,true,6,True,6,0
H1W06696,0042500402,NYK-SAS,1,212,4,-2,false,true,2,True,5,0
H1W06697,0042500402,NYK-SAS,1,202,3,0,false,true,5,True,6,0
H1W06698,0042500402,NYK-SAS,1,186,5,-1,false,true,3,True,4,0
H1W06699,0042500402,NYK-SAS,1,173,5,3,false,true,5,True,2,0
H1W06700,0042500402,NYK-SAS,1,158,8,3,false,true,0,True,1,0
H1W06701,0042500402,NYK-SAS,1,149,6,6,false,true,3,True,3,0
H1W06702,0042500402,NYK-SAS,1,138,8,2,false,true,1,False,,1
H1W06703,0042500402,NYK-SAS,1,108,8,5,false,true,1,False,,0
H1W06704,0042500402,NYK-SAS,1,105,10,3,true,false,-3,False,,0
H1W06705,0042500402,NYK-SAS,1,80,8,5,true,false,1,False,,0
H1W06706,0042500402,NYK-SAS,1,66,9,0,true,false,0,False,,0
H1W06707,0042500402,NYK-SAS,2,612,7,0,false,true,0,True,-2,-1
H1W06708,0042500402,NYK-SAS,2,601,7,-5,false,true,-2,True,1,0
H1W06709,0042500402,NYK-SAS,2,585,5,-2,false,true,0,True,1,0
H1W06710,0042500402,NYK-SAS,2,573,5,-4,false,true,0,True,1,0
H1W06711,0042500402,NYK-SAS,2,562,5,-4,false,true,0,True,-2,-1
H1W06712,0042500402,NYK-SAS,2,561,7,-4,false,true,-2,True,-2,-1
H1W06713,0042500402,NYK-SAS,2,544,5,0,false,true,3,True,0,-1
H1W06714,0042500402,NYK-SAS,2,524,5,-2,false,true,1,True,0,-1
H1W06715,0042500402,NYK-SAS,2,508,5,0,false,true,1,True,0,-1
H1W06716,0042500402,NYK-SAS,2,502,5,0,false,true,-2,True,0,0
H1W06717,0042500402,NYK-SAS,2,489,5,0,false,true,0,True,0,0
H1W06718,0042500402,NYK-SAS,2,481,8,-2,false,true,-3,True,-3,1
H1W06719,0042500402,NYK-SAS,2,423,3,1,false,true,2,True,-1,1
H1W06720,0042500402,NYK-SAS,2,409,5,-2,false,true,0,True,-1,2
H1W06721,0042500402,NYK-SAS,2,384,5,0,false,true,0,True,-3,1
H1W06722,0042500402,NYK-SAS,2,371,5,-3,false,true,-3,True,-2,1
H1W06723,0042500402,NYK-SAS,2,360,5,-1,false,true,-3,True,-5,1
H1W06724,0042500402,NYK-SAS,2,352,5,-1,false,true,-3,True,-5,2
H1W06725,0042500402,NYK-SAS,2,346,5,2,true,false,-1,True,-7,1
H1W06726,0042500402,NYK-SAS,2,340,5,0,true,false,-3,True,-3,1
H1W06727,0042500402,NYK-SAS,2,337,2,0,true,false,1,True,-2,1
H1W06728,0042500402,NYK-SAS,2,321,2,-3,true,false,-2,True,-2,1
H1W06729,0042500402,NYK-SAS,2,132,1,0,false,false,0,True,-5,-1
H1W06730,0042500402,NYK-SAS,2,114,1,2,false,false,0,False,,-2
H1W06731,0042500402,NYK-SAS,2,103,1,-2,false,false,-2,False,,-2
H1W06732,0042500402,NYK-SAS,2,80,1,0,false,false,-2,False,,-3
H1W06733,0042500402,NYK-SAS,3,617,-7,-3,false,false,-3,True,-3,1
H1W06734,0042500402,NYK-SAS,3,605,-7,-1,false,false,-3,True,-3,-1
H1W06735,0042500402,NYK-SAS,3,599,-7,-1,false,false,-3,True,-1,0
H1W06736,0042500402,NYK-SAS,3,579,-7,-1,false,false,0,True,-4,0
H1W06737,0042500402,NYK-SAS,3,565,-7,-3,false,false,-3,True,-2,0
H1W06738,0042500402,NYK-SAS,3,561,-10,0,false,false,0,True,-1,-1
H1W06739,0042500402,NYK-SAS,3,551,-10,-3,false,false,0,True,0,1
H1W06740,0042500402,NYK-SAS,3,539,-10,-3,false,false,2,True,0,0
H1W06741,0042500402,NYK-SAS,3,489,-10,-3,false,true,-1,True,5,1
H1W06742,0042500402,NYK-SAS,3,466,-10,0,false,true,0,True,5,0
H1W06743,0042500402,NYK-SAS,3,450,-8,0,false,true,-2,True,3,1
H1W06744,0042500402,NYK-SAS,3,427,-11,2,true,false,3,True,4,1
H1W06745,0042500402,NYK-SAS,3,408,-9,-4,true,false,1,True,2,1
H1W06746,0042500402,NYK-SAS,3,389,-11,1,true,false,6,True,4,1
H1W06747,0042500402,NYK-SAS,3,374,-10,-1,true,false,5,True,6,1
H1W06748,0042500402,NYK-SAS,3,361,-10,0,true,false,5,True,4,0
H1W06749,0042500402,NYK-SAS,3,186,-4,3,true,false,-3,True,-5,0
H1W06750,0042500402,NYK-SAS,3,164,-4,3,true,false,-5,False,,0
H1W06751,0042500402,NYK-SAS,3,146,-6,3,true,false,-3,False,,0
H1W06752,0042500402,NYK-SAS,3,121,-6,-2,true,false,-5,False,,0
H1W06753,0042500402,NYK-SAS,3,110,-8,0,true,false,-1,False,,0
H1W06754,0042500402,NYK-SAS,3,95,-7,-4,true,false,-2,False,,0
H1W06755,0042500402,NYK-SAS,4,588,-7,2,true,false,2,True,-2,-1
H1W06756,0042500402,NYK-SAS,4,586,-7,2,true,false,-1,True,-2,0
H1W06757,0042500402,NYK-SAS,4,556,-7,5,true,false,0,True,-5,0
H1W06758,0042500402,NYK-SAS,4,551,-5,2,true,false,-2,True,-7,0
H1W06759,0042500402,NYK-SAS,4,529,-5,4,true,false,-2,True,-9,-1
H1W06760,0042500402,NYK-SAS,4,518,-5,2,true,false,-4,True,-7,-1
H1W06761,0042500402,NYK-SAS,4,499,-8,2,true,false,-1,True,-4,-1
H1W06762,0042500402,NYK-SAS,4,484,-7,-1,true,false,-5,True,-2,-1
H1W06763,0042500402,NYK-SAS,4,465,-7,0,true,false,-5,True,-2,-1
H1W06764,0042500402,NYK-SAS,4,452,-7,-2,true,false,-7,True,0,0
H1W06765,0042500402,NYK-SAS,4,446,-9,-2,true,false,-3,True,2,0
H1W06766,0042500402,NYK-SAS,4,416,-9,-4,false,true,-3,True,4,0
H1W06767,0042500402,NYK-SAS,4,288,-7,3,true,false,5,True,6,0
H1W06768,0042500402,NYK-SAS,4,272,-7,7,true,false,5,True,4,-1
H1W06769,0042500402,NYK-SAS,4,257,-5,5,true,false,3,True,2,-1
H1W06770,0042500402,NYK-SAS,4,239,-5,7,true,false,5,True,2,-1
H1W06771,0042500402,NYK-SAS,4,235,-2,4,true,false,-1,True,1,-1
H1W06772,0042500402,NYK-SAS,4,204,-2,7,true,false,1,True,1,-1
H1W06773,0042500402,NYK-SAS,4,196,-2,5,true,false,-1,True,4,0
H1W06774,0042500402,NYK-SAS,4,189,-2,5,true,false,-1,True,2,0
H1W06775,0042500402,NYK-SAS,4,179,0,3,true,false,-3,True,0,0
H1W06776,0042500402,NYK-SAS,4,157,-3,5,true,false,2,True,3,0
H1W06777,0042500402,NYK-SAS,4,147,-1,-1,true,false,0,True,1,1
H1W06778,0042500402,NYK-SAS,4,116,-3,1,true,false,5,True,2,1
H1W06779,0042500402,NYK-SAS,4,95,-3,-1,false,true,3,True,2,1
H1W06780,0042500402,NYK-SAS,4,87,-3,-1,false,true,3,False,,1
H1W06781,0042500402,NYK-SAS,4,85,-1,-3,false,true,1,False,,1
H1W06782,0042500403,NYK-SAS,1,627,-2,-2,false,true,-4,True,-4,0
H1W06783,0042500403,NYK-SAS,1,614,-4,-2,false,true,0,True,-5,0
H1W06784,0042500403,NYK-SAS,1,600,-4,-4,false,true,0,True,-4,1
H1W06785,0042500403,NYK-SAS,1,588,-7,-4,false,true,3,True,-3,0
H1W06786,0042500403,NYK-SAS,1,572,-4,-7,false,true,-2,True,-3,0
H1W06787,0042500403,NYK-SAS,1,552,-6,-2,false,true,0,True,-4,0
H1W06788,0042500403,NYK-SAS,1,540,-4,-4,false,true,-5,True,-4,0
H1W06789,0042500403,NYK-SAS,1,528,-4,0,false,true,-4,True,-4,-1
H1W06790,0042500403,NYK-SAS,1,521,-4,0,false,true,-6,True,-4,0
H1W06791,0042500403,NYK-SAS,1,481,-9,0,false,true,1,True,-1,0
H1W06792,0042500403,NYK-SAS,1,468,-8,-5,false,true,0,True,0,1
H1W06793,0042500403,NYK-SAS,1,454,-10,-4,false,true,2,True,-1,1
H1W06794,0042500403,NYK-SAS,1,430,-7,-6,false,true,-3,True,-4,1
H1W06795,0042500403,NYK-SAS,1,422,-10,-1,false,true,0,True,-1,1
H1W06796,0042500403,NYK-SAS,1,403,-8,-4,false,true,-2,True,-1,1
H1W06797,0042500403,NYK-SAS,1,385,-8,1,false,true,0,True,-1,0
H1W06798,0042500403,NYK-SAS,1,360,-8,0,false,true,-3,True,1,0
H1W06799,0042500403,NYK-SAS,1,348,-10,2,false,false,-1,True,3,0
H1W06800,0042500403,NYK-SAS,1,329,-10,-3,false,false,-1,True,3,0
H1W06801,0042500403,NYK-SAS,1,319,-10,0,false,false,1,True,1,0
H1W06802,0042500403,NYK-SAS,1,314,-8,-2,false,false,-1,True,-1,0
H1W06803,0042500403,NYK-SAS,1,296,-11,0,false,false,4,True,0,0
H1W06804,0042500403,NYK-SAS,1,258,-11,-3,false,false,4,True,2,0
H1W06805,0042500403,NYK-SAS,1,240,-11,-1,false,false,4,True,0,0
H1W06806,0042500403,NYK-SAS,1,225,-9,-1,false,false,0,True,-2,0
H1W06807,0042500403,NYK-SAS,1,208,-9,1,false,false,0,True,-2,0
H1W06808,0042500403,NYK-SAS,1,204,-7,-1,false,false,-4,True,-2,0
H1W06809,0042500403,NYK-SAS,1,187,-7,4,false,false,-2,True,-5,0
H1W06810,0042500403,NYK-SAS,1,177,-7,4,false,false,-4,True,-4,0
H1W06811,0042500403,NYK-SAS,1,169,-9,4,false,false,-2,True,-2,-1
H1W06812,0042500403,NYK-SAS,1,150,-9,0,false,false,-2,True,-2,-1
H1W06813,0042500403,NYK-SAS,1,100,-11,-4,false,true,0,False,,0
H1W06814,0042500403,NYK-SAS,1,93,-11,-2,false,true,0,False,,0
H1W06815,0042500403,NYK-SAS,2,581,-8,-2,true,false,3,True,6,1
H1W06816,0042500403,NYK-SAS,2,574,-10,4,true,false,8,True,8,1
H1W06817,0042500403,NYK-SAS,2,552,-7,2,true,false,5,True,5,1
H1W06818,0042500403,NYK-SAS,2,533,-7,5,true,false,5,True,5,1
H1W06819,0042500403,NYK-SAS,2,516,-5,2,true,false,1,True,3,1
H1W06820,0042500403,NYK-SAS,2,499,-5,6,true,false,3,True,0,0
H1W06821,0042500403,NYK-SAS,2,493,-2,3,true,false,0,True,-1,0
H1W06822,0042500403,NYK-SAS,2,460,-2,8,true,false,0,True,-3,-1
H1W06823,0042500403,NYK-SAS,2,439,-2,5,true,false,0,True,-1,-1
H1W06824,0042500403,NYK-SAS,2,430,-4,5,true,false,2,True,-1,-2
H1W06825,0042500403,NYK-SAS,2,404,-2,1,true,false,-3,True,0,-2
H1W06826,0042500403,NYK-SAS,2,392,-2,3,true,false,-1,True,0,-2
H1W06827,0042500403,NYK-SAS,2,376,-2,0,true,false,-3,True,3,-1
H1W06828,0042500403,NYK-SAS,2,356,-2,0,true,false,-1,True,0,-1
H1W06829,0042500403,NYK-SAS,2,355,-2,0,false,true,-3,True,0,0
H1W06830,0042500403,NYK-SAS,2,353,-5,2,false,true,3,True,1,0
H1W06831,0042500403,NYK-SAS,2,342,-3,-3,false,true,1,True,-1,0
H1W06832,0042500403,NYK-SAS,2,333,-5,-1,false,true,6,True,1,0
H1W06833,0042500403,NYK-SAS,2,323,-3,-3,false,true,1,True,1,0
H1W06834,0042500403,NYK-SAS,2,310,-5,-1,false,true,3,True,3,0
H1W06835,0042500403,NYK-SAS,2,286,-2,-3,false,true,-2,True,2,0
H1W06836,0042500403,NYK-SAS,2,267,-2,3,false,true,-2,True,0,-1
H1W06837,0042500403,NYK-SAS,2,258,1,1,false,true,-5,True,-1,-1
H1W06838,0042500403,NYK-SAS,2,162,0,0,true,false,2,False,,0
H1W06839,0042500403,NYK-SAS,2,137,-2,4,true,false,7,False,,0
H1W06840,0042500403,NYK-SAS,2,118,0,2,true,false,5,False,,0
H1W06841,0042500403,NYK-SAS,2,95,-1,4,true,false,8,False,,0
H1W06842,0042500403,NYK-SAS,2,75,2,1,true,false,5,False,,0
H1W06843,0042500403,NYK-SAS,3,598,3,-4,false,true,-2,True,-4,-1
H1W06844,0042500403,NYK-SAS,3,590,5,-4,false,true,-4,True,-4,-1
H1W06845,0042500403,NYK-SAS,3,574,3,0,false,true,1,True,-2,-1
H1W06846,0042500403,NYK-SAS,3,549,3,-2,false,true,-1,True,1,0
H1W06847,0042500403,NYK-SAS,3,548,1,2,false,true,1,True,3,0
H1W06848,0042500403,NYK-SAS,3,513,1,-2,false,true,-2,True,3,0
H1W06849,0042500403,NYK-SAS,3,499,1,-2,false,true,0,True,1,0
H1W06850,0042500403,NYK-SAS,3,490,4,-4,false,true,-3,True,-2,0
H1W06851,0042500403,NYK-SAS,3,478,2,1,false,true,2,True,-2,0
H1W06852,0042500403,NYK-SAS,3,452,2,-1,false,true,2,True,-2,0
H1W06853,0042500403,NYK-SAS,3,446,-1,1,false,true,5,True,-2,-1
H1W06854,0042500403,NYK-SAS,3,431,1,-2,false,true,1,True,-2,-1
H1W06855,0042500403,NYK-SAS,3,418,1,0,false,true,1,True,-4,-1
H1W06856,0042500403,NYK-SAS,3,401,4,-3,false,true,-4,True,-5,-1
H1W06857,0042500403,NYK-SAS,3,387,4,2,true,false,-4,True,-6,-1
H1W06858,0042500403,NYK-SAS,3,381,4,2,true,false,-7,True,-5,0
H1W06859,0042500403,NYK-SAS,3,367,2,5,true,false,-3,True,-5,0
H1W06860,0042500403,NYK-SAS,3,348,2,1,false,true,-5,True,-5,0
H1W06861,0042500403,NYK-SAS,3,338,0,1,false,true,-1,True,-3,0
H1W06862,0042500403,NYK-SAS,3,310,0,-4,false,true,-2,True,-3,0
H1W06863,0042500403,NYK-SAS,3,302,-3,-4,false,true,2,True,-2,0
H1W06864,0042500403,NYK-SAS,3,277,-1,-7,false,true,-2,True,-1,0
H1W06865,0042500403,NYK-SAS,3,269,-3,-3,false,true,0,True,-2,0
H1W06866,0042500403,NYK-SAS,3,240,-1,-5,false,true,-2,True,-2,1
H1W06867,0042500403,NYK-SAS,3,217,-2,-1,false,true,-1,True,-1,1
H1W06868,0042500403,NYK-SAS,3,208,-1,-2,false,true,-4,True,1,1
H1W06869,0042500403,NYK-SAS,3,199,-3,2,false,true,1,True,0,1
H1W06870,0042500403,NYK-SAS,4,587,-5,-4,false,true,-2,True,0,0
H1W06871,0042500403,NYK-SAS,4,574,-5,-2,false,true,0,True,-2,0
H1W06872,0042500403,NYK-SAS,4,564,-5,-2,false,true,-2,True,0,0
H1W06873,0042500403,NYK-SAS,4,547,-5,0,false,true,-2,True,-2,0
H1W06874,0042500403,NYK-SAS,4,490,-7,0,false,true,2,True,1,1
H1W06875,0042500403,NYK-SAS,4,473,-7,-2,false,true,0,True,1,1
H1W06876,0042500403,NYK-SAS,4,465,-7,-2,false,true,0,True,1,0
H1W06877,0042500403,NYK-SAS,4,451,-5,-2,false,true,-2,True,-1,0
H1W06878,0042500403,NYK-SAS,4,367,-7,0,false,true,1,True,-1,0
H1W06879,0042500403,NYK-SAS,4,277,-8,-4,false,true,2,True,1,1
H1W06880,0042500403,NYK-SAS,4,265,-8,-2,false,true,2,True,1,1
H1W06881,0042500403,NYK-SAS,4,243,-8,-2,false,true,2,True,2,1
H1W06882,0042500403,NYK-SAS,4,223,-8,-2,false,true,4,True,2,1
H1W06883,0042500403,NYK-SAS,4,220,-6,-2,false,true,-1,True,3,1
H1W06884,0042500403,NYK-SAS,4,201,-6,2,false,true,-1,True,1,0
H1W06885,0042500403,NYK-SAS,4,180,-6,2,false,true,-1,True,4,0
H1W06886,0042500403,NYK-SAS,4,166,-6,2,false,true,0,True,2,0
H1W06887,0042500403,NYK-SAS,4,142,-4,2,true,false,-2,True,0,0
H1W06888,0042500403,NYK-SAS,4,113,-7,4,true,false,4,False,,0
H1W06889,0042500403,NYK-SAS,4,88,-7,-1,true,false,2,False,,0
H1W06890,0042500403,NYK-SAS,4,38,-6,0,true,false,2,False,,0
H1W06891,0042500404,NYK-SAS,1,630,-5,-5,false,true,-3,True,-2,0
H1W06892,0042500404,NYK-SAS,1,623,-5,-3,false,true,-3,True,-2,-1
H1W06893,0042500404,NYK-SAS,1,613,-5,-5,false,true,-5,True,1,-1
H1W06894,0042500404,NYK-SAS,1,604,-5,-2,false,true,-2,True,-1,-1
H1W06895,0042500404,NYK-SAS,1,482,-4,1,true,false,-8,True,-7,0
H1W06896,0042500404,NYK-SAS,1,457,-6,6,true,false,-4,True,-7,0
H1W06897,0042500404,NYK-SAS,1,434,-6,1,true,false,-7,True,-4,0
H1W06898,0042500404,NYK-SAS,1,419,-9,3,false,true,-2,True,-4,0
H1W06899,0042500404,NYK-SAS,1,387,-9,-2,false,true,-2,True,-4,0
H1W06900,0042500404,NYK-SAS,1,381,-12,-2,false,true,1,True,-1,0
H1W06901,0042500404,NYK-SAS,1,365,-10,-8,false,true,-3,True,-3,0
H1W06902,0042500404,NYK-SAS,1,351,-13,-4,false,true,3,True,-2,0
H1W06903,0042500404,NYK-SAS,1,327,-11,-7,false,true,-2,True,-2,0
H1W06904,0042500404,NYK-SAS,1,313,-11,-2,false,true,-2,True,-4,0
H1W06905,0042500404,NYK-SAS,1,298,-11,-2,false,true,-2,True,-4,0
H1W06906,0042500404,NYK-SAS,1,293,-13,1,false,true,0,True,-2,-1
H1W06907,0042500404,NYK-SAS,1,280,-10,-3,false,true,-5,True,-5,-1
H1W06908,0042500404,NYK-SAS,1,197,-15,0,false,true,0,True,-4,0
H1W06909,0042500404,NYK-SAS,1,173,-13,-5,false,true,-4,False,,0
H1W06910,0042500404,NYK-SAS,1,149,-15,0,false,true,-2,False,,-1
H1W06911,0042500404,NYK-SAS,1,122,-14,-2,false,true,-6,False,,-1
H1W06912,0042500404,NYK-SAS,1,97,-15,-2,false,true,-4,False,,-1
H1W06913,0042500404,NYK-SAS,1,62,-15,-2,false,true,-4,False,,-1
H1W06914,0042500404,NYK-SAS,2,438,-25,0,false,true,2,True,3,1
H1W06915,0042500404,NYK-SAS,2,434,-25,0,false,true,4,True,1,1
H1W06916,0042500404,NYK-SAS,2,415,-25,-2,false,true,1,True,1,1
H1W06917,0042500404,NYK-SAS,2,398,-25,0,false,true,1,True,-1,0
H1W06918,0042500404,NYK-SAS,2,395,-23,0,true,false,-1,True,-1,0
H1W06919,0042500404,NYK-SAS,2,374,-23,2,true,false,1,True,-4,0
H1W06920,0042500404,NYK-SAS,2,371,-21,2,true,false,-3,True,-6,0
H1W06921,0042500404,NYK-SAS,2,346,-24,4,true,false,0,True,-5,0
H1W06922,0042500404,NYK-SAS,2,326,-24,1,true,false,-2,True,-4,0
H1W06923,0042500404,NYK-SAS,2,318,-24,1,true,false,0,True,-4,0
H1W06924,0042500404,NYK-SAS,2,309,-22,-1,true,false,-5,True,-3,0
H1W06925,0042500404,NYK-SAS,2,299,-24,1,true,false,-3,True,-1,0
H1W06926,0042500404,NYK-SAS,2,271,-24,-3,true,false,-5,True,-1,0
H1W06927,0042500404,NYK-SAS,2,259,-26,0,true,false,-2,True,1,0
H1W06928,0042500404,NYK-SAS,2,246,-24,-2,true,false,-4,True,0,0
H1W06929,0042500404,NYK-SAS,2,227,-27,0,true,false,2,True,1,0
H1W06930,0042500404,NYK-SAS,2,192,-27,-5,false,false,2,True,3,0
H1W06931,0042500404,NYK-SAS,2,186,-29,-3,false,false,4,True,2,-1
H1W06932,0042500404,NYK-SAS,2,120,-25,2,true,false,1,True,-2,0
H1W06933,0042500404,NYK-SAS,2,112,-25,2,true,false,-2,False,,1
H1W06934,0042500404,NYK-SAS,2,110,-25,4,true,false,-2,False,,0
H1W06935,0042500404,NYK-SAS,2,105,-24,3,true,false,-3,False,,0
H1W06936,0042500404,NYK-SAS,2,85,-26,4,true,false,-1,False,,0
H1W06937,0042500404,NYK-SAS,2,76,-24,-1,true,false,-3,False,,0
H1W06938,0042500404,NYK-SAS,3,612,-27,0,false,true,0,True,5,0
H1W06939,0042500404,NYK-SAS,3,609,-27,0,false,true,2,True,5,-1
H1W06940,0042500404,NYK-SAS,3,447,-22,5,true,false,3,True,4,0
H1W06941,0042500404,NYK-SAS,3,434,-22,3,true,false,3,True,4,0
H1W06942,0042500404,NYK-SAS,3,420,-22,3,true,false,6,True,2,0
H1W06943,0042500404,NYK-SAS,3,410,-19,0,true,false,3,True,2,1
H1W06944,0042500404,NYK-SAS,3,396,-19,3,true,false,3,True,0,1
H1W06945,0042500404,NYK-SAS,3,380,-19,3,true,false,1,True,2,1
H1W06946,0042500404,NYK-SAS,3,356,-19,3,true,false,1,True,2,1
H1W06947,0042500404,NYK-SAS,3,331,-16,3,true,false,-4,True,1,1
H1W06948,0042500404,NYK-SAS,3,310,-16,6,true,false,-1,True,1,0
H1W06949,0042500404,NYK-SAS,3,288,-16,3,true,false,-3,True,1,0
H1W06950,0042500404,NYK-SAS,3,275,-18,3,true,false,1,True,0,0
H1W06951,0042500404,NYK-SAS,3,260,-18,1,true,false,1,True,0,0
H1W06952,0042500404,NYK-SAS,3,250,-20,1,true,false,5,True,2,0
H1W06953,0042500404,NYK-SAS,3,163,-15,1,true,false,-3,False,,0
H1W06954,0042500404,NYK-SAS,3,133,-15,5,true,false,0,False,,0
H1W06955,0042500404,NYK-SAS,3,121,-15,2,true,false,0,False,,2
H1W06956,0042500404,NYK-SAS,3,106,-18,4,true,false,3,False,,2
H1W06957,0042500404,NYK-SAS,4,621,-18,-3,false,true,1,True,6,0
H1W06958,0042500404,NYK-SAS,4,609,-18,-3,false,true,3,True,4,0
H1W06959,0042500404,NYK-SAS,4,594,-18,-3,false,true,3,True,7,0
H1W06960,0042500404,NYK-SAS,4,573,-20,-1,false,true,5,True,9,-1
H1W06961,0042500404,NYK-SAS,4,556,-17,-3,false,true,2,True,8,-1
H1W06962,0042500404,NYK-SAS,4,528,-17,1,false,true,5,True,6,-1
H1W06963,0042500404,NYK-SAS,4,524,-15,1,true,false,1,True,6,-1
H1W06964,0042500404,NYK-SAS,4,499,-15,3,true,false,4,True,6,-1
H1W06965,0042500404,NYK-SAS,4,498,-15,3,true,false,4,True,6,1
H1W06966,0042500404,NYK-SAS,4,473,-15,5,true,false,6,True,6,1
H1W06967,0042500404,NYK-SAS,4,407,-11,4,true,false,2,True,4,-1
H1W06968,0042500404,NYK-SAS,4,395,-9,4,true,false,0,True,4,-1
H1W06969,0042500404,NYK-SAS,4,384,-11,6,true,false,4,True,4,-1
H1W06970,0042500404,NYK-SAS,4,369,-9,1,true,false,2,True,5,-1
H1W06971,0042500404,NYK-SAS,4,355,-9,5,true,false,5,True,5,-1
H1W06972,0042500404,NYK-SAS,4,348,-9,2,true,false,2,True,8,0
H1W06973,0042500404,NYK-SAS,4,341,-9,2,true,false,4,True,8,0
H1W06974,0042500404,NYK-SAS,4,274,-4,2,true,false,0,True,5,0
H1W06975,0042500404,NYK-SAS,4,251,-7,5,true,false,6,True,8,0
H1W06976,0042500404,NYK-SAS,4,229,-5,2,true,false,4,True,6,1
H1W06977,0042500404,NYK-SAS,4,211,-7,4,true,false,6,True,6,1
H1W06978,0042500404,NYK-SAS,4,141,-1,0,true,false,2,True,2,2
H1W06979,0042500404,NYK-SAS,4,120,-1,6,true,false,2,False,,1
H1W06980,0042500404,NYK-SAS,4,114,-1,4,true,false,0,False,,1
H1W06981,0042500404,NYK-SAS,4,105,-1,6,true,false,0,False,,1
H1W06982,0042500404,NYK-SAS,4,82,1,3,true,false,-2,False,,1
H1W06983,0042500404,NYK-SAS,4,62,1,5,true,false,0,False,,0
H1W06984,0042500405,NYK-SAS,1,555,-1,-1,false,true,0,True,7,0
H1W06985,0042500405,NYK-SAS,1,535,-1,-1,false,true,2,True,4,0
H1W06986,0042500405,NYK-SAS,1,523,1,-1,false,true,0,True,2,0
H1W06987,0042500405,NYK-SAS,1,498,1,1,true,false,2,True,2,0
H1W06988,0042500405,NYK-SAS,1,490,1,-1,true,false,2,True,4,0
H1W06989,0042500405,NYK-SAS,1,488,-1,2,true,false,7,True,6,0
H1W06990,0042500405,NYK-SAS,1,469,1,0,true,false,2,True,4,0
H1W06991,0042500405,NYK-SAS,1,447,1,2,true,false,2,True,4,0
H1W06992,0042500405,NYK-SAS,1,436,3,0,true,false,0,True,4,0
H1W06993,0042500405,NYK-SAS,1,415,3,2,true,false,2,True,4,0
H1W06994,0042500405,NYK-SAS,1,400,6,2,true,false,-1,True,1,0
H1W06995,0042500405,NYK-SAS,1,380,3,7,true,false,2,True,4,0
H1W06996,0042500405,NYK-SAS,1,365,3,2,true,false,2,True,4,1
H1W06997,0042500405,NYK-SAS,1,340,3,2,true,false,4,True,4,1
H1W06998,0042500405,NYK-SAS,1,283,7,2,true,false,0,True,1,-1
H1W06999,0042500405,NYK-SAS,1,258,7,4,true,false,3,True,1,-1
H1W07000,0042500405,NYK-SAS,1,232,7,2,true,false,3,True,3,-1
H1W07001,0042500405,NYK-SAS,1,225,7,2,true,false,3,True,0,-1
H1W07002,0042500405,NYK-SAS,1,220,7,2,true,false,1,True,0,0
H1W07003,0042500405,NYK-SAS,1,196,7,2,true,false,1,True,0,0
H1W07004,0042500405,NYK-SAS,1,186,10,0,true,false,-2,True,0,0
H1W07005,0042500405,NYK-SAS,1,150,10,3,true,false,0,True,0,0
H1W07006,0042500405,NYK-SAS,1,142,10,3,true,false,-3,False,,0
H1W07007,0042500405,NYK-SAS,1,134,8,3,true,false,-1,False,,0
H1W07008,0042500405,NYK-SAS,1,109,8,1,true,false,-1,False,,1
H1W07009,0042500405,NYK-SAS,1,97,8,1,true,false,2,False,,1
H1W07010,0042500405,NYK-SAS,1,84,10,-2,false,false,0,False,,1
H1W07011,0042500405,NYK-SAS,2,602,13,3,false,false,0,True,0,-1
H1W07012,0042500405,NYK-SAS,2,592,13,3,false,false,0,True,0,1
H1W07013,0042500405,NYK-SAS,2,572,13,3,false,false,3,True,0,1
H1W07014,0042500405,NYK-SAS,2,569,15,0,false,false,1,True,-2,2
H1W07015,0042500405,NYK-SAS,2,544,13,2,false,false,3,True,0,1
H1W07016,0042500405,NYK-SAS,2,516,13,0,false,false,0,True,2,1
H1W07017,0042500405,NYK-SAS,2,499,16,3,true,false,-3,True,-7,-1
H1W07018,0042500405,NYK-SAS,2,484,16,1,true,false,-3,True,-7,0
H1W07019,0042500405,NYK-SAS,2,464,13,3,true,false,2,True,-4,0
H1W07020,0042500405,NYK-SAS,2,444,13,0,true,false,-1,True,-2,0
H1W07021,0042500405,NYK-SAS,2,434,13,0,true,false,-1,True,-4,-1
H1W07022,0042500405,NYK-SAS,2,422,13,-3,true,false,-4,True,-4,-1
H1W07023,0042500405,NYK-SAS,2,409,13,-3,true,false,-4,True,-6,-1
H1W07024,0042500405,NYK-SAS,2,401,15,-3,true,false,-6,True,-5,-1
H1W07025,0042500405,NYK-SAS,2,381,12,2,true,false,-1,True,-3,-1
H1W07026,0042500405,NYK-SAS,2,364,12,-1,true,false,-3,True,-3,0
H1W07027,0042500405,NYK-SAS,2,328,9,-1,false,true,0,True,-3,0
H1W07028,0042500405,NYK-SAS,2,315,9,-4,false,true,-2,True,-1,0
H1W07029,0042500405,NYK-SAS,2,302,9,-4,false,true,1,True,-1,0
H1W07030,0042500405,NYK-SAS,2,297,11,-6,false,true,-2,True,-3,0
H1W07031,0042500405,NYK-SAS,2,284,9,-1,false,true,0,True,-1,0
H1W07032,0042500405,NYK-SAS,2,195,9,1,false,true,-1,True,-6,0
H1W07033,0042500405,NYK-SAS,2,180,9,-2,false,true,-1,True,-6,0
H1W07034,0042500405,NYK-SAS,2,165,6,0,false,true,2,True,-3,0
H1W07035,0042500405,NYK-SAS,2,154,8,-3,false,true,0,True,-3,0
H1W07036,0042500405,NYK-SAS,2,141,8,1,false,true,0,False,,-1
H1W07037,0042500405,NYK-SAS,2,128,8,-2,false,true,-5,False,,-1
H1W07038,0042500405,NYK-SAS,2,114,8,-1,false,true,-5,False,,-1
H1W07039,0042500405,NYK-SAS,3,418,7,-5,false,true,0,True,5,0
H1W07040,0042500405,NYK-SAS,3,404,7,-2,false,true,2,True,5,0
H1W07041,0042500405,NYK-SAS,3,399,7,-2,false,true,-1,True,6,0
H1W07042,0042500405,NYK-SAS,3,393,5,0,false,true,4,True,8,0
H1W07043,0042500405,NYK-SAS,3,377,7,-4,false,true,2,True,8,0
H1W07044,0042500405,NYK-SAS,3,348,7,0,false,true,5,True,6,0
H1W07045,0042500405,NYK-SAS,3,339,9,0,false,true,3,True,5,0
H1W07046,0042500405,NYK-SAS,3,329,6,2,false,true,7,True,8,0
H1W07047,0042500405,NYK-SAS,3,319,9,-1,false,true,4,True,6,0
H1W07048,0042500405,NYK-SAS,3,284,9,4,false,true,6,True,3,0
H1W07049,0042500405,NYK-SAS,3,271,12,2,true,false,1,True,0,0
H1W07050,0042500405,NYK-SAS,3,221,12,5,true,false,2,True,-3,0
H1W07051,0042500405,NYK-SAS,3,215,13,3,true,false,1,True,-2,0
H1W07052,0042500405,NYK-SAS,3,199,13,7,true,false,2,True,-2,0
H1W07053,0042500405,NYK-SAS,3,191,15,4,true,false,-3,True,-4,0
H1W07054,0042500405,NYK-SAS,3,179,13,6,true,false,-1,True,-4,0
H1W07055,0042500405,NYK-SAS,3,162,14,1,true,false,-5,True,-5,0
H1W07056,0042500405,NYK-SAS,3,151,14,2,true,false,-3,True,-7,0
H1W07057,0042500405,NYK-SAS,3,145,15,1,true,false,-4,False,,0
H1W07058,0042500405,NYK-SAS,3,124,12,2,true,false,-1,False,,0
H1W07059,0042500405,NYK-SAS,3,102,12,-3,true,false,-3,False,,0
H1W07060,0042500405,NYK-SAS,3,86,9,-1,true,false,0,False,,0
H1W07061,0042500405,NYK-SAS,3,76,11,-5,true,false,-4,False,,0
H1W07062,0042500405,NYK-SAS,4,583,9,2,true,false,-1,True,-1,0
H1W07063,0042500405,NYK-SAS,4,568,6,2,true,false,4,True,0,0
H1W07064,0042500405,NYK-SAS,4,531,10,0,true,false,-2,True,-6,-1
H1W07065,0042500405,NYK-SAS,4,511,8,1,true,false,0,True,-4,-1
H1W07066,0042500405,NYK-SAS,4,501,10,-1,true,false,-4,True,-6,-1
H1W07067,0042500405,NYK-SAS,4,478,10,4,true,false,-4,True,-8,-1
H1W07068,0042500405,NYK-SAS,4,467,10,1,true,false,-6,True,-8,0
H1W07069,0042500405,NYK-SAS,4,463,8,1,true,false,-4,True,-8,-1
H1W07070,0042500405,NYK-SAS,4,441,8,-2,false,true,-4,True,-6,-1
H1W07071,0042500405,NYK-SAS,4,434,6,0,false,true,-2,True,-7,-1
H1W07072,0042500405,NYK-SAS,4,410,6,-4,false,true,-4,True,-7,-1
H1W07073,0042500405,NYK-SAS,4,388,4,-4,false,true,-2,True,-5,-1
H1W07074,0042500405,NYK-SAS,4,366,4,-6,false,true,-4,True,-5,0
H1W07075,0042500405,NYK-SAS,4,345,4,-4,false,true,-2,True,-5,0
H1W07076,0042500405,NYK-SAS,4,322,4,-4,false,true,-5,True,-5,0
H1W07077,0042500405,NYK-SAS,4,318,2,-2,false,true,-3,True,-5,0
H1W07078,0042500405,NYK-SAS,4,292,2,-4,false,true,-3,True,-4,1
H1W07079,0042500405,NYK-SAS,4,288,0,-2,false,true,-1,True,-2,1
H1W07080,0042500405,NYK-SAS,4,254,2,-4,false,true,-3,True,-2,1
H1W07081,0042500405,NYK-SAS,4,220,-1,-2,false,true,0,True,-1,1
H1W07082,0042500405,NYK-SAS,4,200,-1,-5,false,true,-2,True,-1,1
H1W07083,0042500405,NYK-SAS,4,195,-1,-3,false,true,-1,True,-1,0
H1W07084,0042500405,NYK-SAS,4,176,-1,-3,false,true,-1,True,-1,0
H1W07085,0042500405,NYK-SAS,4,155,-1,-1,false,true,1,True,-3,0
H1W07086,0042500405,NYK-SAS,4,138,-1,-3,false,true,-1,True,-1,0
H1W07087,0042500405,NYK-SAS,4,127,-3,0,false,true,1,True,0,0
H1W07088,0042500405,NYK-SAS,4,113,-2,-2,false,true,0,True,-1,0
H1W07089,0042500405,NYK-SAS,4,89,-2,-1,false,true,0,True,-2,0
H1W07090,0042500405,NYK-SAS,4,76,0,-1,false,true,-4,True,-4,0
H1W07091,0042500405,NYK-SAS,4,65,-2,1,false,false,0,False,,0
H1W07092,0042500405,NYK-SAS,4,20,-4,0,false,true,0,False,,0
